surface,molecule,functional,E_ads_DFT,E_ads_ML,delta_eV,source_commit
Ag100,CH3,pbe,-1.857,-1.61,+0.243,11b026e8de754c84d5b784e3036e0063b5e3c391
Ag100,CH3,pbe_d3,-2.087,-1.61,+0.474,11b026e8de754c84d5b784e3036e0063b5e3c391
Ag100,CH3,r2scan,-2.24,-1.61,+0.62,11b026e8de754c84d5b784e3036e0063b5e3c391
Ag100,CO,pbe,-0.976,-0.50,+0.471,11b026e8de754c84d5b784e3036e0063b5e3c391
Ag100,CO,pbe_d3,-1.184,-0.50,+0.679,11b026e8de754c84d5b784e3036e0063b5e3c391
Ag100,CO,r2scan,-1.473,-0.50,+0.968,11b026e8de754c84d5b784e3036e0063b5e3c391
Ag100,CO2,pbe,-1.18,-0.36,+0.82,11b026e8de754c84d5b784e3036e0063b5e3c391
Ag100,CO2,r2scan,-2.17,-0.36,+1.80,11b026e8de754c84d5b784e3036e0063b5e3c391
Ag100,DME,r2scan,-1.33,-0.24,+1.09,11b026e8de754c84d5b784e3036e0063b5e3c391
Ag100,H2,pbe,-0.62,-0.25,+0.36,11b026e8de754c84d5b784e3036e0063b5e3c391
Ag100,H2,pbe_d3,-0.70,-0.25,+0.45,11b026e8de754c84d5b784e3036e0063b5e3c391
Ag100,H2,r2scan,-1.10,-0.25,+0.84,11b026e8de754c84d5b784e3036e0063b5e3c391
Ag100,H2O,pbe,-0.814,-0.50,+0.311,11b026e8de754c84d5b784e3036e0063b5e3c391
Ag100,H2O,pbe_d3,-1.000,-0.50,+0.496,11b026e8de754c84d5b784e3036e0063b5e3c391
Ag100,H2O,r2scan,-1.377,-0.50,+0.873,11b026e8de754c84d5b784e3036e0063b5e3c391
Ag100,H2S,pbe,-0.843,-0.44,+0.406,11b026e8de754c84d5b784e3036e0063b5e3c391
Ag100,H2S,pbe_d3,-1.173,-0.44,+0.736,11b026e8de754c84d5b784e3036e0063b5e3c391
Ag100,N2,pbe,-0.64,-0.05,+0.59,11b026e8de754c84d5b784e3036e0063b5e3c391
Ag100,N2,pbe_d3,-0.71,-0.05,+0.66,11b026e8de754c84d5b784e3036e0063b5e3c391
Ag100,N2,r2scan,-1.113,-0.05,+1.062,11b026e8de754c84d5b784e3036e0063b5e3c391
Ag100,NH3,pbe,-1.05,-0.73,+0.32,11b026e8de754c84d5b784e3036e0063b5e3c391
Ag100,NH3,pbe_d3,-1.275,-0.73,+0.548,11b026e8de754c84d5b784e3036e0063b5e3c391
Ag100,NH3,r2scan,-1.610,-0.73,+0.883,11b026e8de754c84d5b784e3036e0063b5e3c391
Ag100,NO,pbe,-1.59,-0.67,+0.92,11b026e8de754c84d5b784e3036e0063b5e3c391
Ag100,NO,pbe_d3,-1.839,-0.67,+1.171,11b026e8de754c84d5b784e3036e0063b5e3c391
Ag100,NO,r2scan,-2.54,-0.67,+1.87,11b026e8de754c84d5b784e3036e0063b5e3c391
Ag100,O2,pbe,-1.68,-0.72,+0.96,11b026e8de754c84d5b784e3036e0063b5e3c391
Ag100,SO2,pbe,-1.324,-0.54,+0.780,11b026e8de754c84d5b784e3036e0063b5e3c391
Ag100,SO2,pbe_d3,-1.834,-0.54,+1.290,11b026e8de754c84d5b784e3036e0063b5e3c391
Ag100,acetaldehyde,pbe,-0.719,-0.50,+0.220,11b026e8de754c84d5b784e3036e0063b5e3c391
Ag100,acetaldehyde,pbe_d3,-1.031,-0.50,+0.532,11b026e8de754c84d5b784e3036e0063b5e3c391
Ag100,acetaldehyde,r2scan,-1.32,-0.50,+0.82,11b026e8de754c84d5b784e3036e0063b5e3c391
Ag100,acetic_acid,r2scan,-1.464,-0.58,+0.886,11b026e8de754c84d5b784e3036e0063b5e3c391
Ag100,ethane,pbe,-1.18,-0.29,+0.89,11b026e8de754c84d5b784e3036e0063b5e3c391
Ag100,ethane,pbe_d3,-1.48,-0.29,+1.18,11b026e8de754c84d5b784e3036e0063b5e3c391
Ag100,ethane,r2scan,-2.15,-0.29,+1.86,11b026e8de754c84d5b784e3036e0063b5e3c391
Ag100,ethanol,pbe,-1.31,-0.44,+0.88,11b026e8de754c84d5b784e3036e0063b5e3c391
Ag100,ethanol,pbe_d3,-1.66,-0.44,+1.23,11b026e8de754c84d5b784e3036e0063b5e3c391
Ag100,ethanol,r2scan,-2.25,-0.44,+1.81,11b026e8de754c84d5b784e3036e0063b5e3c391
Ag100,ethene,pbe,-0.682,-0.21,+0.475,11b026e8de754c84d5b784e3036e0063b5e3c391
Ag100,ethene,pbe_d3,-1.059,-0.21,+0.852,11b026e8de754c84d5b784e3036e0063b5e3c391
Ag100,ethene,r2scan,-1.27,-0.21,+1.07,11b026e8de754c84d5b784e3036e0063b5e3c391
Ag100,formaldehyde,pbe,-0.719,-0.32,+0.398,11b026e8de754c84d5b784e3036e0063b5e3c391
Ag100,formaldehyde,pbe_d3,-0.932,-0.32,+0.611,11b026e8de754c84d5b784e3036e0063b5e3c391
Ag100,formate,pbe,-3.62,-2.21,+1.41,11b026e8de754c84d5b784e3036e0063b5e3c391
Ag100,formate,pbe_d3,-3.97,-2.21,+1.76,11b026e8de754c84d5b784e3036e0063b5e3c391
Ag100,formate,r2scan,-4.78,-2.21,+2.57,11b026e8de754c84d5b784e3036e0063b5e3c391
Ag100,formic_acid,pbe,-0.833,-0.40,+0.431,11b026e8de754c84d5b784e3036e0063b5e3c391
Ag100,formic_acid,pbe_d3,-1.145,-0.40,+0.743,11b026e8de754c84d5b784e3036e0063b5e3c391
Ag100,formic_acid,r2scan,-1.43,-0.40,+1.03,11b026e8de754c84d5b784e3036e0063b5e3c391
Ag100,glycerol,pbe,-1.35,-0.68,+0.67,11b026e8de754c84d5b784e3036e0063b5e3c391
Ag100,glycerol,pbe_d3,-1.94,-0.68,+1.26,11b026e8de754c84d5b784e3036e0063b5e3c391
Ag100,glycerol,r2scan,-2.55,-0.68,+1.87,11b026e8de754c84d5b784e3036e0063b5e3c391
Ag100,isopropanol,pbe,-1.32,-0.49,+0.83,11b026e8de754c84d5b784e3036e0063b5e3c391
Ag100,isopropanol,pbe_d3,-1.76,-0.49,+1.27,11b026e8de754c84d5b784e3036e0063b5e3c391
Ag100,isopropanol,r2scan,-2.41,-0.49,+1.93,11b026e8de754c84d5b784e3036e0063b5e3c391
Ag100,methane,pbe,-0.636,-0.42,+0.218,11b026e8de754c84d5b784e3036e0063b5e3c391
Ag100,methane,pbe_d3,-0.801,-0.42,+0.383,11b026e8de754c84d5b784e3036e0063b5e3c391
Ag100,methane,r2scan,-1.149,-0.42,+0.731,11b026e8de754c84d5b784e3036e0063b5e3c391
Ag100,methanol,pbe,-0.789,-0.40,+0.388,11b026e8de754c84d5b784e3036e0063b5e3c391
Ag100,methanol,pbe_d3,-1.076,-0.40,+0.675,11b026e8de754c84d5b784e3036e0063b5e3c391
Ag100,methanol,r2scan,-1.38,-0.40,+0.97,11b026e8de754c84d5b784e3036e0063b5e3c391
Ag100,propane,pbe,-1.18,-0.31,+0.87,11b026e8de754c84d5b784e3036e0063b5e3c391
Ag100,propane,pbe_d3,-1.58,-0.31,+1.27,11b026e8de754c84d5b784e3036e0063b5e3c391
Ag100,propane,r2scan,-2.22,-0.31,+1.91,11b026e8de754c84d5b784e3036e0063b5e3c391
Ag100,propanol,pbe,-1.33,-0.47,+0.86,11b026e8de754c84d5b784e3036e0063b5e3c391
Ag100,propanol,pbe_d3,-1.70,-0.47,+1.23,11b026e8de754c84d5b784e3036e0063b5e3c391
Ag100,propanol,r2scan,-2.39,-0.47,+1.92,11b026e8de754c84d5b784e3036e0063b5e3c391
Ag100,propene,pbe,-1.23,-0.21,+1.02,11b026e8de754c84d5b784e3036e0063b5e3c391
Ag100,propene,pbe_d3,-1.77,-0.21,+1.56,11b026e8de754c84d5b784e3036e0063b5e3c391
Ag100,propene,r2scan,-2.27,-0.21,+2.06,11b026e8de754c84d5b784e3036e0063b5e3c391
Ag110,CH3,pbe,-1.595,-1.77,-0.180,11b026e8de754c84d5b784e3036e0063b5e3c391
Ag110,CH3,pbe_d3,-1.792,-1.77,+0.018,11b026e8de754c84d5b784e3036e0063b5e3c391
Ag110,CH3,r2scan,-1.861,-1.77,+0.086,11b026e8de754c84d5b784e3036e0063b5e3c391
Ag110,CO,pbe,-0.755,-0.57,+0.187,11b026e8de754c84d5b784e3036e0063b5e3c391
Ag110,CO,pbe_d3,-0.944,-0.57,+0.376,11b026e8de754c84d5b784e3036e0063b5e3c391
Ag110,CO,r2scan,-1.143,-0.57,+0.576,11b026e8de754c84d5b784e3036e0063b5e3c391
Ag110,CO2,pbe,-0.424,-0.39,+0.032,11b026e8de754c84d5b784e3036e0063b5e3c391
Ag110,CO2,r2scan,-0.802,-0.39,+0.409,11b026e8de754c84d5b784e3036e0063b5e3c391
Ag110,DME,r2scan,-1.018,-0.31,+0.708,11b026e8de754c84d5b784e3036e0063b5e3c391
Ag110,H2,pbe,-0.36,-0.27,+0.10,11b026e8de754c84d5b784e3036e0063b5e3c391
Ag110,H2,pbe_d3,-0.43,-0.27,+0.16,11b026e8de754c84d5b784e3036e0063b5e3c391
Ag110,H2,r2scan,-0.69,-0.27,+0.42,11b026e8de754c84d5b784e3036e0063b5e3c391
Ag110,H2O,pbe,-0.649,-0.58,+0.065,11b026e8de754c84d5b784e3036e0063b5e3c391
Ag110,H2O,pbe_d3,-0.832,-0.58,+0.248,11b026e8de754c84d5b784e3036e0063b5e3c391
Ag110,H2O,r2scan,-1.070,-0.58,+0.486,11b026e8de754c84d5b784e3036e0063b5e3c391
Ag110,H2S,pbe,-0.629,-0.50,+0.125,11b026e8de754c84d5b784e3036e0063b5e3c391
Ag110,H2S,pbe_d3,-0.963,-0.50,+0.460,11b026e8de754c84d5b784e3036e0063b5e3c391
Ag110,H2S,r2scan,-1.052,-0.50,+0.549,11b026e8de754c84d5b784e3036e0063b5e3c391
Ag110,N2,pbe,-0.396,-0.05,+0.344,11b026e8de754c84d5b784e3036e0063b5e3c391
Ag110,N2,pbe_d3,-0.455,-0.05,+0.404,11b026e8de754c84d5b784e3036e0063b5e3c391
Ag110,N2,r2scan,-0.704,-0.05,+0.652,11b026e8de754c84d5b784e3036e0063b5e3c391
Ag110,NH3,pbe,-0.831,-0.81,+0.023,11b026e8de754c84d5b784e3036e0063b5e3c391
Ag110,NH3,pbe_d3,-1.015,-0.81,+0.208,11b026e8de754c84d5b784e3036e0063b5e3c391
Ag110,NH3,r2scan,-1.240,-0.81,+0.432,11b026e8de754c84d5b784e3036e0063b5e3c391
Ag110,NO,pbe,-1.344,-0.81,+0.530,11b026e8de754c84d5b784e3036e0063b5e3c391
Ag110,NO,pbe_d3,-1.506,-0.81,+0.693,11b026e8de754c84d5b784e3036e0063b5e3c391
Ag110,NO,r2scan,-2.09,-0.81,+1.28,11b026e8de754c84d5b784e3036e0063b5e3c391
Ag110,O2,pbe,-0.97,-0.65,+0.33,11b026e8de754c84d5b784e3036e0063b5e3c391
Ag110,SO2,pbe,-0.948,-0.68,+0.267,11b026e8de754c84d5b784e3036e0063b5e3c391
Ag110,SO2,pbe_d3,-1.459,-0.68,+0.778,11b026e8de754c84d5b784e3036e0063b5e3c391
Ag110,acetaldehyde,pbe,-0.511,-0.59,-0.077,11b026e8de754c84d5b784e3036e0063b5e3c391
Ag110,acetaldehyde,pbe_d3,-0.785,-0.59,+0.197,11b026e8de754c84d5b784e3036e0063b5e3c391
Ag110,acetaldehyde,r2scan,-0.956,-0.59,+0.368,11b026e8de754c84d5b784e3036e0063b5e3c391
Ag110,acetic_acid,r2scan,-1.126,-0.68,+0.451,11b026e8de754c84d5b784e3036e0063b5e3c391
Ag110,ethane,pbe,-0.414,-0.38,+0.034,11b026e8de754c84d5b784e3036e0063b5e3c391
Ag110,ethane,pbe_d3,-0.603,-0.38,+0.223,11b026e8de754c84d5b784e3036e0063b5e3c391
Ag110,ethane,r2scan,-0.76,-0.38,+0.38,11b026e8de754c84d5b784e3036e0063b5e3c391
Ag110,ethanol,pbe,-1.30,-0.55,+0.75,11b026e8de754c84d5b784e3036e0063b5e3c391
Ag110,ethanol,pbe_d3,-1.67,-0.55,+1.12,11b026e8de754c84d5b784e3036e0063b5e3c391
Ag110,ethanol,r2scan,-2.19,-0.55,+1.64,11b026e8de754c84d5b784e3036e0063b5e3c391
Ag110,ethene,pbe,-0.595,-0.41,+0.186,11b026e8de754c84d5b784e3036e0063b5e3c391
Ag110,ethene,pbe_d3,-0.916,-0.41,+0.507,11b026e8de754c84d5b784e3036e0063b5e3c391
Ag110,ethene,r2scan,-1.05,-0.41,+0.64,11b026e8de754c84d5b784e3036e0063b5e3c391
Ag110,formaldehyde,pbe,-0.534,-0.41,+0.126,11b026e8de754c84d5b784e3036e0063b5e3c391
Ag110,formaldehyde,pbe_d3,-0.759,-0.41,+0.351,11b026e8de754c84d5b784e3036e0063b5e3c391
Ag110,formaldehyde,r2scan,-0.974,-0.41,+0.566,11b026e8de754c84d5b784e3036e0063b5e3c391
Ag110,formate,pbe,-3.31,-2.33,+0.99,11b026e8de754c84d5b784e3036e0063b5e3c391
Ag110,formate,pbe_d3,-3.65,-2.33,+1.32,11b026e8de754c84d5b784e3036e0063b5e3c391
Ag110,formate,r2scan,-4.37,-2.33,+2.04,11b026e8de754c84d5b784e3036e0063b5e3c391
Ag110,formic_acid,pbe,-0.629,-0.48,+0.146,11b026e8de754c84d5b784e3036e0063b5e3c391
Ag110,formic_acid,pbe_d3,-0.932,-0.48,+0.448,11b026e8de754c84d5b784e3036e0063b5e3c391
Ag110,formic_acid,r2scan,-1.105,-0.48,+0.621,11b026e8de754c84d5b784e3036e0063b5e3c391
Ag110,glycerol,pbe,-1.41,-0.96,+0.44,11b026e8de754c84d5b784e3036e0063b5e3c391
Ag110,glycerol,pbe_d3,-1.94,-0.96,+0.97,11b026e8de754c84d5b784e3036e0063b5e3c391
Ag110,glycerol,r2scan,-2.54,-0.96,+1.57,11b026e8de754c84d5b784e3036e0063b5e3c391
Ag110,isopropanol,pbe,-1.31,-0.59,+0.72,11b026e8de754c84d5b784e3036e0063b5e3c391
Ag110,isopropanol,pbe_d3,-1.74,-0.59,+1.16,11b026e8de754c84d5b784e3036e0063b5e3c391
Ag110,isopropanol,r2scan,-2.30,-0.59,+1.71,11b026e8de754c84d5b784e3036e0063b5e3c391
Ag110,methane,pbe,-0.393,-0.46,-0.067,11b026e8de754c84d5b784e3036e0063b5e3c391
Ag110,methane,pbe_d3,-0.539,-0.46,+0.079,11b026e8de754c84d5b784e3036e0063b5e3c391
Ag110,methane,r2scan,-0.746,-0.46,+0.286,11b026e8de754c84d5b784e3036e0063b5e3c391
Ag110,methanol,pbe,-0.625,-0.48,+0.148,11b026e8de754c84d5b784e3036e0063b5e3c391
Ag110,methanol,pbe_d3,-0.872,-0.48,+0.395,11b026e8de754c84d5b784e3036e0063b5e3c391
Ag110,methanol,r2scan,-1.068,-0.48,+0.591,11b026e8de754c84d5b784e3036e0063b5e3c391
Ag110,propane,pbe,-1.07,-0.38,+0.69,11b026e8de754c84d5b784e3036e0063b5e3c391
Ag110,propane,pbe_d3,-1.47,-0.38,+1.08,11b026e8de754c84d5b784e3036e0063b5e3c391
Ag110,propane,r2scan,-2.01,-0.38,+1.63,11b026e8de754c84d5b784e3036e0063b5e3c391
Ag110,propanol,pbe,-1.32,-0.54,+0.77,11b026e8de754c84d5b784e3036e0063b5e3c391
Ag110,propanol,pbe_d3,-1.73,-0.54,+1.19,11b026e8de754c84d5b784e3036e0063b5e3c391
Ag110,propanol,r2scan,-2.30,-0.54,+1.75,11b026e8de754c84d5b784e3036e0063b5e3c391
Ag110,propene,pbe,-1.27,-0.34,+0.93,11b026e8de754c84d5b784e3036e0063b5e3c391
Ag110,propene,pbe_d3,-1.72,-0.34,+1.38,11b026e8de754c84d5b784e3036e0063b5e3c391
Ag110,propene,r2scan,-2.28,-0.34,+1.94,11b026e8de754c84d5b784e3036e0063b5e3c391
Ag111,CH3,pbe,-1.48,-1.53,-0.06,11b026e8de754c84d5b784e3036e0063b5e3c391
Ag111,CH3,pbe_d3,-1.73,-1.53,+0.19,11b026e8de754c84d5b784e3036e0063b5e3c391
Ag111,CH3,r2scan,-1.92,-1.53,+0.38,11b026e8de754c84d5b784e3036e0063b5e3c391
Ag111,CO,pbe,-0.59,-0.43,+0.16,11b026e8de754c84d5b784e3036e0063b5e3c391
Ag111,CO,pbe_d3,-0.83,-0.43,+0.40,11b026e8de754c84d5b784e3036e0063b5e3c391
Ag111,CO,r2scan,-1.31,-0.43,+0.88,11b026e8de754c84d5b784e3036e0063b5e3c391
Ag111,CO2,pbe,-1.235,-0.36,+0.878,11b026e8de754c84d5b784e3036e0063b5e3c391
Ag111,CO2,r2scan,-2.17,-0.36,+1.82,11b026e8de754c84d5b784e3036e0063b5e3c391
Ag111,DME,r2scan,-1.32,-0.20,+1.11,11b026e8de754c84d5b784e3036e0063b5e3c391
Ag111,H2,pbe,-0.68,-0.23,+0.45,11b026e8de754c84d5b784e3036e0063b5e3c391
Ag111,H2,pbe_d3,-0.78,-0.23,+0.55,11b026e8de754c84d5b784e3036e0063b5e3c391
Ag111,H2,r2scan,-1.21,-0.23,+0.99,11b026e8de754c84d5b784e3036e0063b5e3c391
Ag111,H2O,pbe,-0.80,-0.45,+0.35,11b026e8de754c84d5b784e3036e0063b5e3c391
Ag111,H2O,pbe_d3,-1.01,-0.45,+0.56,11b026e8de754c84d5b784e3036e0063b5e3c391
Ag111,H2O,r2scan,-1.38,-0.45,+0.94,11b026e8de754c84d5b784e3036e0063b5e3c391
Ag111,H2S,pbe,-0.80,-0.37,+0.43,11b026e8de754c84d5b784e3036e0063b5e3c391
Ag111,H2S,pbe_d3,-1.14,-0.37,+0.78,11b026e8de754c84d5b784e3036e0063b5e3c391
Ag111,N2,pbe,-0.70,-0.05,+0.64,11b026e8de754c84d5b784e3036e0063b5e3c391
Ag111,N2,pbe_d3,-0.78,-0.05,+0.73,11b026e8de754c84d5b784e3036e0063b5e3c391
Ag111,N2,r2scan,-1.24,-0.05,+1.18,11b026e8de754c84d5b784e3036e0063b5e3c391
Ag111,NH3,pbe,-0.97,-0.60,+0.36,11b026e8de754c84d5b784e3036e0063b5e3c391
Ag111,NH3,pbe_d3,-1.23,-0.60,+0.63,11b026e8de754c84d5b784e3036e0063b5e3c391
Ag111,NH3,r2scan,-1.63,-0.60,+1.02,11b026e8de754c84d5b784e3036e0063b5e3c391
Ag111,NO,pbe,-1.24,-0.54,+0.70,11b026e8de754c84d5b784e3036e0063b5e3c391
Ag111,NO,pbe_d3,-1.46,-0.54,+0.92,11b026e8de754c84d5b784e3036e0063b5e3c391
Ag111,NO,r2scan,-2.15,-0.54,+1.61,11b026e8de754c84d5b784e3036e0063b5e3c391
Ag111,O2,pbe,-0.71,-0.09,+0.62,11b026e8de754c84d5b784e3036e0063b5e3c391
Ag111,SO2,pbe,-0.77,-0.28,+0.49,11b026e8de754c84d5b784e3036e0063b5e3c391
Ag111,SO2,pbe_d3,-1.22,-0.28,+0.94,11b026e8de754c84d5b784e3036e0063b5e3c391
Ag111,acetaldehyde,pbe,-0.72,-0.41,+0.30,11b026e8de754c84d5b784e3036e0063b5e3c391
Ag111,acetaldehyde,pbe_d3,-0.98,-0.41,+0.57,11b026e8de754c84d5b784e3036e0063b5e3c391
Ag111,acetaldehyde,r2scan,-1.33,-0.41,+0.92,11b026e8de754c84d5b784e3036e0063b5e3c391
Ag111,acetic_acid,r2scan,-1.48,-0.47,+1.01,11b026e8de754c84d5b784e3036e0063b5e3c391
Ag111,ethane,pbe,-1.221,-0.27,+0.947,11b026e8de754c84d5b784e3036e0063b5e3c391
Ag111,ethane,pbe_d3,-1.478,-0.27,+1.204,11b026e8de754c84d5b784e3036e0063b5e3c391
Ag111,ethane,r2scan,-2.168,-0.27,+1.894,11b026e8de754c84d5b784e3036e0063b5e3c391
Ag111,ethanol,pbe,-1.317,-0.38,+0.941,11b026e8de754c84d5b784e3036e0063b5e3c391
Ag111,ethanol,pbe_d3,-1.654,-0.38,+1.278,11b026e8de754c84d5b784e3036e0063b5e3c391
Ag111,ethanol,r2scan,-2.29,-0.38,+1.91,11b026e8de754c84d5b784e3036e0063b5e3c391
Ag111,ethene,pbe,-0.72,-0.17,+0.55,11b026e8de754c84d5b784e3036e0063b5e3c391
Ag111,ethene,pbe_d3,-1.09,-0.17,+0.92,11b026e8de754c84d5b784e3036e0063b5e3c391
Ag111,ethene,r2scan,-1.31,-0.17,+1.15,11b026e8de754c84d5b784e3036e0063b5e3c391
Ag111,formaldehyde,pbe,-0.72,-0.26,+0.46,11b026e8de754c84d5b784e3036e0063b5e3c391
Ag111,formaldehyde,pbe_d3,-0.90,-0.26,+0.64,11b026e8de754c84d5b784e3036e0063b5e3c391
Ag111,formate,pbe,-3.21,-1.98,+1.23,11b026e8de754c84d5b784e3036e0063b5e3c391
Ag111,formate,pbe_d3,-3.57,-1.98,+1.59,11b026e8de754c84d5b784e3036e0063b5e3c391
Ag111,formate,r2scan,-4.34,-1.98,+2.36,11b026e8de754c84d5b784e3036e0063b5e3c391
Ag111,formic_acid,pbe,-0.81,-0.34,+0.48,11b026e8de754c84d5b784e3036e0063b5e3c391
Ag111,formic_acid,pbe_d3,-1.14,-0.34,+0.80,11b026e8de754c84d5b784e3036e0063b5e3c391
Ag111,formic_acid,r2scan,-1.48,-0.34,+1.15,11b026e8de754c84d5b784e3036e0063b5e3c391
Ag111,glycerol,pbe,-1.40,-0.58,+0.82,11b026e8de754c84d5b784e3036e0063b5e3c391
Ag111,glycerol,pbe_d3,-2.02,-0.58,+1.44,11b026e8de754c84d5b784e3036e0063b5e3c391
Ag111,glycerol,r2scan,-2.46,-0.58,+1.88,11b026e8de754c84d5b784e3036e0063b5e3c391
Ag111,isopropanol,pbe,-1.33,-0.41,+0.92,11b026e8de754c84d5b784e3036e0063b5e3c391
Ag111,isopropanol,pbe_d3,-1.81,-0.41,+1.39,11b026e8de754c84d5b784e3036e0063b5e3c391
Ag111,isopropanol,r2scan,-2.39,-0.41,+1.98,11b026e8de754c84d5b784e3036e0063b5e3c391
Ag111,methane,pbe,-0.70,-0.39,+0.31,11b026e8de754c84d5b784e3036e0063b5e3c391
Ag111,methane,pbe_d3,-0.86,-0.39,+0.47,11b026e8de754c84d5b784e3036e0063b5e3c391
Ag111,methane,r2scan,-1.27,-0.39,+0.87,11b026e8de754c84d5b784e3036e0063b5e3c391
Ag111,methanol,pbe,-0.79,-0.33,+0.46,11b026e8de754c84d5b784e3036e0063b5e3c391
Ag111,methanol,pbe_d3,-1.09,-0.33,+0.76,11b026e8de754c84d5b784e3036e0063b5e3c391
Ag111,methanol,r2scan,-1.39,-0.33,+1.06,11b026e8de754c84d5b784e3036e0063b5e3c391
Ag111,propane,pbe,-1.23,-0.28,+0.95,11b026e8de754c84d5b784e3036e0063b5e3c391
Ag111,propane,pbe_d3,-1.56,-0.28,+1.28,11b026e8de754c84d5b784e3036e0063b5e3c391
Ag111,propane,r2scan,-2.20,-0.28,+1.92,11b026e8de754c84d5b784e3036e0063b5e3c391
Ag111,propanol,pbe,-1.35,-0.39,+0.96,11b026e8de754c84d5b784e3036e0063b5e3c391
Ag111,propanol,pbe_d3,-1.80,-0.39,+1.42,11b026e8de754c84d5b784e3036e0063b5e3c391
Ag111,propanol,r2scan,-2.38,-0.39,+1.99,11b026e8de754c84d5b784e3036e0063b5e3c391
Ag111,propene,pbe,-1.26,-0.18,+1.08,11b026e8de754c84d5b784e3036e0063b5e3c391
Ag111,propene,pbe_d3,-1.73,-0.18,+1.56,11b026e8de754c84d5b784e3036e0063b5e3c391
Ag111,propene,r2scan,-2.23,-0.18,+2.05,11b026e8de754c84d5b784e3036e0063b5e3c391
Au111,CH3,pbe,-1.28,-1.79,-0.51,11b026e8de754c84d5b784e3036e0063b5e3c391
Au111,CH3,pbe_d3,-1.48,-1.79,-0.31,11b026e8de754c84d5b784e3036e0063b5e3c391
Au111,CH3,r2scan,-1.19,-1.79,-0.60,11b026e8de754c84d5b784e3036e0063b5e3c391
Au111,CO,pbe,-0.13,-0.59,-0.46,11b026e8de754c84d5b784e3036e0063b5e3c391
Au111,CO,pbe_d3,-0.29,-0.59,-0.30,11b026e8de754c84d5b784e3036e0063b5e3c391
Au111,CO,r2scan,-0.10,-0.59,-0.49,11b026e8de754c84d5b784e3036e0063b5e3c391
Au111,CO2,pbe,-0.024,-0.40,-0.373,11b026e8de754c84d5b784e3036e0063b5e3c391
Au111,CO2,r2scan,-0.06,-0.40,-0.34,11b026e8de754c84d5b784e3036e0063b5e3c391
Au111,DME,pbe,-4.65,-0.16,+4.49,11b026e8de754c84d5b784e3036e0063b5e3c391
Au111,DME,r2scan,-0.02,-0.16,-0.15,11b026e8de754c84d5b784e3036e0063b5e3c391
Au111,H2,pbe,-0.00,-0.24,-0.24,11b026e8de754c84d5b784e3036e0063b5e3c391
Au111,H2,pbe_d3,-0.08,-0.24,-0.17,11b026e8de754c84d5b784e3036e0063b5e3c391
Au111,H2,r2scan,-0.02,-0.24,-0.23,11b026e8de754c84d5b784e3036e0063b5e3c391
Au111,H2O,pbe,-0.04,-0.51,-0.47,11b026e8de754c84d5b784e3036e0063b5e3c391
Au111,H2O,pbe_d3,-0.30,-0.51,-0.21,11b026e8de754c84d5b784e3036e0063b5e3c391
Au111,H2O,r2scan,-0.10,-0.51,-0.41,11b026e8de754c84d5b784e3036e0063b5e3c391
Au111,H2S,pbe,-0.14,-0.41,-0.26,11b026e8de754c84d5b784e3036e0063b5e3c391
Au111,H2S,pbe_d3,-0.54,-0.41,+0.13,11b026e8de754c84d5b784e3036e0063b5e3c391
Au111,N2,pbe,-0.01,-0.09,-0.08,11b026e8de754c84d5b784e3036e0063b5e3c391
Au111,N2,pbe_d3,-0.10,-0.09,+0.01,11b026e8de754c84d5b784e3036e0063b5e3c391
Au111,N2,r2scan,-0.02,-0.09,-0.06,11b026e8de754c84d5b784e3036e0063b5e3c391
Au111,NH3,pbe,-0.06,-0.54,-0.48,11b026e8de754c84d5b784e3036e0063b5e3c391
Au111,NH3,pbe_d3,-0.31,-0.54,-0.23,11b026e8de754c84d5b784e3036e0063b5e3c391
Au111,NH3,r2scan,-0.13,-0.54,-0.41,11b026e8de754c84d5b784e3036e0063b5e3c391
Au111,NO,pbe,-0.66,-0.68,-0.03,11b026e8de754c84d5b784e3036e0063b5e3c391
Au111,NO,pbe_d3,-0.86,-0.68,+0.18,11b026e8de754c84d5b784e3036e0063b5e3c391
Au111,NO,r2scan,-0.96,-0.68,+0.27,11b026e8de754c84d5b784e3036e0063b5e3c391
Au111,O2,pbe,0.39,-0.15,-0.54,11b026e8de754c84d5b784e3036e0063b5e3c391
Au111,SO2,pbe,-0.05,-0.26,-0.21,11b026e8de754c84d5b784e3036e0063b5e3c391
Au111,SO2,pbe_d3,-0.53,-0.26,+0.27,11b026e8de754c84d5b784e3036e0063b5e3c391
Au111,acetaldehyde,pbe,-0.05,-0.27,-0.22,11b026e8de754c84d5b784e3036e0063b5e3c391
Au111,acetaldehyde,pbe_d3,-0.40,-0.27,+0.13,11b026e8de754c84d5b784e3036e0063b5e3c391
Au111,acetaldehyde,r2scan,0.05,-0.27,-0.31,11b026e8de754c84d5b784e3036e0063b5e3c391
Au111,acetic_acid,r2scan,-0.19,-0.36,-0.18,11b026e8de754c84d5b784e3036e0063b5e3c391
Au111,ethane,pbe,-0.01,-0.24,-0.22,11b026e8de754c84d5b784e3036e0063b5e3c391
Au111,ethane,pbe_d3,-0.29,-0.24,+0.05,11b026e8de754c84d5b784e3036e0063b5e3c391
Au111,ethane,r2scan,0.07,-0.24,-0.31,11b026e8de754c84d5b784e3036e0063b5e3c391
Au111,ethanol,pbe,-0.06,-0.28,-0.22,11b026e8de754c84d5b784e3036e0063b5e3c391
Au111,ethanol,pbe_d3,-0.49,-0.28,+0.21,11b026e8de754c84d5b784e3036e0063b5e3c391
Au111,ethanol,r2scan,-0.13,-0.28,-0.14,11b026e8de754c84d5b784e3036e0063b5e3c391
Au111,ethene,pbe,-0.03,-0.19,-0.16,11b026e8de754c84d5b784e3036e0063b5e3c391
Au111,ethene,pbe_d3,-0.45,-0.19,+0.25,11b026e8de754c84d5b784e3036e0063b5e3c391
Au111,ethene,r2scan,-0.01,-0.19,-0.19,11b026e8de754c84d5b784e3036e0063b5e3c391
Au111,formaldehyde,pbe,-0.07,-0.21,-0.14,11b026e8de754c84d5b784e3036e0063b5e3c391
Au111,formaldehyde,pbe_d3,-0.34,-0.21,+0.13,11b026e8de754c84d5b784e3036e0063b5e3c391
Au111,formate,pbe,-2.19,-1.47,+0.71,11b026e8de754c84d5b784e3036e0063b5e3c391
Au111,formate,pbe_d3,-2.50,-1.47,+1.03,11b026e8de754c84d5b784e3036e0063b5e3c391
Au111,formate,r2scan,-2.69,-1.47,+1.22,11b026e8de754c84d5b784e3036e0063b5e3c391
Au111,formic_acid,pbe,-0.10,-0.37,-0.27,11b026e8de754c84d5b784e3036e0063b5e3c391
Au111,formic_acid,pbe_d3,-0.46,-0.37,+0.09,11b026e8de754c84d5b784e3036e0063b5e3c391
Au111,formic_acid,r2scan,-0.25,-0.37,-0.12,11b026e8de754c84d5b784e3036e0063b5e3c391
Au111,glycerol,pbe,-0.26,-0.59,-0.33,11b026e8de754c84d5b784e3036e0063b5e3c391
Au111,glycerol,pbe_d3,-0.87,-0.59,+0.28,11b026e8de754c84d5b784e3036e0063b5e3c391
Au111,glycerol,r2scan,-0.41,-0.59,-0.17,11b026e8de754c84d5b784e3036e0063b5e3c391
Au111,isopropanol,pbe,-0.09,-0.33,-0.24,11b026e8de754c84d5b784e3036e0063b5e3c391
Au111,isopropanol,pbe_d3,-0.59,-0.33,+0.26,11b026e8de754c84d5b784e3036e0063b5e3c391
Au111,isopropanol,r2scan,-0.24,-0.33,-0.09,11b026e8de754c84d5b784e3036e0063b5e3c391
Au111,methane,pbe,-0.00,-0.37,-0.36,11b026e8de754c84d5b784e3036e0063b5e3c391
Au111,methane,pbe_d3,-0.20,-0.37,-0.17,11b026e8de754c84d5b784e3036e0063b5e3c391
Au111,methane,r2scan,-0.06,-0.37,-0.31,11b026e8de754c84d5b784e3036e0063b5e3c391
Au111,methanol,pbe,-0.06,-0.26,-0.20,11b026e8de754c84d5b784e3036e0063b5e3c391
Au111,methanol,pbe_d3,-0.33,-0.26,+0.07,11b026e8de754c84d5b784e3036e0063b5e3c391
Au111,methanol,r2scan,0.08,-0.26,-0.35,11b026e8de754c84d5b784e3036e0063b5e3c391
Au111,propane,pbe,-0.03,-0.24,-0.22,11b026e8de754c84d5b784e3036e0063b5e3c391
Au111,propane,pbe_d3,-0.42,-0.24,+0.17,11b026e8de754c84d5b784e3036e0063b5e3c391
Au111,propane,r2scan,-0.10,-0.24,-0.14,11b026e8de754c84d5b784e3036e0063b5e3c391
Au111,propanol,pbe,-0.09,-0.32,-0.22,11b026e8de754c84d5b784e3036e0063b5e3c391
Au111,propanol,pbe_d3,-0.63,-0.32,+0.31,11b026e8de754c84d5b784e3036e0063b5e3c391
Au111,propanol,r2scan,-0.28,-0.32,-0.04,11b026e8de754c84d5b784e3036e0063b5e3c391
Au111,propene,pbe,-0.07,-0.20,-0.14,11b026e8de754c84d5b784e3036e0063b5e3c391
Au111,propene,pbe_d3,-0.62,-0.20,+0.42,11b026e8de754c84d5b784e3036e0063b5e3c391
Au111,propene,r2scan,-0.21,-0.20,+0.00,11b026e8de754c84d5b784e3036e0063b5e3c391
Cu100,CH3,pbe,-1.255,-1.95,-0.695,11b026e8de754c84d5b784e3036e0063b5e3c391
Cu100,CH3,pbe_d3,-1.646,-1.95,-0.303,11b026e8de754c84d5b784e3036e0063b5e3c391
Cu100,CO,pbe,-0.781,-1.19,-0.414,11b026e8de754c84d5b784e3036e0063b5e3c391
Cu100,CO,pbe_d3,-1.027,-1.19,-0.167,11b026e8de754c84d5b784e3036e0063b5e3c391
Cu100,CO,r2scan,-0.95,-1.19,-0.25,11b026e8de754c84d5b784e3036e0063b5e3c391
Cu100,CO2,pbe,-0.032,-0.36,-0.329,11b026e8de754c84d5b784e3036e0063b5e3c391
Cu100,CO2,r2scan,-0.06,-0.36,-0.30,11b026e8de754c84d5b784e3036e0063b5e3c391
Cu100,DME,pbe,-4.76,-0.27,+4.48,11b026e8de754c84d5b784e3036e0063b5e3c391
Cu100,DME,r2scan,-0.23,-0.27,-0.05,11b026e8de754c84d5b784e3036e0063b5e3c391
Cu100,H2O,pbe,-0.246,-0.57,-0.319,11b026e8de754c84d5b784e3036e0063b5e3c391
Cu100,H2O,pbe_d3,-0.476,-0.57,-0.089,11b026e8de754c84d5b784e3036e0063b5e3c391
Cu100,H2O,r2scan,-0.36,-0.57,-0.20,11b026e8de754c84d5b784e3036e0063b5e3c391
Cu100,H2S,pbe,-0.271,-0.47,-0.194,11b026e8de754c84d5b784e3036e0063b5e3c391
Cu100,H2S,pbe_d3,-0.719,-0.47,+0.254,11b026e8de754c84d5b784e3036e0063b5e3c391
Cu100,N2,pbe,-0.018,-0.07,-0.055,11b026e8de754c84d5b784e3036e0063b5e3c391
Cu100,N2,pbe_d3,-0.099,-0.07,+0.027,11b026e8de754c84d5b784e3036e0063b5e3c391
Cu100,NH3,pbe,-0.571,-0.90,-0.331,11b026e8de754c84d5b784e3036e0063b5e3c391
Cu100,NH3,pbe_d3,-0.903,-0.90,+0.001,11b026e8de754c84d5b784e3036e0063b5e3c391
Cu100,NO,pbe,-1.769,-1.48,+0.288,11b026e8de754c84d5b784e3036e0063b5e3c391
Cu100,NO,pbe_d3,-1.988,-1.48,+0.507,11b026e8de754c84d5b784e3036e0063b5e3c391
Cu100,SO2,pbe,-0.817,-1.09,-0.272,11b026e8de754c84d5b784e3036e0063b5e3c391
Cu100,SO2,pbe_d3,-1.329,-1.09,+0.241,11b026e8de754c84d5b784e3036e0063b5e3c391
Cu100,acetaldehyde,pbe,-0.209,-0.60,-0.394,11b026e8de754c84d5b784e3036e0063b5e3c391
Cu100,acetaldehyde,pbe_d3,-0.487,-0.60,-0.115,11b026e8de754c84d5b784e3036e0063b5e3c391
Cu100,acetaldehyde,r2scan,-0.37,-0.60,-0.23,11b026e8de754c84d5b784e3036e0063b5e3c391
Cu100,acetic_acid,r2scan,-0.47,-0.75,-0.28,11b026e8de754c84d5b784e3036e0063b5e3c391
Cu100,ethane,pbe,-0.014,-0.32,-0.301,11b026e8de754c84d5b784e3036e0063b5e3c391
Cu100,ethane,pbe_d3,-0.367,-0.32,+0.051,11b026e8de754c84d5b784e3036e0063b5e3c391
Cu100,ethane,r2scan,0.00,-0.32,-0.32,11b026e8de754c84d5b784e3036e0063b5e3c391
Cu100,ethanol,pbe,-0.237,-0.50,-0.266,11b026e8de754c84d5b784e3036e0063b5e3c391
Cu100,ethanol,pbe_d3,-0.728,-0.50,+0.225,11b026e8de754c84d5b784e3036e0063b5e3c391
Cu100,ethanol,r2scan,-0.36,-0.50,-0.14,11b026e8de754c84d5b784e3036e0063b5e3c391
Cu100,ethene,pbe,-0.172,-0.47,-0.294,11b026e8de754c84d5b784e3036e0063b5e3c391
Cu100,ethene,pbe_d3,-0.736,-0.47,+0.269,11b026e8de754c84d5b784e3036e0063b5e3c391
Cu100,ethene,r2scan,-0.43,-0.47,-0.04,11b026e8de754c84d5b784e3036e0063b5e3c391
Cu100,formaldehyde,pbe,-0.168,-0.44,-0.275,11b026e8de754c84d5b784e3036e0063b5e3c391
Cu100,formaldehyde,pbe_d3,-0.434,-0.44,-0.008,11b026e8de754c84d5b784e3036e0063b5e3c391
Cu100,formic_acid,pbe,-0.275,-0.53,-0.255,11b026e8de754c84d5b784e3036e0063b5e3c391
Cu100,formic_acid,pbe_d3,-0.623,-0.53,+0.092,11b026e8de754c84d5b784e3036e0063b5e3c391
Cu100,formic_acid,r2scan,-0.48,-0.53,-0.05,11b026e8de754c84d5b784e3036e0063b5e3c391
Cu100,methane,pbe,-0.016,-0.42,-0.409,11b026e8de754c84d5b784e3036e0063b5e3c391
Cu100,methane,pbe_d3,-0.210,-0.42,-0.215,11b026e8de754c84d5b784e3036e0063b5e3c391
Cu100,methane,r2scan,-0.033,-0.42,-0.391,11b026e8de754c84d5b784e3036e0063b5e3c391
Cu100,methanol,pbe,-0.247,-0.47,-0.226,11b026e8de754c84d5b784e3036e0063b5e3c391
Cu100,methanol,pbe_d3,-0.591,-0.47,+0.117,11b026e8de754c84d5b784e3036e0063b5e3c391
Cu100,methanol,r2scan,-0.32,-0.47,-0.15,11b026e8de754c84d5b784e3036e0063b5e3c391
Cu110,CH3,pbe,-1.216,-2.27,-1.051,11b026e8de754c84d5b784e3036e0063b5e3c391
Cu110,CH3,pbe_d3,-1.568,-2.27,-0.700,11b026e8de754c84d5b784e3036e0063b5e3c391
Cu110,CH3,r2scan,-1.342,-2.27,-0.925,11b026e8de754c84d5b784e3036e0063b5e3c391
Cu110,CO,pbe,-0.485,-1.35,-0.864,11b026e8de754c84d5b784e3036e0063b5e3c391
Cu110,CO,pbe_d3,-0.710,-1.35,-0.639,11b026e8de754c84d5b784e3036e0063b5e3c391
Cu110,CO,r2scan,-0.674,-1.35,-0.675,11b026e8de754c84d5b784e3036e0063b5e3c391
Cu110,CO2,pbe,0.462,-0.41,-0.869,11b026e8de754c84d5b784e3036e0063b5e3c391
Cu110,CO2,r2scan,0.33,-0.41,-0.74,11b026e8de754c84d5b784e3036e0063b5e3c391
Cu110,DME,pbe,-4.34,-0.34,+3.99,11b026e8de754c84d5b784e3036e0063b5e3c391
Cu110,DME,r2scan,-0.028,-0.34,-0.315,11b026e8de754c84d5b784e3036e0063b5e3c391
Cu110,H2O,pbe,0.161,-0.71,-0.868,11b026e8de754c84d5b784e3036e0063b5e3c391
Cu110,H2O,pbe_d3,-0.102,-0.71,-0.605,11b026e8de754c84d5b784e3036e0063b5e3c391
Cu110,H2O,r2scan,-0.047,-0.71,-0.660,11b026e8de754c84d5b784e3036e0063b5e3c391
Cu110,H2S,pbe,0.102,-0.61,-0.716,11b026e8de754c84d5b784e3036e0063b5e3c391
Cu110,H2S,pbe_d3,-0.361,-0.61,-0.254,11b026e8de754c84d5b784e3036e0063b5e3c391
Cu110,H2S,r2scan,-0.101,-0.61,-0.513,11b026e8de754c84d5b784e3036e0063b5e3c391
Cu110,N2,pbe,0.355,-0.25,-0.605,11b026e8de754c84d5b784e3036e0063b5e3c391
Cu110,N2,pbe_d3,0.117,-0.25,-0.367,11b026e8de754c84d5b784e3036e0063b5e3c391
Cu110,N2,r2scan,0.181,-0.25,-0.431,11b026e8de754c84d5b784e3036e0063b5e3c391
Cu110,NH3,pbe,-0.148,-1.05,-0.902,11b026e8de754c84d5b784e3036e0063b5e3c391
Cu110,NH3,pbe_d3,-0.480,-1.05,-0.571,11b026e8de754c84d5b784e3036e0063b5e3c391
Cu110,NH3,r2scan,-0.360,-1.05,-0.691,11b026e8de754c84d5b784e3036e0063b5e3c391
Cu110,NO,pbe,-1.022,-1.57,-0.544,11b026e8de754c84d5b784e3036e0063b5e3c391
Cu110,NO,pbe_d3,-1.240,-1.57,-0.326,11b026e8de754c84d5b784e3036e0063b5e3c391
Cu110,SO2,pbe,-0.657,-1.33,-0.673,11b026e8de754c84d5b784e3036e0063b5e3c391
Cu110,SO2,pbe_d3,-1.183,-1.33,-0.147,11b026e8de754c84d5b784e3036e0063b5e3c391
Cu110,acetaldehyde,pbe,0.240,-0.75,-0.990,11b026e8de754c84d5b784e3036e0063b5e3c391
Cu110,acetaldehyde,pbe_d3,-0.078,-0.75,-0.672,11b026e8de754c84d5b784e3036e0063b5e3c391
Cu110,acetaldehyde,r2scan,-0.010,-0.75,-0.740,11b026e8de754c84d5b784e3036e0063b5e3c391
Cu110,acetic_acid,r2scan,-0.224,-0.86,-0.635,11b026e8de754c84d5b784e3036e0063b5e3c391
Cu110,ethane,pbe,0.477,-0.43,-0.903,11b026e8de754c84d5b784e3036e0063b5e3c391
Cu110,ethane,pbe_d3,0.225,-0.43,-0.651,11b026e8de754c84d5b784e3036e0063b5e3c391
Cu110,ethane,r2scan,0.386,-0.43,-0.812,11b026e8de754c84d5b784e3036e0063b5e3c391
Cu110,ethene,pbe,0.033,-0.81,-0.840,11b026e8de754c84d5b784e3036e0063b5e3c391
Cu110,ethene,pbe_d3,-0.519,-0.81,-0.289,11b026e8de754c84d5b784e3036e0063b5e3c391
Cu110,ethene,r2scan,-0.299,-0.81,-0.508,11b026e8de754c84d5b784e3036e0063b5e3c391
Cu110,formaldehyde,pbe,0.248,-0.62,-0.872,11b026e8de754c84d5b784e3036e0063b5e3c391
Cu110,formaldehyde,pbe_d3,-0.074,-0.62,-0.550,11b026e8de754c84d5b784e3036e0063b5e3c391
Cu110,formaldehyde,r2scan,0.022,-0.62,-0.646,11b026e8de754c84d5b784e3036e0063b5e3c391
Cu110,formic_acid,pbe,0.090,-0.69,-0.777,11b026e8de754c84d5b784e3036e0063b5e3c391
Cu110,formic_acid,pbe_d3,-0.306,-0.69,-0.381,11b026e8de754c84d5b784e3036e0063b5e3c391
Cu110,formic_acid,r2scan,-0.190,-0.69,-0.497,11b026e8de754c84d5b784e3036e0063b5e3c391
Cu110,glycerol,pbe_d3,-0.14,-1.07,-0.93,11b026e8de754c84d5b784e3036e0063b5e3c391
Cu110,glycerol,r2scan,0.13,-1.07,-1.19,11b026e8de754c84d5b784e3036e0063b5e3c391
Cu110,isopropanol,pbe_d3,0.48,-0.72,-1.20,11b026e8de754c84d5b784e3036e0063b5e3c391
Cu110,methane,pbe,0.495,-0.50,-0.992,11b026e8de754c84d5b784e3036e0063b5e3c391
Cu110,methane,pbe_d3,0.297,-0.50,-0.795,11b026e8de754c84d5b784e3036e0063b5e3c391
Cu110,methane,r2scan,0.405,-0.50,-0.903,11b026e8de754c84d5b784e3036e0063b5e3c391
Cu110,methanol,pbe,0.138,-0.59,-0.730,11b026e8de754c84d5b784e3036e0063b5e3c391
Cu110,methanol,pbe_d3,-0.232,-0.59,-0.361,11b026e8de754c84d5b784e3036e0063b5e3c391
Cu110,methanol,r2scan,-0.15,-0.59,-0.45,11b026e8de754c84d5b784e3036e0063b5e3c391
Cu110,propanol,pbe_d3,0.49,-0.69,-1.18,11b026e8de754c84d5b784e3036e0063b5e3c391
Cu110,propene,pbe_d3,0.35,-0.64,-0.98,11b026e8de754c84d5b784e3036e0063b5e3c391
Cu111,CH3,pbe,0.313,-1.87,-2.180,11b026e8de754c84d5b784e3036e0063b5e3c391
Cu111,CH3,pbe_d3,-0.076,-1.87,-1.791,11b026e8de754c84d5b784e3036e0063b5e3c391
Cu111,CO,pbe_d3,0.44,-1.24,-1.68,11b026e8de754c84d5b784e3036e0063b5e3c391
Cu111,CO,r2scan,0.42,-1.24,-1.66,11b026e8de754c84d5b784e3036e0063b5e3c391
Cu111,DME,pbe,-3.06,-0.22,+2.84,11b026e8de754c84d5b784e3036e0063b5e3c391
Cu111,H2O,pbe,1.547,n/a,-2.022,11b026e8de754c84d5b784e3036e0063b5e3c391
Cu111,H2O,pbe_d3,1.162,n/a,-1.637,11b026e8de754c84d5b784e3036e0063b5e3c391
Cu111,H2S,pbe,1.366,n/a,-1.750,11b026e8de754c84d5b784e3036e0063b5e3c391
Cu111,H2S,pbe_d3,0.831,n/a,-1.214,11b026e8de754c84d5b784e3036e0063b5e3c391
Cu111,N2,pbe,1.604,n/a,-1.684,11b026e8de754c84d5b784e3036e0063b5e3c391
Cu111,N2,pbe_d3,1.482,n/a,-1.562,11b026e8de754c84d5b784e3036e0063b5e3c391
Cu111,NH3,pbe,1.104,n/a,-1.883,11b026e8de754c84d5b784e3036e0063b5e3c391
Cu111,NH3,pbe_d3,0.704,n/a,-1.483,11b026e8de754c84d5b784e3036e0063b5e3c391
Cu111,NH3,r2scan,0.792,n/a,-1.571,11b026e8de754c84d5b784e3036e0063b5e3c391
Cu111,NO,pbe,0.035,-1.41,-1.448,11b026e8de754c84d5b784e3036e0063b5e3c391
Cu111,NO,pbe_d3,-0.213,-1.41,-1.200,11b026e8de754c84d5b784e3036e0063b5e3c391
Cu111,SO2,pbe,1.055,n/a,-1.772,11b026e8de754c84d5b784e3036e0063b5e3c391
Cu111,SO2,pbe_d3,0.527,n/a,-1.245,11b026e8de754c84d5b784e3036e0063b5e3c391
Cu111,acetaldehyde,pbe,1.451,n/a,-1.901,11b026e8de754c84d5b784e3036e0063b5e3c391
Cu111,acetaldehyde,pbe_d3,1.086,n/a,-1.535,11b026e8de754c84d5b784e3036e0063b5e3c391
Cu111,ethane,pbe,1.593,n/a,-1.880,11b026e8de754c84d5b784e3036e0063b5e3c391
Cu111,ethane,pbe_d3,1.149,n/a,-1.436,11b026e8de754c84d5b784e3036e0063b5e3c391
Cu111,ethane,r2scan,1.362,n/a,-1.649,11b026e8de754c84d5b784e3036e0063b5e3c391
Cu111,ethanol,pbe,1.493,n/a,-1.873,11b026e8de754c84d5b784e3036e0063b5e3c391
Cu111,ethanol,pbe_d3,0.928,n/a,-1.308,11b026e8de754c84d5b784e3036e0063b5e3c391
Cu111,ethene,pbe,1.569,n/a,-1.754,11b026e8de754c84d5b784e3036e0063b5e3c391
Cu111,ethene,pbe_d3,0.785,n/a,-0.971,11b026e8de754c84d5b784e3036e0063b5e3c391
Cu111,formaldehyde,pbe,1.524,n/a,-1.789,11b026e8de754c84d5b784e3036e0063b5e3c391
Cu111,formaldehyde,pbe_d3,1.164,n/a,-1.430,11b026e8de754c84d5b784e3036e0063b5e3c391
Cu111,methane,pbe,1.603,n/a,-2.015,11b026e8de754c84d5b784e3036e0063b5e3c391
Cu111,methane,pbe_d3,1.294,n/a,-1.705,11b026e8de754c84d5b784e3036e0063b5e3c391
Cu111,methane,r2scan,1.390,n/a,-1.802,11b026e8de754c84d5b784e3036e0063b5e3c391
Ir100,CH3,pbe,-2.181,-2.89,-0.708,11b026e8de754c84d5b784e3036e0063b5e3c391
Ir100,CH3,pbe_d3,-2.456,-2.89,-0.433,11b026e8de754c84d5b784e3036e0063b5e3c391
Ir100,CH3,beef_vdw,-2.260,-2.89,-0.629,11b026e8de754c84d5b784e3036e0063b5e3c391
Ir100,CO,pbe,-2.232,-2.70,-0.472,11b026e8de754c84d5b784e3036e0063b5e3c391
Ir100,CO,pbe_d3,-2.488,-2.70,-0.216,11b026e8de754c84d5b784e3036e0063b5e3c391
Ir100,CO,r2scan,-2.48,-2.70,-0.22,11b026e8de754c84d5b784e3036e0063b5e3c391
Ir100,CO,beef_vdw,-2.131,-2.70,-0.573,11b026e8de754c84d5b784e3036e0063b5e3c391
Ir100,CO2,pbe,-0.024,-0.37,-0.350,11b026e8de754c84d5b784e3036e0063b5e3c391
Ir100,CO2,r2scan,-0.25,-0.37,-0.13,11b026e8de754c84d5b784e3036e0063b5e3c391
Ir100,CO2,beef_vdw,-0.267,-0.37,-0.107,11b026e8de754c84d5b784e3036e0063b5e3c391
Ir100,DME,pbe,-4.96,-0.48,+4.48,11b026e8de754c84d5b784e3036e0063b5e3c391
Ir100,DME,r2scan,-0.83,-0.48,+0.35,11b026e8de754c84d5b784e3036e0063b5e3c391
Ir100,DME,beef_vdw,-0.736,-0.48,+0.253,11b026e8de754c84d5b784e3036e0063b5e3c391
Ir100,H2O,pbe,-0.488,-0.86,-0.371,11b026e8de754c84d5b784e3036e0063b5e3c391
Ir100,H2O,pbe_d3,-0.706,-0.86,-0.153,11b026e8de754c84d5b784e3036e0063b5e3c391
Ir100,H2O,r2scan,-0.81,-0.86,-0.05,11b026e8de754c84d5b784e3036e0063b5e3c391
Ir100,H2O,beef_vdw,-0.542,-0.86,-0.316,11b026e8de754c84d5b784e3036e0063b5e3c391
Ir100,H2S,pbe,-2.603,-2.86,-0.260,11b026e8de754c84d5b784e3036e0063b5e3c391
Ir100,H2S,pbe_d3,-3.086,-2.86,+0.222,11b026e8de754c84d5b784e3036e0063b5e3c391
Ir100,H2S,beef_vdw,-2.591,-2.86,-0.273,11b026e8de754c84d5b784e3036e0063b5e3c391
Ir100,N2,pbe,-0.810,-0.79,+0.017,11b026e8de754c84d5b784e3036e0063b5e3c391
Ir100,N2,pbe_d3,-1.057,-0.79,+0.264,11b026e8de754c84d5b784e3036e0063b5e3c391
Ir100,N2,beef_vdw,-0.805,-0.79,+0.012,11b026e8de754c84d5b784e3036e0063b5e3c391
Ir100,NH3,pbe,-1.290,-1.70,-0.407,11b026e8de754c84d5b784e3036e0063b5e3c391
Ir100,NH3,pbe_d3,-1.585,-1.70,-0.113,11b026e8de754c84d5b784e3036e0063b5e3c391
Ir100,NO,pbe,-3.067,-2.83,+0.236,11b026e8de754c84d5b784e3036e0063b5e3c391
Ir100,NO,pbe_d3,-3.309,-2.83,+0.478,11b026e8de754c84d5b784e3036e0063b5e3c391
Ir100,SO2,pbe,-2.254,-2.12,+0.135,11b026e8de754c84d5b784e3036e0063b5e3c391
Ir100,SO2,pbe_d3,-2.783,-2.12,+0.664,11b026e8de754c84d5b784e3036e0063b5e3c391
Ir100,acetaldehyde,pbe,-0.586,-0.74,-0.151,11b026e8de754c84d5b784e3036e0063b5e3c391
Ir100,acetaldehyde,pbe_d3,-0.946,-0.74,+0.209,11b026e8de754c84d5b784e3036e0063b5e3c391
Ir100,acetaldehyde,r2scan,-0.95,-0.74,+0.21,11b026e8de754c84d5b784e3036e0063b5e3c391
Ir100,acetaldehyde,beef_vdw,-0.770,-0.74,+0.033,11b026e8de754c84d5b784e3036e0063b5e3c391
Ir100,acetic_acid,r2scan,-1.10,-1.04,+0.06,11b026e8de754c84d5b784e3036e0063b5e3c391
Ir100,acetic_acid,beef_vdw,-0.902,-1.04,-0.139,11b026e8de754c84d5b784e3036e0063b5e3c391
Ir100,ethane,pbe,-0.003,-0.45,-0.447,11b026e8de754c84d5b784e3036e0063b5e3c391
Ir100,ethane,pbe_d3,-0.383,-0.45,-0.066,11b026e8de754c84d5b784e3036e0063b5e3c391
Ir100,ethane,r2scan,-0.26,-0.45,-0.19,11b026e8de754c84d5b784e3036e0063b5e3c391
Ir100,ethane,beef_vdw,-0.313,-0.45,-0.136,11b026e8de754c84d5b784e3036e0063b5e3c391
Ir100,ethanol,pbe,-0.533,-0.79,-0.260,11b026e8de754c84d5b784e3036e0063b5e3c391
Ir100,ethanol,pbe_d3,-1.031,-0.79,+0.238,11b026e8de754c84d5b784e3036e0063b5e3c391
Ir100,ethanol,r2scan,-0.94,-0.79,+0.15,11b026e8de754c84d5b784e3036e0063b5e3c391
Ir100,ethanol,beef_vdw,-0.828,-0.79,+0.035,11b026e8de754c84d5b784e3036e0063b5e3c391
Ir100,ethene,pbe,-1.407,-2.16,-0.756,11b026e8de754c84d5b784e3036e0063b5e3c391
Ir100,ethene,pbe_d3,-1.937,-2.16,-0.226,11b026e8de754c84d5b784e3036e0063b5e3c391
Ir100,ethene,r2scan,-1.92,-2.16,-0.24,11b026e8de754c84d5b784e3036e0063b5e3c391
Ir100,ethene,beef_vdw,-1.381,-2.16,-0.781,11b026e8de754c84d5b784e3036e0063b5e3c391
Ir100,formaldehyde,pbe,-1.320,-1.75,-0.432,11b026e8de754c84d5b784e3036e0063b5e3c391
Ir100,formaldehyde,pbe_d3,-1.657,-1.75,-0.096,11b026e8de754c84d5b784e3036e0063b5e3c391
Ir100,formaldehyde,beef_vdw,-1.333,-1.75,-0.419,11b026e8de754c84d5b784e3036e0063b5e3c391
Ir100,formic_acid,pbe,-0.660,-1.02,-0.363,11b026e8de754c84d5b784e3036e0063b5e3c391
Ir100,formic_acid,pbe_d3,-1.032,-1.02,+0.009,11b026e8de754c84d5b784e3036e0063b5e3c391
Ir100,formic_acid,r2scan,-1.04,-1.02,+0.02,11b026e8de754c84d5b784e3036e0063b5e3c391
Ir100,formic_acid,beef_vdw,-0.797,-1.02,-0.226,11b026e8de754c84d5b784e3036e0063b5e3c391
Ir100,methane,pbe,-0.000,-0.60,-0.601,11b026e8de754c84d5b784e3036e0063b5e3c391
Ir100,methane,pbe_d3,-0.200,-0.60,-0.401,11b026e8de754c84d5b784e3036e0063b5e3c391
Ir100,methane,beef_vdw,-0.204,-0.60,-0.397,11b026e8de754c84d5b784e3036e0063b5e3c391
Ir100,methanol,pbe,-0.535,-0.77,-0.240,11b026e8de754c84d5b784e3036e0063b5e3c391
Ir100,methanol,pbe_d3,-0.912,-0.77,+0.137,11b026e8de754c84d5b784e3036e0063b5e3c391
Ir100,methanol,r2scan,-0.93,-0.77,+0.15,11b026e8de754c84d5b784e3036e0063b5e3c391
Ir100,methanol,beef_vdw,-0.746,-0.77,-0.029,11b026e8de754c84d5b784e3036e0063b5e3c391
Ir110,CH3,pbe,-2.378,-2.93,-0.552,11b026e8de754c84d5b784e3036e0063b5e3c391
Ir110,CH3,pbe_d3,-2.625,-2.93,-0.305,11b026e8de754c84d5b784e3036e0063b5e3c391
Ir110,CH3,r2scan,-2.274,-2.93,-0.656,11b026e8de754c84d5b784e3036e0063b5e3c391
Ir110,CH3,beef_vdw,-2.430,-2.93,-0.500,11b026e8de754c84d5b784e3036e0063b5e3c391
Ir110,CO,pbe,-2.322,-2.77,-0.448,11b026e8de754c84d5b784e3036e0063b5e3c391
Ir110,CO,pbe_d3,-2.532,-2.77,-0.238,11b026e8de754c84d5b784e3036e0063b5e3c391
Ir110,CO,r2scan,-2.12,-2.77,-0.65,11b026e8de754c84d5b784e3036e0063b5e3c391
Ir110,CO,beef_vdw,-2.209,-2.77,-0.561,11b026e8de754c84d5b784e3036e0063b5e3c391
Ir110,CO2,pbe,-0.041,-0.43,-0.386,11b026e8de754c84d5b784e3036e0063b5e3c391
Ir110,CO2,r2scan,-0.120,-0.43,-0.308,11b026e8de754c84d5b784e3036e0063b5e3c391
Ir110,CO2,beef_vdw,-0.307,-0.43,-0.120,11b026e8de754c84d5b784e3036e0063b5e3c391
Ir110,DME,r2scan,-0.751,-0.64,+0.108,11b026e8de754c84d5b784e3036e0063b5e3c391
Ir110,DME,beef_vdw,-0.952,-0.64,+0.309,11b026e8de754c84d5b784e3036e0063b5e3c391
Ir110,H2O,pbe,-0.612,-1.01,-0.397,11b026e8de754c84d5b784e3036e0063b5e3c391
Ir110,H2O,pbe_d3,-0.859,-1.01,-0.149,11b026e8de754c84d5b784e3036e0063b5e3c391
Ir110,H2O,r2scan,-0.744,-1.01,-0.265,11b026e8de754c84d5b784e3036e0063b5e3c391
Ir110,H2O,beef_vdw,-0.686,-1.01,-0.323,11b026e8de754c84d5b784e3036e0063b5e3c391
Ir110,H2S,pbe,-2.712,-2.79,-0.075,11b026e8de754c84d5b784e3036e0063b5e3c391
Ir110,H2S,pbe_d3,-3.161,-2.79,+0.374,11b026e8de754c84d5b784e3036e0063b5e3c391
Ir110,H2S,r2scan,-2.868,-2.79,+0.081,11b026e8de754c84d5b784e3036e0063b5e3c391
Ir110,H2S,beef_vdw,-2.759,-2.79,-0.028,11b026e8de754c84d5b784e3036e0063b5e3c391
Ir110,N2,pbe,-1.099,-0.80,+0.295,11b026e8de754c84d5b784e3036e0063b5e3c391
Ir110,N2,pbe_d3,-1.340,-0.80,+0.536,11b026e8de754c84d5b784e3036e0063b5e3c391
Ir110,N2,beef_vdw,-1.080,-0.80,+0.276,11b026e8de754c84d5b784e3036e0063b5e3c391
Ir110,NH3,pbe,-1.221,-1.64,-0.423,11b026e8de754c84d5b784e3036e0063b5e3c391
Ir110,NH3,pbe_d3,-1.509,-1.64,-0.136,11b026e8de754c84d5b784e3036e0063b5e3c391
Ir110,NH3,r2scan,-1.321,-1.64,-0.324,11b026e8de754c84d5b784e3036e0063b5e3c391
Ir110,NO,pbe,-3.261,-3.11,+0.152,11b026e8de754c84d5b784e3036e0063b5e3c391
Ir110,NO,pbe_d3,-3.463,-3.11,+0.354,11b026e8de754c84d5b784e3036e0063b5e3c391
Ir110,SO2,pbe,-2.382,-2.39,-0.010,11b026e8de754c84d5b784e3036e0063b5e3c391
Ir110,SO2,pbe_d3,-2.915,-2.39,+0.523,11b026e8de754c84d5b784e3036e0063b5e3c391
Ir110,acetaldehyde,pbe,-0.788,-0.84,-0.054,11b026e8de754c84d5b784e3036e0063b5e3c391
Ir110,acetaldehyde,pbe_d3,-1.117,-0.84,+0.274,11b026e8de754c84d5b784e3036e0063b5e3c391
Ir110,acetaldehyde,r2scan,-0.868,-0.84,+0.026,11b026e8de754c84d5b784e3036e0063b5e3c391
Ir110,acetaldehyde,beef_vdw,-0.950,-0.84,+0.108,11b026e8de754c84d5b784e3036e0063b5e3c391
Ir110,acetic_acid,r2scan,-1.089,-0.95,+0.141,11b026e8de754c84d5b784e3036e0063b5e3c391
Ir110,acetic_acid,beef_vdw,-1.107,-0.95,+0.159,11b026e8de754c84d5b784e3036e0063b5e3c391
Ir110,ethane,pbe,-0.079,-0.51,-0.426,11b026e8de754c84d5b784e3036e0063b5e3c391
Ir110,ethane,pbe_d3,-0.632,-0.51,+0.126,11b026e8de754c84d5b784e3036e0063b5e3c391
Ir110,ethane,r2scan,-0.188,-0.51,-0.318,11b026e8de754c84d5b784e3036e0063b5e3c391
Ir110,ethane,beef_vdw,-0.412,-0.51,-0.094,11b026e8de754c84d5b784e3036e0063b5e3c391
Ir110,ethanol,pbe,-0.701,-0.95,-0.246,11b026e8de754c84d5b784e3036e0063b5e3c391
Ir110,ethanol,pbe_d3,-1.211,-0.95,+0.264,11b026e8de754c84d5b784e3036e0063b5e3c391
Ir110,ethanol,r2scan,-0.879,-0.95,-0.068,11b026e8de754c84d5b784e3036e0063b5e3c391
Ir110,ethanol,beef_vdw,-1.023,-0.95,+0.076,11b026e8de754c84d5b784e3036e0063b5e3c391
Ir110,ethene,pbe,-1.804,-2.25,-0.442,11b026e8de754c84d5b784e3036e0063b5e3c391
Ir110,ethene,pbe_d3,-2.185,-2.25,-0.060,11b026e8de754c84d5b784e3036e0063b5e3c391
Ir110,ethene,r2scan,-1.878,-2.25,-0.367,11b026e8de754c84d5b784e3036e0063b5e3c391
Ir110,ethene,beef_vdw,-1.876,-2.25,-0.370,11b026e8de754c84d5b784e3036e0063b5e3c391
Ir110,formaldehyde,pbe,-1.860,-2.04,-0.184,11b026e8de754c84d5b784e3036e0063b5e3c391
Ir110,formaldehyde,pbe_d3,-2.156,-2.04,+0.111,11b026e8de754c84d5b784e3036e0063b5e3c391
Ir110,formaldehyde,r2scan,-1.885,-2.04,-0.159,11b026e8de754c84d5b784e3036e0063b5e3c391
Ir110,formaldehyde,beef_vdw,-1.872,-2.04,-0.172,11b026e8de754c84d5b784e3036e0063b5e3c391
Ir110,formic_acid,pbe,-0.866,-1.08,-0.219,11b026e8de754c84d5b784e3036e0063b5e3c391
Ir110,formic_acid,pbe_d3,-1.266,-1.08,+0.182,11b026e8de754c84d5b784e3036e0063b5e3c391
Ir110,formic_acid,beef_vdw,-1.035,-1.08,-0.049,11b026e8de754c84d5b784e3036e0063b5e3c391
Ir110,methane,pbe,-0.026,-0.60,-0.576,11b026e8de754c84d5b784e3036e0063b5e3c391
Ir110,methane,pbe_d3,-0.246,-0.60,-0.356,11b026e8de754c84d5b784e3036e0063b5e3c391
Ir110,methane,r2scan,-0.095,-0.60,-0.508,11b026e8de754c84d5b784e3036e0063b5e3c391
Ir110,methane,beef_vdw,-0.230,-0.60,-0.373,11b026e8de754c84d5b784e3036e0063b5e3c391
Ir110,methanol,pbe,-0.683,-0.90,-0.215,11b026e8de754c84d5b784e3036e0063b5e3c391
Ir110,methanol,pbe_d3,-1.077,-0.90,+0.179,11b026e8de754c84d5b784e3036e0063b5e3c391
Ir110,methanol,r2scan,-0.828,-0.90,-0.070,11b026e8de754c84d5b784e3036e0063b5e3c391
Ir110,methanol,beef_vdw,-0.893,-0.90,-0.006,11b026e8de754c84d5b784e3036e0063b5e3c391
Ir111,CH3,pbe,-1.838,-2.61,-0.773,11b026e8de754c84d5b784e3036e0063b5e3c391
Ir111,CH3,pbe_d3,-2.141,-2.61,-0.470,11b026e8de754c84d5b784e3036e0063b5e3c391
Ir111,CH3,r2scan,-1.807,-2.61,-0.804,11b026e8de754c84d5b784e3036e0063b5e3c391
Ir111,CH3,beef_vdw,-1.941,-2.61,-0.670,11b026e8de754c84d5b784e3036e0063b5e3c391
Ir111,CO,pbe,-1.611,-2.40,-0.792,11b026e8de754c84d5b784e3036e0063b5e3c391
Ir111,CO,pbe_d3,-1.859,-2.40,-0.544,11b026e8de754c84d5b784e3036e0063b5e3c391
Ir111,CO,beef_vdw,-1.550,-2.40,-0.853,11b026e8de754c84d5b784e3036e0063b5e3c391
Ir111,CO2,pbe,-0.006,-0.40,-0.397,11b026e8de754c84d5b784e3036e0063b5e3c391
Ir111,CO2,r2scan,-0.081,-0.40,-0.323,11b026e8de754c84d5b784e3036e0063b5e3c391
Ir111,CO2,beef_vdw,-0.260,-0.40,-0.143,11b026e8de754c84d5b784e3036e0063b5e3c391
Ir111,DME,pbe,-4.81,-0.43,+4.39,11b026e8de754c84d5b784e3036e0063b5e3c391
Ir111,DME,r2scan,-0.49,-0.43,+0.07,11b026e8de754c84d5b784e3036e0063b5e3c391
Ir111,DME,beef_vdw,-0.626,-0.43,+0.198,11b026e8de754c84d5b784e3036e0063b5e3c391
Ir111,H2O,pbe,-0.311,-0.80,-0.492,11b026e8de754c84d5b784e3036e0063b5e3c391
Ir111,H2O,pbe_d3,-0.556,-0.80,-0.247,11b026e8de754c84d5b784e3036e0063b5e3c391
Ir111,H2O,r2scan,-0.488,-0.80,-0.315,11b026e8de754c84d5b784e3036e0063b5e3c391
Ir111,H2O,beef_vdw,-0.421,-0.80,-0.382,11b026e8de754c84d5b784e3036e0063b5e3c391
Ir111,H2S,pbe,-0.742,-1.13,-0.391,11b026e8de754c84d5b784e3036e0063b5e3c391
Ir111,H2S,pbe_d3,-1.172,-1.13,+0.039,11b026e8de754c84d5b784e3036e0063b5e3c391
Ir111,H2S,r2scan,-0.933,-1.13,-0.201,11b026e8de754c84d5b784e3036e0063b5e3c391
Ir111,H2S,beef_vdw,-0.898,-1.13,-0.235,11b026e8de754c84d5b784e3036e0063b5e3c391
Ir111,N2,pbe,-0.393,-0.61,-0.220,11b026e8de754c84d5b784e3036e0063b5e3c391
Ir111,N2,pbe_d3,-0.675,-0.61,+0.062,11b026e8de754c84d5b784e3036e0063b5e3c391
Ir111,N2,beef_vdw,-0.432,-0.61,-0.181,11b026e8de754c84d5b784e3036e0063b5e3c391
Ir111,NH3,pbe,-0.989,-1.57,-0.580,11b026e8de754c84d5b784e3036e0063b5e3c391
Ir111,NH3,pbe_d3,-1.318,-1.57,-0.250,11b026e8de754c84d5b784e3036e0063b5e3c391
Ir111,NH3,r2scan,-1.178,-1.57,-0.390,11b026e8de754c84d5b784e3036e0063b5e3c391
Ir111,NO,pbe,-2.253,-2.50,-0.246,11b026e8de754c84d5b784e3036e0063b5e3c391
Ir111,NO,pbe_d3,-2.508,-2.50,+0.010,11b026e8de754c84d5b784e3036e0063b5e3c391
Ir111,SO2,pbe,-1.061,-1.45,-0.394,11b026e8de754c84d5b784e3036e0063b5e3c391
Ir111,SO2,pbe_d3,-1.601,-1.45,+0.146,11b026e8de754c84d5b784e3036e0063b5e3c391
Ir111,acetaldehyde,pbe,-0.354,-0.64,-0.291,11b026e8de754c84d5b784e3036e0063b5e3c391
Ir111,acetaldehyde,pbe_d3,-0.728,-0.64,+0.083,11b026e8de754c84d5b784e3036e0063b5e3c391
Ir111,acetaldehyde,r2scan,-0.583,-0.64,-0.062,11b026e8de754c84d5b784e3036e0063b5e3c391
Ir111,acetaldehyde,beef_vdw,-0.593,-0.64,-0.052,11b026e8de754c84d5b784e3036e0063b5e3c391
Ir111,acetic_acid,r2scan,-0.65,-0.83,-0.18,11b026e8de754c84d5b784e3036e0063b5e3c391
Ir111,acetic_acid,beef_vdw,-0.666,-0.83,-0.160,11b026e8de754c84d5b784e3036e0063b5e3c391
Ir111,ethane,pbe,-0.005,-0.38,-0.371,11b026e8de754c84d5b784e3036e0063b5e3c391
Ir111,ethane,pbe_d3,-0.346,-0.38,-0.030,11b026e8de754c84d5b784e3036e0063b5e3c391
Ir111,ethane,r2scan,-0.073,-0.38,-0.303,11b026e8de754c84d5b784e3036e0063b5e3c391
Ir111,ethane,beef_vdw,-0.314,-0.38,-0.061,11b026e8de754c84d5b784e3036e0063b5e3c391
Ir111,ethanol,pbe,-0.335,-0.64,-0.305,11b026e8de754c84d5b784e3036e0063b5e3c391
Ir111,ethanol,pbe_d3,-0.868,-0.64,+0.229,11b026e8de754c84d5b784e3036e0063b5e3c391
Ir111,ethanol,r2scan,-0.600,-0.64,-0.039,11b026e8de754c84d5b784e3036e0063b5e3c391
Ir111,ethanol,beef_vdw,-0.685,-0.64,+0.046,11b026e8de754c84d5b784e3036e0063b5e3c391
Ir111,ethene,pbe,-0.794,-1.37,-0.577,11b026e8de754c84d5b784e3036e0063b5e3c391
Ir111,ethene,pbe_d3,-1.262,-1.37,-0.109,11b026e8de754c84d5b784e3036e0063b5e3c391
Ir111,ethene,r2scan,-1.061,-1.37,-0.310,11b026e8de754c84d5b784e3036e0063b5e3c391
Ir111,ethene,beef_vdw,-1.006,-1.37,-0.365,11b026e8de754c84d5b784e3036e0063b5e3c391
Ir111,formaldehyde,pbe,-0.273,-0.60,-0.323,11b026e8de754c84d5b784e3036e0063b5e3c391
Ir111,formaldehyde,pbe_d3,-0.594,-0.60,-0.002,11b026e8de754c84d5b784e3036e0063b5e3c391
Ir111,formaldehyde,beef_vdw,-0.465,-0.60,-0.131,11b026e8de754c84d5b784e3036e0063b5e3c391
Ir111,formic_acid,pbe,-0.347,-0.84,-0.488,11b026e8de754c84d5b784e3036e0063b5e3c391
Ir111,formic_acid,pbe_d3,-0.751,-0.84,-0.084,11b026e8de754c84d5b784e3036e0063b5e3c391
Ir111,formic_acid,beef_vdw,-0.555,-0.84,-0.280,11b026e8de754c84d5b784e3036e0063b5e3c391
Ir111,methane,pbe,-0.000,-0.53,-0.531,11b026e8de754c84d5b784e3036e0063b5e3c391
Ir111,methane,pbe_d3,-0.215,-0.53,-0.316,11b026e8de754c84d5b784e3036e0063b5e3c391
Ir111,methane,r2scan,-0.043,-0.53,-0.488,11b026e8de754c84d5b784e3036e0063b5e3c391
Ir111,methane,beef_vdw,-0.214,-0.53,-0.317,11b026e8de754c84d5b784e3036e0063b5e3c391
Ir111,methanol,pbe,-0.344,-0.70,-0.359,11b026e8de754c84d5b784e3036e0063b5e3c391
Ir111,methanol,pbe_d3,-0.754,-0.70,+0.051,11b026e8de754c84d5b784e3036e0063b5e3c391
Ir111,methanol,r2scan,-0.58,-0.70,-0.12,11b026e8de754c84d5b784e3036e0063b5e3c391
Ir111,methanol,beef_vdw,-0.602,-0.70,-0.101,11b026e8de754c84d5b784e3036e0063b5e3c391
Pd100,CH3,pbe,-1.945,-2.50,-0.555,11b026e8de754c84d5b784e3036e0063b5e3c391
Pd100,CH3,pbe_d3,-2.204,-2.50,-0.296,11b026e8de754c84d5b784e3036e0063b5e3c391
Pd100,CH3,r2scan,-1.995,-2.50,-0.505,11b026e8de754c84d5b784e3036e0063b5e3c391
Pd100,CO,pbe,-2.084,-2.31,-0.230,11b026e8de754c84d5b784e3036e0063b5e3c391
Pd100,CO,pbe_d3,-2.333,-2.31,+0.019,11b026e8de754c84d5b784e3036e0063b5e3c391
Pd100,CO,r2scan,-2.257,-2.31,-0.057,11b026e8de754c84d5b784e3036e0063b5e3c391
Pd100,CO2,pbe,-0.39,-0.47,-0.08,11b026e8de754c84d5b784e3036e0063b5e3c391
Pd100,CO2,r2scan,-0.64,-0.47,+0.17,11b026e8de754c84d5b784e3036e0063b5e3c391
Pd100,DME,pbe,-4.98,-0.51,+4.47,11b026e8de754c84d5b784e3036e0063b5e3c391
Pd100,DME,r2scan,-0.688,-0.51,+0.174,11b026e8de754c84d5b784e3036e0063b5e3c391
Pd100,H2O,pbe,-0.436,-0.73,-0.296,11b026e8de754c84d5b784e3036e0063b5e3c391
Pd100,H2O,pbe_d3,-0.664,-0.73,-0.068,11b026e8de754c84d5b784e3036e0063b5e3c391
Pd100,H2O,r2scan,-0.629,-0.73,-0.104,11b026e8de754c84d5b784e3036e0063b5e3c391
Pd100,H2S,pbe,-0.932,-1.21,-0.280,11b026e8de754c84d5b784e3036e0063b5e3c391
Pd100,H2S,pbe_d3,-1.369,-1.21,+0.157,11b026e8de754c84d5b784e3036e0063b5e3c391
Pd100,H2S,r2scan,-1.156,-1.21,-0.056,11b026e8de754c84d5b784e3036e0063b5e3c391
Pd100,N2,pbe,-0.512,-0.48,+0.037,11b026e8de754c84d5b784e3036e0063b5e3c391
Pd100,N2,pbe_d3,-0.758,-0.48,+0.282,11b026e8de754c84d5b784e3036e0063b5e3c391
Pd100,N2,r2scan,-0.660,-0.48,+0.185,11b026e8de754c84d5b784e3036e0063b5e3c391
Pd100,NH3,pbe,-0.956,-1.34,-0.381,11b026e8de754c84d5b784e3036e0063b5e3c391
Pd100,NH3,pbe_d3,-1.231,-1.34,-0.106,11b026e8de754c84d5b784e3036e0063b5e3c391
Pd100,NH3,r2scan,-1.146,-1.34,-0.192,11b026e8de754c84d5b784e3036e0063b5e3c391
Pd100,NO,pbe,-2.626,-2.37,+0.259,11b026e8de754c84d5b784e3036e0063b5e3c391
Pd100,NO,pbe_d3,-2.877,-2.37,+0.510,11b026e8de754c84d5b784e3036e0063b5e3c391
Pd100,SO2,pbe,-1.522,-1.68,-0.161,11b026e8de754c84d5b784e3036e0063b5e3c391
Pd100,SO2,pbe_d3,-2.077,-1.68,+0.394,11b026e8de754c84d5b784e3036e0063b5e3c391
Pd100,acetaldehyde,pbe,-0.434,-0.71,-0.274,11b026e8de754c84d5b784e3036e0063b5e3c391
Pd100,acetaldehyde,pbe_d3,-0.834,-0.71,+0.127,11b026e8de754c84d5b784e3036e0063b5e3c391
Pd100,acetaldehyde,r2scan,-0.685,-0.71,-0.022,11b026e8de754c84d5b784e3036e0063b5e3c391
Pd100,acetic_acid,r2scan,-0.870,-0.78,+0.093,11b026e8de754c84d5b784e3036e0063b5e3c391
Pd100,ethane,pbe,-0.42,-0.51,-0.10,11b026e8de754c84d5b784e3036e0063b5e3c391
Pd100,ethane,pbe_d3,-0.78,-0.51,+0.26,11b026e8de754c84d5b784e3036e0063b5e3c391
Pd100,ethane,r2scan,-0.69,-0.51,+0.18,11b026e8de754c84d5b784e3036e0063b5e3c391
Pd100,ethanol,pbe,-0.65,-0.71,-0.06,11b026e8de754c84d5b784e3036e0063b5e3c391
Pd100,ethanol,pbe_d3,-1.10,-0.71,+0.39,11b026e8de754c84d5b784e3036e0063b5e3c391
Pd100,ethanol,r2scan,-1.03,-0.71,+0.33,11b026e8de754c84d5b784e3036e0063b5e3c391
Pd100,ethene,pbe,-1.053,-1.44,-0.387,11b026e8de754c84d5b784e3036e0063b5e3c391
Pd100,ethene,pbe_d3,-1.478,-1.44,+0.038,11b026e8de754c84d5b784e3036e0063b5e3c391
Pd100,ethene,r2scan,-1.380,-1.44,-0.060,11b026e8de754c84d5b784e3036e0063b5e3c391
Pd100,formaldehyde,pbe,-0.747,-1.22,-0.476,11b026e8de754c84d5b784e3036e0063b5e3c391
Pd100,formaldehyde,pbe_d3,-1.110,-1.22,-0.112,11b026e8de754c84d5b784e3036e0063b5e3c391
Pd100,formaldehyde,r2scan,-1.126,-1.22,-0.097,11b026e8de754c84d5b784e3036e0063b5e3c391
Pd100,formic_acid,pbe,-0.590,-0.73,-0.141,11b026e8de754c84d5b784e3036e0063b5e3c391
Pd100,formic_acid,pbe_d3,-0.967,-0.73,+0.236,11b026e8de754c84d5b784e3036e0063b5e3c391
Pd100,glycerol,pbe,-0.81,-0.95,-0.13,11b026e8de754c84d5b784e3036e0063b5e3c391
Pd100,glycerol,pbe_d3,-1.60,-0.95,+0.65,11b026e8de754c84d5b784e3036e0063b5e3c391
Pd100,glycerol,r2scan,-1.34,-0.95,+0.40,11b026e8de754c84d5b784e3036e0063b5e3c391
Pd100,isopropanol,pbe,-0.68,-0.82,-0.14,11b026e8de754c84d5b784e3036e0063b5e3c391
Pd100,isopropanol,pbe_d3,-1.27,-0.82,+0.45,11b026e8de754c84d5b784e3036e0063b5e3c391
Pd100,isopropanol,r2scan,-1.11,-0.82,+0.29,11b026e8de754c84d5b784e3036e0063b5e3c391
Pd100,methane,pbe,-0.183,-0.61,-0.426,11b026e8de754c84d5b784e3036e0063b5e3c391
Pd100,methane,pbe_d3,-0.423,-0.61,-0.186,11b026e8de754c84d5b784e3036e0063b5e3c391
Pd100,methane,r2scan,-0.341,-0.61,-0.268,11b026e8de754c84d5b784e3036e0063b5e3c391
Pd100,methanol,pbe,-0.444,-0.64,-0.193,11b026e8de754c84d5b784e3036e0063b5e3c391
Pd100,methanol,pbe_d3,-0.800,-0.64,+0.164,11b026e8de754c84d5b784e3036e0063b5e3c391
Pd100,methanol,r2scan,-0.693,-0.64,+0.057,11b026e8de754c84d5b784e3036e0063b5e3c391
Pd100,propane,pbe,-0.43,-0.62,-0.19,11b026e8de754c84d5b784e3036e0063b5e3c391
Pd100,propane,pbe_d3,-0.91,-0.62,+0.30,11b026e8de754c84d5b784e3036e0063b5e3c391
Pd100,propane,r2scan,-0.78,-0.62,+0.16,11b026e8de754c84d5b784e3036e0063b5e3c391
Pd100,propanol,pbe,-0.69,-0.80,-0.11,11b026e8de754c84d5b784e3036e0063b5e3c391
Pd100,propanol,pbe_d3,-1.25,-0.80,+0.46,11b026e8de754c84d5b784e3036e0063b5e3c391
Pd100,propanol,r2scan,-1.10,-0.80,+0.30,11b026e8de754c84d5b784e3036e0063b5e3c391
Pd100,propene,pbe,-1.13,-1.46,-0.33,11b026e8de754c84d5b784e3036e0063b5e3c391
Pd100,propene,pbe_d3,-1.72,-1.46,+0.26,11b026e8de754c84d5b784e3036e0063b5e3c391
Pd100,propene,r2scan,-1.64,-1.46,+0.18,11b026e8de754c84d5b784e3036e0063b5e3c391
Pd110,CH3,pbe,-2.024,-2.49,-0.463,11b026e8de754c84d5b784e3036e0063b5e3c391
Pd110,CH3,pbe_d3,-2.268,-2.49,-0.219,11b026e8de754c84d5b784e3036e0063b5e3c391
Pd110,CH3,r2scan,-2.009,-2.49,-0.478,11b026e8de754c84d5b784e3036e0063b5e3c391
Pd110,CO,pbe,-2.163,-2.27,-0.111,11b026e8de754c84d5b784e3036e0063b5e3c391
Pd110,CO,pbe_d3,-2.372,-2.27,+0.098,11b026e8de754c84d5b784e3036e0063b5e3c391
Pd110,CO,r2scan,-2.230,-2.27,-0.043,11b026e8de754c84d5b784e3036e0063b5e3c391
Pd110,CO2,pbe,-0.143,-0.48,-0.338,11b026e8de754c84d5b784e3036e0063b5e3c391
Pd110,CO2,r2scan,-0.278,-0.48,-0.203,11b026e8de754c84d5b784e3036e0063b5e3c391
Pd110,DME,pbe,-4.99,-0.55,+4.44,11b026e8de754c84d5b784e3036e0063b5e3c391
Pd110,DME,r2scan,-0.711,-0.55,+0.156,11b026e8de754c84d5b784e3036e0063b5e3c391
Pd110,H2O,pbe,-0.483,-0.86,-0.377,11b026e8de754c84d5b784e3036e0063b5e3c391
Pd110,H2O,pbe_d3,-0.710,-0.86,-0.149,11b026e8de754c84d5b784e3036e0063b5e3c391
Pd110,H2O,r2scan,-0.681,-0.86,-0.178,11b026e8de754c84d5b784e3036e0063b5e3c391
Pd110,H2S,pbe,-1.051,-1.25,-0.198,11b026e8de754c84d5b784e3036e0063b5e3c391
Pd110,H2S,pbe_d3,-1.496,-1.25,+0.247,11b026e8de754c84d5b784e3036e0063b5e3c391
Pd110,H2S,r2scan,-1.201,-1.25,-0.048,11b026e8de754c84d5b784e3036e0063b5e3c391
Pd110,N2,pbe,-0.549,-0.54,+0.008,11b026e8de754c84d5b784e3036e0063b5e3c391
Pd110,N2,pbe_d3,-0.775,-0.54,+0.233,11b026e8de754c84d5b784e3036e0063b5e3c391
Pd110,NH3,pbe,-0.928,-1.39,-0.463,11b026e8de754c84d5b784e3036e0063b5e3c391
Pd110,NH3,pbe_d3,-1.204,-1.39,-0.187,11b026e8de754c84d5b784e3036e0063b5e3c391
Pd110,NH3,r2scan,-1.023,-1.39,-0.368,11b026e8de754c84d5b784e3036e0063b5e3c391
Pd110,NO,pbe,-2.795,-2.41,+0.381,11b026e8de754c84d5b784e3036e0063b5e3c391
Pd110,NO,pbe_d3,-3.000,-2.41,+0.586,11b026e8de754c84d5b784e3036e0063b5e3c391
Pd110,SO2,pbe,-1.700,-1.66,+0.037,11b026e8de754c84d5b784e3036e0063b5e3c391
Pd110,SO2,pbe_d3,-2.248,-1.66,+0.585,11b026e8de754c84d5b784e3036e0063b5e3c391
Pd110,acetaldehyde,pbe,-0.395,-0.80,-0.401,11b026e8de754c84d5b784e3036e0063b5e3c391
Pd110,acetaldehyde,pbe_d3,-0.820,-0.80,+0.025,11b026e8de754c84d5b784e3036e0063b5e3c391
Pd110,acetaldehyde,r2scan,-0.664,-0.80,-0.132,11b026e8de754c84d5b784e3036e0063b5e3c391
Pd110,acetic_acid,r2scan,-0.882,-0.85,+0.027,11b026e8de754c84d5b784e3036e0063b5e3c391
Pd110,ethane,pbe,-0.31,-0.57,-0.26,11b026e8de754c84d5b784e3036e0063b5e3c391
Pd110,ethane,pbe_d3,-0.67,-0.57,+0.11,11b026e8de754c84d5b784e3036e0063b5e3c391
Pd110,ethane,r2scan,-0.59,-0.57,+0.02,11b026e8de754c84d5b784e3036e0063b5e3c391
Pd110,ethanol,pbe,-0.69,-0.82,-0.13,11b026e8de754c84d5b784e3036e0063b5e3c391
Pd110,ethanol,pbe_d3,-1.19,-0.82,+0.37,11b026e8de754c84d5b784e3036e0063b5e3c391
Pd110,ethanol,r2scan,-1.10,-0.82,+0.28,11b026e8de754c84d5b784e3036e0063b5e3c391
Pd110,ethene,pbe,-1.076,-1.60,-0.525,11b026e8de754c84d5b784e3036e0063b5e3c391
Pd110,ethene,pbe_d3,-1.491,-1.60,-0.110,11b026e8de754c84d5b784e3036e0063b5e3c391
Pd110,ethene,r2scan,-1.307,-1.60,-0.294,11b026e8de754c84d5b784e3036e0063b5e3c391
Pd110,formaldehyde,pbe,-0.926,-1.04,-0.116,11b026e8de754c84d5b784e3036e0063b5e3c391
Pd110,formaldehyde,pbe_d3,-1.241,-1.04,+0.199,11b026e8de754c84d5b784e3036e0063b5e3c391
Pd110,formaldehyde,r2scan,-1.180,-1.04,+0.138,11b026e8de754c84d5b784e3036e0063b5e3c391
Pd110,formic_acid,pbe,-0.585,-0.79,-0.206,11b026e8de754c84d5b784e3036e0063b5e3c391
Pd110,formic_acid,pbe_d3,-0.978,-0.79,+0.187,11b026e8de754c84d5b784e3036e0063b5e3c391
Pd110,formic_acid,r2scan,-0.849,-0.79,+0.059,11b026e8de754c84d5b784e3036e0063b5e3c391
Pd110,glycerol,pbe,-1.01,-1.27,-0.26,11b026e8de754c84d5b784e3036e0063b5e3c391
Pd110,glycerol,pbe_d3,-1.82,-1.27,+0.55,11b026e8de754c84d5b784e3036e0063b5e3c391
Pd110,glycerol,r2scan,-1.63,-1.27,+0.36,11b026e8de754c84d5b784e3036e0063b5e3c391
Pd110,isopropanol,pbe,-0.70,-0.93,-0.23,11b026e8de754c84d5b784e3036e0063b5e3c391
Pd110,isopropanol,pbe_d3,-1.30,-0.93,+0.38,11b026e8de754c84d5b784e3036e0063b5e3c391
Pd110,isopropanol,r2scan,-1.16,-0.93,+0.23,11b026e8de754c84d5b784e3036e0063b5e3c391
Pd110,methane,pbe,-0.103,-0.63,-0.525,11b026e8de754c84d5b784e3036e0063b5e3c391
Pd110,methane,pbe_d3,-0.350,-0.63,-0.279,11b026e8de754c84d5b784e3036e0063b5e3c391
Pd110,methane,r2scan,-0.263,-0.63,-0.365,11b026e8de754c84d5b784e3036e0063b5e3c391
Pd110,methanol,pbe,-0.502,-0.77,-0.265,11b026e8de754c84d5b784e3036e0063b5e3c391
Pd110,methanol,pbe_d3,-0.855,-0.77,+0.087,11b026e8de754c84d5b784e3036e0063b5e3c391
Pd110,methanol,r2scan,-0.764,-0.77,-0.004,11b026e8de754c84d5b784e3036e0063b5e3c391
Pd110,propane,pbe,-0.38,-0.60,-0.23,11b026e8de754c84d5b784e3036e0063b5e3c391
Pd110,propane,pbe_d3,-0.91,-0.60,+0.30,11b026e8de754c84d5b784e3036e0063b5e3c391
Pd110,propane,r2scan,-0.79,-0.60,+0.18,11b026e8de754c84d5b784e3036e0063b5e3c391
Pd110,propanol,pbe,-0.65,-0.89,-0.24,11b026e8de754c84d5b784e3036e0063b5e3c391
Pd110,propanol,pbe_d3,-1.26,-0.89,+0.37,11b026e8de754c84d5b784e3036e0063b5e3c391
Pd110,propanol,r2scan,-1.14,-0.89,+0.25,11b026e8de754c84d5b784e3036e0063b5e3c391
Pd110,propene,pbe,-1.35,-1.54,-0.19,11b026e8de754c84d5b784e3036e0063b5e3c391
Pd110,propene,pbe_d3,-1.90,-1.54,+0.36,11b026e8de754c84d5b784e3036e0063b5e3c391
Pd110,propene,r2scan,-1.77,-1.54,+0.24,11b026e8de754c84d5b784e3036e0063b5e3c391
Pd111,CH3,pbe,-1.94,-2.45,-0.51,11b026e8de754c84d5b784e3036e0063b5e3c391
Pd111,CH3,pbe_d3,-2.21,-2.45,-0.24,11b026e8de754c84d5b784e3036e0063b5e3c391
Pd111,CO2,pbe,-0.387,-0.45,-0.061,11b026e8de754c84d5b784e3036e0063b5e3c391
Pd111,CO2,r2scan,-0.66,-0.45,+0.21,11b026e8de754c84d5b784e3036e0063b5e3c391
Pd111,DME,pbe,-4.96,-0.49,+4.46,11b026e8de754c84d5b784e3036e0063b5e3c391
Pd111,DME,r2scan,-0.70,-0.49,+0.21,11b026e8de754c84d5b784e3036e0063b5e3c391
Pd111,H2O,pbe,-0.43,-0.70,-0.27,11b026e8de754c84d5b784e3036e0063b5e3c391
Pd111,H2O,pbe_d3,-0.66,-0.70,-0.04,11b026e8de754c84d5b784e3036e0063b5e3c391
Pd111,H2S,pbe,-0.79,-1.01,-0.22,11b026e8de754c84d5b784e3036e0063b5e3c391
Pd111,H2S,pbe_d3,-1.23,-1.01,+0.22,11b026e8de754c84d5b784e3036e0063b5e3c391
Pd111,N2,pbe,-0.37,-0.38,-0.01,11b026e8de754c84d5b784e3036e0063b5e3c391
Pd111,N2,pbe_d3,-0.64,-0.38,+0.26,11b026e8de754c84d5b784e3036e0063b5e3c391
Pd111,NH3,pbe,-0.89,-1.33,-0.44,11b026e8de754c84d5b784e3036e0063b5e3c391
Pd111,NH3,pbe_d3,-1.19,-1.33,-0.14,11b026e8de754c84d5b784e3036e0063b5e3c391
Pd111,NO,pbe,-2.78,-2.41,+0.36,11b026e8de754c84d5b784e3036e0063b5e3c391
Pd111,NO,pbe_d3,-3.02,-2.41,+0.61,11b026e8de754c84d5b784e3036e0063b5e3c391
Pd111,SO2,pbe,-1.24,-1.35,-0.11,11b026e8de754c84d5b784e3036e0063b5e3c391
Pd111,SO2,pbe_d3,-1.83,-1.35,+0.48,11b026e8de754c84d5b784e3036e0063b5e3c391
Pd111,acetaldehyde,pbe,-0.36,-0.64,-0.28,11b026e8de754c84d5b784e3036e0063b5e3c391
Pd111,acetaldehyde,pbe_d3,-0.79,-0.64,+0.15,11b026e8de754c84d5b784e3036e0063b5e3c391
Pd111,acetaldehyde,r2scan,-0.67,-0.64,+0.03,11b026e8de754c84d5b784e3036e0063b5e3c391
Pd111,acetic_acid,r2scan,-0.82,-0.70,+0.12,11b026e8de754c84d5b784e3036e0063b5e3c391
Pd111,ethane,pbe,-0.398,-0.46,-0.057,11b026e8de754c84d5b784e3036e0063b5e3c391
Pd111,ethane,pbe_d3,-0.792,-0.46,+0.337,11b026e8de754c84d5b784e3036e0063b5e3c391
Pd111,ethane,r2scan,-0.67,-0.46,+0.21,11b026e8de754c84d5b784e3036e0063b5e3c391
Pd111,ethanol,pbe,-0.643,-0.67,-0.031,11b026e8de754c84d5b784e3036e0063b5e3c391
Pd111,ethanol,pbe_d3,-1.142,-0.67,+0.468,11b026e8de754c84d5b784e3036e0063b5e3c391
Pd111,ethanol,r2scan,-1.087,-0.67,+0.413,11b026e8de754c84d5b784e3036e0063b5e3c391
Pd111,ethene,pbe,-0.88,-1.27,-0.39,11b026e8de754c84d5b784e3036e0063b5e3c391
Pd111,ethene,pbe_d3,-1.31,-1.27,+0.04,11b026e8de754c84d5b784e3036e0063b5e3c391
Pd111,ethene,r2scan,-1.18,-1.27,-0.09,11b026e8de754c84d5b784e3036e0063b5e3c391
Pd111,formaldehyde,pbe,-0.35,-0.50,-0.15,11b026e8de754c84d5b784e3036e0063b5e3c391
Pd111,formaldehyde,pbe_d3,-0.66,-0.50,+0.16,11b026e8de754c84d5b784e3036e0063b5e3c391
Pd111,formic_acid,pbe,-0.52,-0.70,-0.18,11b026e8de754c84d5b784e3036e0063b5e3c391
Pd111,formic_acid,pbe_d3,-0.91,-0.70,+0.21,11b026e8de754c84d5b784e3036e0063b5e3c391
Pd111,glycerol,pbe,-0.85,-1.01,-0.16,11b026e8de754c84d5b784e3036e0063b5e3c391
Pd111,glycerol,pbe_d3,-1.63,-1.01,+0.62,11b026e8de754c84d5b784e3036e0063b5e3c391
Pd111,glycerol,r2scan,-1.45,-1.01,+0.44,11b026e8de754c84d5b784e3036e0063b5e3c391
Pd111,isopropanol,pbe,-0.62,-0.77,-0.15,11b026e8de754c84d5b784e3036e0063b5e3c391
Pd111,isopropanol,pbe_d3,-1.26,-0.77,+0.50,11b026e8de754c84d5b784e3036e0063b5e3c391
Pd111,isopropanol,r2scan,-1.12,-0.77,+0.36,11b026e8de754c84d5b784e3036e0063b5e3c391
Pd111,methane,pbe,-0.21,-0.58,-0.36,11b026e8de754c84d5b784e3036e0063b5e3c391
Pd111,methane,pbe_d3,-0.44,-0.58,-0.14,11b026e8de754c84d5b784e3036e0063b5e3c391
Pd111,methanol,pbe,-0.42,-0.62,-0.19,11b026e8de754c84d5b784e3036e0063b5e3c391
Pd111,methanol,pbe_d3,-0.80,-0.62,+0.18,11b026e8de754c84d5b784e3036e0063b5e3c391
Pd111,methanol,r2scan,-0.73,-0.62,+0.12,11b026e8de754c84d5b784e3036e0063b5e3c391
Pd111,propane,pbe,-0.41,-0.49,-0.08,11b026e8de754c84d5b784e3036e0063b5e3c391
Pd111,propane,pbe_d3,-0.91,-0.49,+0.42,11b026e8de754c84d5b784e3036e0063b5e3c391
Pd111,propane,r2scan,-0.78,-0.49,+0.30,11b026e8de754c84d5b784e3036e0063b5e3c391
Pd111,propanol,pbe,-0.64,-0.76,-0.11,11b026e8de754c84d5b784e3036e0063b5e3c391
Pd111,propanol,pbe_d3,-1.28,-0.76,+0.52,11b026e8de754c84d5b784e3036e0063b5e3c391
Pd111,propanol,r2scan,-1.14,-0.76,+0.38,11b026e8de754c84d5b784e3036e0063b5e3c391
Pd111,propene,pbe,-0.99,-1.18,-0.19,11b026e8de754c84d5b784e3036e0063b5e3c391
Pd111,propene,pbe_d3,-1.57,-1.18,+0.39,11b026e8de754c84d5b784e3036e0063b5e3c391
Pd111,propene,r2scan,-1.52,-1.18,+0.34,11b026e8de754c84d5b784e3036e0063b5e3c391
Pt100,CH3,pbe,-2.559,-2.77,-0.215,11b026e8de754c84d5b784e3036e0063b5e3c391
Pt100,CH3,pbe_d3,-2.912,-2.77,+0.138,11b026e8de754c84d5b784e3036e0063b5e3c391
Pt100,CH3,r2scan,-2.819,-2.77,+0.045,11b026e8de754c84d5b784e3036e0063b5e3c391
Pt100,CO,pbe,-2.527,-2.59,-0.060,11b026e8de754c84d5b784e3036e0063b5e3c391
Pt100,CO,pbe_d3,-2.845,-2.59,+0.258,11b026e8de754c84d5b784e3036e0063b5e3c391
Pt100,CO,r2scan,-2.891,-2.59,+0.304,11b026e8de754c84d5b784e3036e0063b5e3c391
Pt100,CO2,pbe,-0.80,-0.51,+0.30,11b026e8de754c84d5b784e3036e0063b5e3c391
Pt100,CO2,r2scan,-1.32,-0.51,+0.81,11b026e8de754c84d5b784e3036e0063b5e3c391
Pt100,DME,r2scan,-1.220,-0.52,+0.702,11b026e8de754c84d5b784e3036e0063b5e3c391
Pt100,H2O,pbe,-0.749,-0.73,+0.020,11b026e8de754c84d5b784e3036e0063b5e3c391
Pt100,H2O,pbe_d3,-1.031,-0.73,+0.302,11b026e8de754c84d5b784e3036e0063b5e3c391
Pt100,H2O,r2scan,-1.151,-0.73,+0.422,11b026e8de754c84d5b784e3036e0063b5e3c391
Pt100,H2S,pbe,-1.393,-1.21,+0.185,11b026e8de754c84d5b784e3036e0063b5e3c391
Pt100,H2S,pbe_d3,-1.865,-1.21,+0.657,11b026e8de754c84d5b784e3036e0063b5e3c391
Pt100,H2S,r2scan,-1.834,-1.21,+0.627,11b026e8de754c84d5b784e3036e0063b5e3c391
Pt100,N2,pbe,-0.835,-0.53,+0.300,11b026e8de754c84d5b784e3036e0063b5e3c391
Pt100,N2,pbe_d3,-1.103,-0.53,+0.568,11b026e8de754c84d5b784e3036e0063b5e3c391
Pt100,N2,r2scan,-1.177,-0.53,+0.642,11b026e8de754c84d5b784e3036e0063b5e3c391
Pt100,NH3,pbe,-1.464,-1.51,-0.046,11b026e8de754c84d5b784e3036e0063b5e3c391
Pt100,NH3,pbe_d3,-1.786,-1.51,+0.276,11b026e8de754c84d5b784e3036e0063b5e3c391
Pt100,NH3,r2scan,-1.881,-1.51,+0.371,11b026e8de754c84d5b784e3036e0063b5e3c391
Pt100,NO,pbe,-3.012,-2.56,+0.448,11b026e8de754c84d5b784e3036e0063b5e3c391
Pt100,NO,pbe_d3,-3.286,-2.56,+0.721,11b026e8de754c84d5b784e3036e0063b5e3c391
Pt100,SO2,pbe,-1.744,-1.60,+0.145,11b026e8de754c84d5b784e3036e0063b5e3c391
Pt100,SO2,pbe_d3,-2.393,-1.60,+0.793,11b026e8de754c84d5b784e3036e0063b5e3c391
Pt100,acetaldehyde,pbe,-0.711,-0.66,+0.048,11b026e8de754c84d5b784e3036e0063b5e3c391
Pt100,acetaldehyde,pbe_d3,-1.208,-0.66,+0.546,11b026e8de754c84d5b784e3036e0063b5e3c391
Pt100,acetaldehyde,r2scan,-1.08,-0.66,+0.41,11b026e8de754c84d5b784e3036e0063b5e3c391
Pt100,acetic_acid,r2scan,-1.405,-0.80,+0.608,11b026e8de754c84d5b784e3036e0063b5e3c391
Pt100,ethane,pbe,-0.80,-0.48,+0.32,11b026e8de754c84d5b784e3036e0063b5e3c391
Pt100,ethane,pbe_d3,-1.27,-0.48,+0.79,11b026e8de754c84d5b784e3036e0063b5e3c391
Pt100,ethane,r2scan,-1.33,-0.48,+0.85,11b026e8de754c84d5b784e3036e0063b5e3c391
Pt100,ethanol,pbe,-1.16,-0.71,+0.45,11b026e8de754c84d5b784e3036e0063b5e3c391
Pt100,ethanol,pbe_d3,-1.72,-0.71,+1.01,11b026e8de754c84d5b784e3036e0063b5e3c391
Pt100,ethanol,r2scan,-1.82,-0.71,+1.11,11b026e8de754c84d5b784e3036e0063b5e3c391
Pt100,ethene,pbe,-1.569,-1.61,-0.046,11b026e8de754c84d5b784e3036e0063b5e3c391
Pt100,ethene,pbe_d3,-2.107,-1.61,+0.492,11b026e8de754c84d5b784e3036e0063b5e3c391
Pt100,ethene,r2scan,-2.118,-1.61,+0.503,11b026e8de754c84d5b784e3036e0063b5e3c391
Pt100,formaldehyde,pbe,-1.197,-1.17,+0.023,11b026e8de754c84d5b784e3036e0063b5e3c391
Pt100,formaldehyde,pbe_d3,-1.592,-1.17,+0.418,11b026e8de754c84d5b784e3036e0063b5e3c391
Pt100,formaldehyde,r2scan,-1.687,-1.17,+0.513,11b026e8de754c84d5b784e3036e0063b5e3c391
Pt100,formic_acid,pbe,-0.910,-0.82,+0.087,11b026e8de754c84d5b784e3036e0063b5e3c391
Pt100,formic_acid,pbe_d3,-1.347,-0.82,+0.524,11b026e8de754c84d5b784e3036e0063b5e3c391
Pt100,formic_acid,r2scan,-1.366,-0.82,+0.542,11b026e8de754c84d5b784e3036e0063b5e3c391
Pt100,glycerol,pbe,-1.35,-1.05,+0.30,11b026e8de754c84d5b784e3036e0063b5e3c391
Pt100,glycerol,pbe_d3,-2.29,-1.05,+1.24,11b026e8de754c84d5b784e3036e0063b5e3c391
Pt100,glycerol,r2scan,-2.12,-1.05,+1.08,11b026e8de754c84d5b784e3036e0063b5e3c391
Pt100,isopropanol,pbe,-1.16,-0.79,+0.38,11b026e8de754c84d5b784e3036e0063b5e3c391
Pt100,isopropanol,pbe_d3,-1.89,-0.79,+1.10,11b026e8de754c84d5b784e3036e0063b5e3c391
Pt100,isopropanol,r2scan,-1.87,-0.79,+1.08,11b026e8de754c84d5b784e3036e0063b5e3c391
Pt100,methane,pbe,-0.510,-0.62,-0.111,11b026e8de754c84d5b784e3036e0063b5e3c391
Pt100,methane,pbe_d3,-0.796,-0.62,+0.175,11b026e8de754c84d5b784e3036e0063b5e3c391
Pt100,methane,r2scan,-0.829,-0.62,+0.208,11b026e8de754c84d5b784e3036e0063b5e3c391
Pt100,methanol,pbe,-0.775,-0.66,+0.112,11b026e8de754c84d5b784e3036e0063b5e3c391
Pt100,methanol,pbe_d3,-1.225,-0.66,+0.562,11b026e8de754c84d5b784e3036e0063b5e3c391
Pt100,methanol,r2scan,-1.247,-0.66,+0.585,11b026e8de754c84d5b784e3036e0063b5e3c391
Pt100,propane,pbe,-0.81,-0.54,+0.27,11b026e8de754c84d5b784e3036e0063b5e3c391
Pt100,propane,pbe_d3,-1.40,-0.54,+0.85,11b026e8de754c84d5b784e3036e0063b5e3c391
Pt100,propane,r2scan,-1.38,-0.54,+0.83,11b026e8de754c84d5b784e3036e0063b5e3c391
Pt100,propanol,pbe,-1.21,-0.81,+0.40,11b026e8de754c84d5b784e3036e0063b5e3c391
Pt100,propanol,pbe_d3,-1.90,-0.81,+1.09,11b026e8de754c84d5b784e3036e0063b5e3c391
Pt100,propanol,r2scan,-1.84,-0.81,+1.04,11b026e8de754c84d5b784e3036e0063b5e3c391
Pt100,propene,pbe,-2.03,-1.82,+0.21,11b026e8de754c84d5b784e3036e0063b5e3c391
Pt100,propene,pbe_d3,-2.73,-1.82,+0.91,11b026e8de754c84d5b784e3036e0063b5e3c391
Pt100,propene,r2scan,-2.81,-1.82,+0.99,11b026e8de754c84d5b784e3036e0063b5e3c391
Pt110,CH3,pbe,-2.597,-2.86,-0.263,11b026e8de754c84d5b784e3036e0063b5e3c391
Pt110,CH3,pbe_d3,-2.944,-2.86,+0.085,11b026e8de754c84d5b784e3036e0063b5e3c391
Pt110,CH3,r2scan,-2.732,-2.86,-0.127,11b026e8de754c84d5b784e3036e0063b5e3c391
Pt110,CO,pbe,-2.594,-2.63,-0.035,11b026e8de754c84d5b784e3036e0063b5e3c391
Pt110,CO,pbe_d3,-2.907,-2.63,+0.278,11b026e8de754c84d5b784e3036e0063b5e3c391
Pt110,CO2,pbe,-0.324,-0.51,-0.189,11b026e8de754c84d5b784e3036e0063b5e3c391
Pt110,CO2,r2scan,-0.595,-0.51,+0.082,11b026e8de754c84d5b784e3036e0063b5e3c391
Pt110,DME,r2scan,-1.14,-0.58,+0.56,11b026e8de754c84d5b784e3036e0063b5e3c391
Pt110,H2O,pbe,-0.735,-0.93,-0.198,11b026e8de754c84d5b784e3036e0063b5e3c391
Pt110,H2O,pbe_d3,-1.041,-0.93,+0.108,11b026e8de754c84d5b784e3036e0063b5e3c391
Pt110,H2O,r2scan,-1.087,-0.93,+0.155,11b026e8de754c84d5b784e3036e0063b5e3c391
Pt110,H2S,pbe,-2.520,-2.43,+0.092,11b026e8de754c84d5b784e3036e0063b5e3c391
Pt110,H2S,pbe_d3,-3.093,-2.43,+0.665,11b026e8de754c84d5b784e3036e0063b5e3c391
Pt110,H2S,r2scan,-2.995,-2.43,+0.566,11b026e8de754c84d5b784e3036e0063b5e3c391
Pt110,N2,pbe,-0.876,-0.66,+0.216,11b026e8de754c84d5b784e3036e0063b5e3c391
Pt110,N2,pbe_d3,-1.187,-0.66,+0.528,11b026e8de754c84d5b784e3036e0063b5e3c391
Pt110,N2,r2scan,-1.164,-0.66,+0.505,11b026e8de754c84d5b784e3036e0063b5e3c391
Pt110,NH3,pbe,-1.395,-1.62,-0.228,11b026e8de754c84d5b784e3036e0063b5e3c391
Pt110,NH3,pbe_d3,-1.775,-1.62,+0.151,11b026e8de754c84d5b784e3036e0063b5e3c391
Pt110,NH3,r2scan,-1.698,-1.62,+0.074,11b026e8de754c84d5b784e3036e0063b5e3c391
Pt110,NO,pbe,-2.690,-2.31,+0.382,11b026e8de754c84d5b784e3036e0063b5e3c391
Pt110,NO,pbe_d3,-2.964,-2.31,+0.656,11b026e8de754c84d5b784e3036e0063b5e3c391
Pt110,SO2,pbe,-1.889,-1.71,+0.181,11b026e8de754c84d5b784e3036e0063b5e3c391
Pt110,SO2,pbe_d3,-2.516,-1.71,+0.809,11b026e8de754c84d5b784e3036e0063b5e3c391
Pt110,acetaldehyde,pbe,-0.727,-0.71,+0.013,11b026e8de754c84d5b784e3036e0063b5e3c391
Pt110,acetaldehyde,pbe_d3,-1.216,-0.71,+0.502,11b026e8de754c84d5b784e3036e0063b5e3c391
Pt110,acetaldehyde,r2scan,-1.121,-0.71,+0.407,11b026e8de754c84d5b784e3036e0063b5e3c391
Pt110,acetic_acid,r2scan,-1.317,-0.94,+0.380,11b026e8de754c84d5b784e3036e0063b5e3c391
Pt110,ethane,pbe,-0.69,-0.56,+0.13,11b026e8de754c84d5b784e3036e0063b5e3c391
Pt110,ethane,pbe_d3,-1.14,-0.56,+0.58,11b026e8de754c84d5b784e3036e0063b5e3c391
Pt110,ethane,r2scan,-1.29,-0.56,+0.73,11b026e8de754c84d5b784e3036e0063b5e3c391
Pt110,ethanol,pbe,-1.10,-0.90,+0.20,11b026e8de754c84d5b784e3036e0063b5e3c391
Pt110,ethanol,pbe_d3,-1.72,-0.90,+0.82,11b026e8de754c84d5b784e3036e0063b5e3c391
Pt110,ethanol,r2scan,-1.91,-0.90,+1.01,11b026e8de754c84d5b784e3036e0063b5e3c391
Pt110,ethene,pbe,-1.624,-2.09,-0.463,11b026e8de754c84d5b784e3036e0063b5e3c391
Pt110,ethene,pbe_d3,-2.229,-2.09,+0.141,11b026e8de754c84d5b784e3036e0063b5e3c391
Pt110,ethene,r2scan,-2.084,-2.09,-0.004,11b026e8de754c84d5b784e3036e0063b5e3c391
Pt110,formaldehyde,pbe,-1.425,-1.44,-0.010,11b026e8de754c84d5b784e3036e0063b5e3c391
Pt110,formaldehyde,pbe_d3,-1.883,-1.44,+0.448,11b026e8de754c84d5b784e3036e0063b5e3c391
Pt110,formaldehyde,r2scan,-1.812,-1.44,+0.377,11b026e8de754c84d5b784e3036e0063b5e3c391
Pt110,formic_acid,pbe,-0.887,-0.92,-0.032,11b026e8de754c84d5b784e3036e0063b5e3c391
Pt110,formic_acid,pbe_d3,-1.363,-0.92,+0.444,11b026e8de754c84d5b784e3036e0063b5e3c391
Pt110,formic_acid,r2scan,-1.263,-0.92,+0.343,11b026e8de754c84d5b784e3036e0063b5e3c391
Pt110,glycerol,pbe,-1.25,-1.18,+0.07,11b026e8de754c84d5b784e3036e0063b5e3c391
Pt110,glycerol,pbe_d3,-2.20,-1.18,+1.02,11b026e8de754c84d5b784e3036e0063b5e3c391
Pt110,glycerol,r2scan,-2.15,-1.18,+0.97,11b026e8de754c84d5b784e3036e0063b5e3c391
Pt110,isopropanol,pbe,-1.15,-0.98,+0.17,11b026e8de754c84d5b784e3036e0063b5e3c391
Pt110,isopropanol,pbe_d3,-1.90,-0.98,+0.92,11b026e8de754c84d5b784e3036e0063b5e3c391
Pt110,isopropanol,r2scan,-2.00,-0.98,+1.02,11b026e8de754c84d5b784e3036e0063b5e3c391
Pt110,methane,pbe,-0.282,-0.63,-0.350,11b026e8de754c84d5b784e3036e0063b5e3c391
Pt110,methane,pbe_d3,-0.615,-0.63,-0.016,11b026e8de754c84d5b784e3036e0063b5e3c391
Pt110,methane,r2scan,-0.594,-0.63,-0.038,11b026e8de754c84d5b784e3036e0063b5e3c391
Pt110,methanol,pbe,-0.788,-0.85,-0.059,11b026e8de754c84d5b784e3036e0063b5e3c391
Pt110,methanol,pbe_d3,-1.272,-0.85,+0.425,11b026e8de754c84d5b784e3036e0063b5e3c391
Pt110,methanol,r2scan,-1.194,-0.85,+0.347,11b026e8de754c84d5b784e3036e0063b5e3c391
Pt110,propane,pbe,-0.70,-0.65,+0.05,11b026e8de754c84d5b784e3036e0063b5e3c391
Pt110,propane,pbe_d3,-1.20,-0.65,+0.55,11b026e8de754c84d5b784e3036e0063b5e3c391
Pt110,propane,r2scan,-1.37,-0.65,+0.72,11b026e8de754c84d5b784e3036e0063b5e3c391
Pt110,propanol,pbe,-1.14,-0.94,+0.21,11b026e8de754c84d5b784e3036e0063b5e3c391
Pt110,propanol,pbe_d3,-1.86,-0.94,+0.92,11b026e8de754c84d5b784e3036e0063b5e3c391
Pt110,propanol,r2scan,-1.98,-0.94,+1.04,11b026e8de754c84d5b784e3036e0063b5e3c391
Pt110,propene,pbe,-1.87,-1.71,+0.17,11b026e8de754c84d5b784e3036e0063b5e3c391
Pt110,propene,pbe_d3,-2.65,-1.71,+0.94,11b026e8de754c84d5b784e3036e0063b5e3c391
Pt110,propene,r2scan,-2.81,-1.71,+1.10,11b026e8de754c84d5b784e3036e0063b5e3c391
Pt111,CO2,pbe,-0.875,-0.49,+0.388,11b026e8de754c84d5b784e3036e0063b5e3c391
Pt111,CO2,r2scan,-1.40,-0.49,+0.92,11b026e8de754c84d5b784e3036e0063b5e3c391
Pt111,ethane,pbe,-0.86,-0.43,+0.43,11b026e8de754c84d5b784e3036e0063b5e3c391
Pt111,ethane,pbe_d3,-1.40,-0.43,+0.97,11b026e8de754c84d5b784e3036e0063b5e3c391
Pt111,ethane,r2scan,-1.42,-0.43,+0.98,11b026e8de754c84d5b784e3036e0063b5e3c391
Pt111,ethanol,pbe,-1.10,-0.64,+0.46,11b026e8de754c84d5b784e3036e0063b5e3c391
Pt111,ethanol,pbe_d3,-1.78,-0.64,+1.14,11b026e8de754c84d5b784e3036e0063b5e3c391
Pt111,ethanol,r2scan,-1.81,-0.64,+1.17,11b026e8de754c84d5b784e3036e0063b5e3c391
Pt111,ethene,pbe,-1.66,-1.79,-0.13,11b026e8de754c84d5b784e3036e0063b5e3c391
Pt111,ethene,pbe_d3,-2.31,-1.79,+0.52,11b026e8de754c84d5b784e3036e0063b5e3c391
Pt111,ethene,r2scan,-2.36,-1.79,+0.57,11b026e8de754c84d5b784e3036e0063b5e3c391
Pt111,formic_acid,pbe,-0.71,-0.75,-0.04,11b026e8de754c84d5b784e3036e0063b5e3c391
Pt111,formic_acid,pbe_d3,-1.17,-0.75,+0.42,11b026e8de754c84d5b784e3036e0063b5e3c391
Pt111,glycerol,pbe,-1.30,-0.82,+0.49,11b026e8de754c84d5b784e3036e0063b5e3c391
Pt111,glycerol,pbe_d3,-2.24,-0.82,+1.42,11b026e8de754c84d5b784e3036e0063b5e3c391
Pt111,glycerol,r2scan,-2.07,-0.82,+1.26,11b026e8de754c84d5b784e3036e0063b5e3c391
Pt111,isopropanol,pbe,-1.03,-0.71,+0.33,11b026e8de754c84d5b784e3036e0063b5e3c391
Pt111,isopropanol,pbe_d3,-1.85,-0.71,+1.14,11b026e8de754c84d5b784e3036e0063b5e3c391
Pt111,isopropanol,r2scan,-1.69,-0.71,+0.98,11b026e8de754c84d5b784e3036e0063b5e3c391
Pt111,methanol,pbe,-0.66,-0.64,+0.02,11b026e8de754c84d5b784e3036e0063b5e3c391
Pt111,methanol,pbe_d3,-1.11,-0.64,+0.47,11b026e8de754c84d5b784e3036e0063b5e3c391
Pt111,methanol,r2scan,-1.12,-0.64,+0.49,11b026e8de754c84d5b784e3036e0063b5e3c391
Pt111,propane,pbe,-0.88,-0.49,+0.39,11b026e8de754c84d5b784e3036e0063b5e3c391
Pt111,propane,pbe_d3,-1.56,-0.49,+1.07,11b026e8de754c84d5b784e3036e0063b5e3c391
Pt111,propane,r2scan,-1.46,-0.49,+0.97,11b026e8de754c84d5b784e3036e0063b5e3c391
Pt111,propanol,pbe,-1.12,-0.73,+0.39,11b026e8de754c84d5b784e3036e0063b5e3c391
Pt111,propanol,pbe_d3,-1.96,-0.73,+1.23,11b026e8de754c84d5b784e3036e0063b5e3c391
Pt111,propanol,r2scan,-1.87,-0.73,+1.14,11b026e8de754c84d5b784e3036e0063b5e3c391
Pt111,propene,pbe,-1.87,-1.68,+0.19,11b026e8de754c84d5b784e3036e0063b5e3c391
Pt111,propene,pbe_d3,-2.69,-1.68,+1.01,11b026e8de754c84d5b784e3036e0063b5e3c391
Pt111,propene,r2scan,-2.65,-1.68,+0.97,11b026e8de754c84d5b784e3036e0063b5e3c391
Rh100,CH3,pbe,-2.252,-2.76,-0.508,11b026e8de754c84d5b784e3036e0063b5e3c391
Rh100,CH3,pbe_d3,-2.526,-2.76,-0.233,11b026e8de754c84d5b784e3036e0063b5e3c391
Rh100,CH3,r2scan,-2.314,-2.76,-0.446,11b026e8de754c84d5b784e3036e0063b5e3c391
Rh100,CO,pbe,-2.443,-2.60,-0.161,11b026e8de754c84d5b784e3036e0063b5e3c391
Rh100,CO,pbe_d3,-2.686,-2.60,+0.083,11b026e8de754c84d5b784e3036e0063b5e3c391
Rh100,CO,r2scan,-2.615,-2.60,+0.011,11b026e8de754c84d5b784e3036e0063b5e3c391
Rh100,CO2,pbe,-0.365,-0.44,-0.078,11b026e8de754c84d5b784e3036e0063b5e3c391
Rh100,CO2,r2scan,-0.557,-0.44,+0.114,11b026e8de754c84d5b784e3036e0063b5e3c391
Rh100,DME,r2scan,-0.968,-0.65,+0.317,11b026e8de754c84d5b784e3036e0063b5e3c391
Rh100,H2O,pbe,-0.744,-0.89,-0.149,11b026e8de754c84d5b784e3036e0063b5e3c391
Rh100,H2O,pbe_d3,-0.967,-0.89,+0.074,11b026e8de754c84d5b784e3036e0063b5e3c391
Rh100,H2O,r2scan,-0.923,-0.89,+0.030,11b026e8de754c84d5b784e3036e0063b5e3c391
Rh100,H2S,pbe,-4.035,-4.22,-0.187,11b026e8de754c84d5b784e3036e0063b5e3c391
Rh100,H2S,pbe_d3,-4.525,-4.22,+0.304,11b026e8de754c84d5b784e3036e0063b5e3c391
Rh100,H2S,r2scan,-4.482,-4.22,+0.260,11b026e8de754c84d5b784e3036e0063b5e3c391
Rh100,N2,pbe,-1.038,-0.79,+0.247,11b026e8de754c84d5b784e3036e0063b5e3c391
Rh100,N2,pbe_d3,-1.277,-0.79,+0.486,11b026e8de754c84d5b784e3036e0063b5e3c391
Rh100,N2,r2scan,-1.225,-0.79,+0.434,11b026e8de754c84d5b784e3036e0063b5e3c391
Rh100,NH3,pbe,-1.347,-1.59,-0.239,11b026e8de754c84d5b784e3036e0063b5e3c391
Rh100,NH3,pbe_d3,-1.631,-1.59,+0.045,11b026e8de754c84d5b784e3036e0063b5e3c391
Rh100,NH3,r2scan,-1.518,-1.59,-0.068,11b026e8de754c84d5b784e3036e0063b5e3c391
Rh100,NO,pbe,-3.343,-2.83,+0.510,11b026e8de754c84d5b784e3036e0063b5e3c391
Rh100,NO,pbe_d3,-3.576,-2.83,+0.743,11b026e8de754c84d5b784e3036e0063b5e3c391
Rh100,SO2,pbe,-2.477,-2.26,+0.215,11b026e8de754c84d5b784e3036e0063b5e3c391
Rh100,SO2,pbe_d3,-2.983,-2.26,+0.721,11b026e8de754c84d5b784e3036e0063b5e3c391
Rh100,acetaldehyde,pbe,-0.776,-0.90,-0.126,11b026e8de754c84d5b784e3036e0063b5e3c391
Rh100,acetaldehyde,pbe_d3,-1.164,-0.90,+0.261,11b026e8de754c84d5b784e3036e0063b5e3c391
Rh100,acetaldehyde,r2scan,-1.020,-0.90,+0.118,11b026e8de754c84d5b784e3036e0063b5e3c391
Rh100,acetic_acid,r2scan,-1.217,-1.04,+0.175,11b026e8de754c84d5b784e3036e0063b5e3c391
Rh100,ethane,pbe,-0.373,-0.59,-0.217,11b026e8de754c84d5b784e3036e0063b5e3c391
Rh100,ethane,pbe_d3,-0.749,-0.59,+0.159,11b026e8de754c84d5b784e3036e0063b5e3c391
Rh100,ethane,r2scan,-0.634,-0.59,+0.044,11b026e8de754c84d5b784e3036e0063b5e3c391
Rh100,ethanol,pbe,-0.776,-0.90,-0.123,11b026e8de754c84d5b784e3036e0063b5e3c391
Rh100,ethanol,pbe_d3,-1.254,-0.90,+0.356,11b026e8de754c84d5b784e3036e0063b5e3c391
Rh100,ethanol,r2scan,-1.063,-0.90,+0.164,11b026e8de754c84d5b784e3036e0063b5e3c391
Rh100,ethene,pbe,-1.501,-1.97,-0.473,11b026e8de754c84d5b784e3036e0063b5e3c391
Rh100,ethene,pbe_d3,-1.969,-1.97,-0.006,11b026e8de754c84d5b784e3036e0063b5e3c391
Rh100,ethene,r2scan,-1.794,-1.97,-0.181,11b026e8de754c84d5b784e3036e0063b5e3c391
Rh100,formaldehyde,pbe,-1.400,-1.57,-0.167,11b026e8de754c84d5b784e3036e0063b5e3c391
Rh100,formaldehyde,pbe_d3,-1.726,-1.57,+0.159,11b026e8de754c84d5b784e3036e0063b5e3c391
Rh100,formaldehyde,r2scan,-1.708,-1.57,+0.140,11b026e8de754c84d5b784e3036e0063b5e3c391
Rh100,formic_acid,pbe,-0.917,-1.02,-0.099,11b026e8de754c84d5b784e3036e0063b5e3c391
Rh100,formic_acid,pbe_d3,-1.271,-1.02,+0.254,11b026e8de754c84d5b784e3036e0063b5e3c391
Rh100,formic_acid,r2scan,-1.168,-1.02,+0.152,11b026e8de754c84d5b784e3036e0063b5e3c391
Rh100,methane,pbe,-0.404,-0.66,-0.260,11b026e8de754c84d5b784e3036e0063b5e3c391
Rh100,methane,pbe_d3,-0.574,-0.66,-0.090,11b026e8de754c84d5b784e3036e0063b5e3c391
Rh100,methane,r2scan,-0.545,-0.66,-0.118,11b026e8de754c84d5b784e3036e0063b5e3c391
Rh100,methanol,pbe,-0.771,-0.83,-0.059,11b026e8de754c84d5b784e3036e0063b5e3c391
Rh100,methanol,pbe_d3,-1.122,-0.83,+0.292,11b026e8de754c84d5b784e3036e0063b5e3c391
Rh100,methanol,r2scan,-1.012,-0.83,+0.182,11b026e8de754c84d5b784e3036e0063b5e3c391
Rh110,CH3,pbe,-2.250,-2.76,-0.511,11b026e8de754c84d5b784e3036e0063b5e3c391
Rh110,CH3,pbe_d3,-2.572,-2.76,-0.189,11b026e8de754c84d5b784e3036e0063b5e3c391
Rh110,CH3,r2scan,-2.184,-2.76,-0.577,11b026e8de754c84d5b784e3036e0063b5e3c391
Rh110,CO,pbe,-2.338,-2.61,-0.275,11b026e8de754c84d5b784e3036e0063b5e3c391
Rh110,CO,pbe_d3,-2.580,-2.61,-0.033,11b026e8de754c84d5b784e3036e0063b5e3c391
Rh110,CO,r2scan,-2.173,-2.61,-0.441,11b026e8de754c84d5b784e3036e0063b5e3c391
Rh110,CO2,pbe,-0.368,-0.53,-0.159,11b026e8de754c84d5b784e3036e0063b5e3c391
Rh110,CO2,r2scan,-0.446,-0.53,-0.081,11b026e8de754c84d5b784e3036e0063b5e3c391
Rh110,DME,r2scan,-0.870,-0.75,+0.120,11b026e8de754c84d5b784e3036e0063b5e3c391
Rh110,H2O,pbe,-0.826,-1.04,-0.213,11b026e8de754c84d5b784e3036e0063b5e3c391
Rh110,H2O,pbe_d3,-1.098,-1.04,+0.058,11b026e8de754c84d5b784e3036e0063b5e3c391
Rh110,H2O,r2scan,-0.854,-1.04,-0.185,11b026e8de754c84d5b784e3036e0063b5e3c391
Rh110,H2S,pbe,-2.207,-2.43,-0.219,11b026e8de754c84d5b784e3036e0063b5e3c391
Rh110,H2S,pbe_d3,-2.683,-2.43,+0.257,11b026e8de754c84d5b784e3036e0063b5e3c391
Rh110,H2S,r2scan,-2.083,-2.43,-0.344,11b026e8de754c84d5b784e3036e0063b5e3c391
Rh110,N2,pbe,-1.182,-0.81,+0.368,11b026e8de754c84d5b784e3036e0063b5e3c391
Rh110,N2,pbe_d3,-1.457,-0.81,+0.644,11b026e8de754c84d5b784e3036e0063b5e3c391
Rh110,N2,r2scan,-1.040,-0.81,+0.226,11b026e8de754c84d5b784e3036e0063b5e3c391
Rh110,NH3,pbe,-1.271,-1.57,-0.295,11b026e8de754c84d5b784e3036e0063b5e3c391
Rh110,NH3,pbe_d3,-1.589,-1.57,+0.022,11b026e8de754c84d5b784e3036e0063b5e3c391
Rh110,NH3,r2scan,-1.268,-1.57,-0.298,11b026e8de754c84d5b784e3036e0063b5e3c391
Rh110,NO,pbe,-3.416,-3.06,+0.359,11b026e8de754c84d5b784e3036e0063b5e3c391
Rh110,NO,pbe_d3,-3.665,-3.06,+0.608,11b026e8de754c84d5b784e3036e0063b5e3c391
Rh110,SO2,pbe,-2.380,-2.35,+0.030,11b026e8de754c84d5b784e3036e0063b5e3c391
Rh110,SO2,pbe_d3,-2.931,-2.35,+0.581,11b026e8de754c84d5b784e3036e0063b5e3c391
Rh110,acetaldehyde,pbe,-1.284,-1.57,-0.282,11b026e8de754c84d5b784e3036e0063b5e3c391
Rh110,acetaldehyde,pbe_d3,-1.747,-1.57,+0.180,11b026e8de754c84d5b784e3036e0063b5e3c391
Rh110,acetaldehyde,r2scan,-1.471,-1.57,-0.095,11b026e8de754c84d5b784e3036e0063b5e3c391
Rh110,acetic_acid,r2scan,-1.129,-1.06,+0.072,11b026e8de754c84d5b784e3036e0063b5e3c391
Rh110,ethane,pbe,-0.282,-0.62,-0.339,11b026e8de754c84d5b784e3036e0063b5e3c391
Rh110,ethane,pbe_d3,-0.604,-0.62,-0.018,11b026e8de754c84d5b784e3036e0063b5e3c391
Rh110,ethane,r2scan,-0.443,-0.62,-0.178,11b026e8de754c84d5b784e3036e0063b5e3c391
Rh110,ethanol,pbe,-0.885,-1.03,-0.142,11b026e8de754c84d5b784e3036e0063b5e3c391
Rh110,ethanol,pbe_d3,-1.414,-1.03,+0.387,11b026e8de754c84d5b784e3036e0063b5e3c391
Rh110,ethanol,r2scan,-0.983,-1.03,-0.044,11b026e8de754c84d5b784e3036e0063b5e3c391
Rh110,ethene,pbe,-1.470,-1.99,-0.521,11b026e8de754c84d5b784e3036e0063b5e3c391
Rh110,ethene,pbe_d3,-1.878,-1.99,-0.114,11b026e8de754c84d5b784e3036e0063b5e3c391
Rh110,ethene,r2scan,-1.603,-1.99,-0.388,11b026e8de754c84d5b784e3036e0063b5e3c391
Rh110,formaldehyde,pbe,-1.896,-2.08,-0.187,11b026e8de754c84d5b784e3036e0063b5e3c391
Rh110,formaldehyde,pbe_d3,-2.289,-2.08,+0.206,11b026e8de754c84d5b784e3036e0063b5e3c391
Rh110,formaldehyde,r2scan,-2.092,-2.08,+0.009,11b026e8de754c84d5b784e3036e0063b5e3c391
Rh110,formic_acid,pbe,-1.047,-1.06,-0.016,11b026e8de754c84d5b784e3036e0063b5e3c391
Rh110,formic_acid,pbe_d3,-1.462,-1.06,+0.399,11b026e8de754c84d5b784e3036e0063b5e3c391
Rh110,methane,pbe,-0.397,-0.71,-0.317,11b026e8de754c84d5b784e3036e0063b5e3c391
Rh110,methane,pbe_d3,-0.708,-0.71,-0.005,11b026e8de754c84d5b784e3036e0063b5e3c391
Rh110,methane,r2scan,-0.425,-0.71,-0.288,11b026e8de754c84d5b784e3036e0063b5e3c391
Rh110,methanol,pbe,-0.867,-0.96,-0.095,11b026e8de754c84d5b784e3036e0063b5e3c391
Rh110,methanol,pbe_d3,-1.261,-0.96,+0.298,11b026e8de754c84d5b784e3036e0063b5e3c391
Rh110,methanol,r2scan,-0.920,-0.96,-0.043,11b026e8de754c84d5b784e3036e0063b5e3c391
Rh111,CH3,pbe,-2.441,-2.58,-0.135,11b026e8de754c84d5b784e3036e0063b5e3c391
Rh111,CH3,pbe_d3,-2.745,-2.58,+0.170,11b026e8de754c84d5b784e3036e0063b5e3c391
Rh111,CO,pbe,-2.710,-2.59,+0.120,11b026e8de754c84d5b784e3036e0063b5e3c391
Rh111,CO,pbe_d3,-2.980,-2.59,+0.390,11b026e8de754c84d5b784e3036e0063b5e3c391
Rh111,CO2,pbe,-0.710,-0.46,+0.250,11b026e8de754c84d5b784e3036e0063b5e3c391
Rh111,DME,r2scan,-1.41,-0.63,+0.78,11b026e8de754c84d5b784e3036e0063b5e3c391
Rh111,H2O,pbe,-1.031,-0.86,+0.175,11b026e8de754c84d5b784e3036e0063b5e3c391
Rh111,H2O,pbe_d3,-1.291,-0.86,+0.435,11b026e8de754c84d5b784e3036e0063b5e3c391
Rh111,H2S,pbe,-1.472,-1.12,+0.349,11b026e8de754c84d5b784e3036e0063b5e3c391
Rh111,H2S,pbe_d3,-1.901,-1.12,+0.778,11b026e8de754c84d5b784e3036e0063b5e3c391
Rh111,N2,pbe,-1.225,-0.72,+0.505,11b026e8de754c84d5b784e3036e0063b5e3c391
Rh111,N2,pbe_d3,-1.512,-0.72,+0.791,11b026e8de754c84d5b784e3036e0063b5e3c391
Rh111,NH3,pbe,-1.602,-1.53,+0.073,11b026e8de754c84d5b784e3036e0063b5e3c391
Rh111,NH3,pbe_d3,-1.927,-1.53,+0.397,11b026e8de754c84d5b784e3036e0063b5e3c391
Rh111,NO,pbe,-3.555,-2.83,+0.730,11b026e8de754c84d5b784e3036e0063b5e3c391
Rh111,NO,pbe_d3,-3.836,-2.83,+1.011,11b026e8de754c84d5b784e3036e0063b5e3c391
Rh111,SO2,pbe,-2.195,-1.84,+0.355,11b026e8de754c84d5b784e3036e0063b5e3c391
Rh111,SO2,pbe_d3,-2.744,-1.84,+0.904,11b026e8de754c84d5b784e3036e0063b5e3c391
Rh111,acetaldehyde,pbe,-1.004,-0.82,+0.185,11b026e8de754c84d5b784e3036e0063b5e3c391
Rh111,acetaldehyde,pbe_d3,-1.447,-0.82,+0.629,11b026e8de754c84d5b784e3036e0063b5e3c391
Rh111,acetaldehyde,r2scan,-1.34,-0.82,+0.52,11b026e8de754c84d5b784e3036e0063b5e3c391
Rh111,acetic_acid,r2scan,-1.57,-0.95,+0.63,11b026e8de754c84d5b784e3036e0063b5e3c391
Rh111,ethane,pbe,-0.702,-0.52,+0.179,11b026e8de754c84d5b784e3036e0063b5e3c391
Rh111,ethane,pbe_d3,-1.109,-0.52,+0.586,11b026e8de754c84d5b784e3036e0063b5e3c391
Rh111,ethane,r2scan,-0.82,-0.52,+0.30,11b026e8de754c84d5b784e3036e0063b5e3c391
Rh111,ethanol,pbe,-1.047,-0.81,+0.233,11b026e8de754c84d5b784e3036e0063b5e3c391
Rh111,ethanol,pbe_d3,-1.580,-0.81,+0.765,11b026e8de754c84d5b784e3036e0063b5e3c391
Rh111,ethanol,r2scan,-1.48,-0.81,+0.66,11b026e8de754c84d5b784e3036e0063b5e3c391
Rh111,ethene,pbe,-1.603,-1.54,+0.061,11b026e8de754c84d5b784e3036e0063b5e3c391
Rh111,ethene,pbe_d3,-2.062,-1.54,+0.519,11b026e8de754c84d5b784e3036e0063b5e3c391
Rh111,ethene,r2scan,-2.00,-1.54,+0.46,11b026e8de754c84d5b784e3036e0063b5e3c391
Rh111,formaldehyde,pbe,-1.554,-1.23,+0.328,11b026e8de754c84d5b784e3036e0063b5e3c391
Rh111,formaldehyde,pbe_d3,-1.719,-1.23,+0.493,11b026e8de754c84d5b784e3036e0063b5e3c391
Rh111,formic_acid,pbe,-1.109,-0.91,+0.202,11b026e8de754c84d5b784e3036e0063b5e3c391
Rh111,formic_acid,pbe_d3,-1.515,-0.91,+0.608,11b026e8de754c84d5b784e3036e0063b5e3c391
Rh111,methane,pbe,-0.655,-0.63,+0.029,11b026e8de754c84d5b784e3036e0063b5e3c391
Rh111,methane,pbe_d3,-0.950,-0.63,+0.324,11b026e8de754c84d5b784e3036e0063b5e3c391
