surface,molecule,functional,E_ads_DFT_SP,E_ads_ML_SP,delta_SP
Ag100,CO2,pbe,-0.016716,-0.362564,-0.345848
Ag100,CO2,r2scan,0.129711,-0.362564,-0.492275
Ag100,CO2,beef_vdw,-0.151821,-0.362564,-0.210743
Ag100,ethane,pbe,-0.020495,-0.294643,-0.274149
Ag100,ethane,pbe_d3,-0.021602,-0.294643,-0.273042
Ag100,ethane,r2scan,0.136341,-0.294643,-0.430985
Ag100,ethane,beef_vdw,-0.186172,-0.294643,-0.108471
Ag100,ethanol,pbe,-0.149495,-0.436077,-0.286582
Ag100,ethanol,pbe_d3,-0.236753,-0.436077,-0.199324
Ag100,ethanol,r2scan,-0.085159,-0.436077,-0.350918
Ag100,ethanol,beef_vdw,-0.353607,-0.436077,-0.08247
Ag100,ethene,pbe,-0.020847,-0.206692,-0.185845
Ag100,ethene,pbe_d3,-0.103482,-0.206692,-0.103209
Ag100,ethene,r2scan,0.060396,-0.206692,-0.267088
Ag100,ethene,beef_vdw,-0.181867,-0.206692,-0.024825
Ag100,glycerol,pbe,-0.117322,-0.682686,-0.565363
Ag100,glycerol,pbe_d3,-0.430144,-0.682686,-0.252541
Ag100,glycerol,r2scan,-0.187839,-0.682686,-0.494846
Ag100,glycerol,beef_vdw,-0.579611,-0.682686,-0.103075
Ag110,ethanol,pbe,-0.224505,-0.545704,-0.321199
Ag110,ethanol,pbe_d3,-0.474308,-0.545704,-0.071396
Ag110,ethanol,r2scan,-0.239902,-0.545704,-0.305802
Ag110,ethanol,beef_vdw,-0.372079,-0.545704,-0.173625
Ag110,ethene,pbe,-0.141595,-0.407467,-0.265872
Ag110,ethene,pbe_d3,-0.411256,-0.407467,0.003789
Ag110,ethene,r2scan,-0.179103,-0.407467,-0.228364
Ag110,ethene,beef_vdw,-0.156003,-0.407467,-0.251464
Ag110,isopropanol,pbe,-0.237413,-0.585964,-0.348551
Ag110,isopropanol,pbe_d3,-0.587492,-0.585964,0.001527
Ag110,isopropanol,r2scan,-0.294978,-0.585964,-0.290986
Ag110,isopropanol,beef_vdw,-0.463207,-0.585964,-0.122757
Ag110,propanol,pbe,-0.243158,-0.544685,-0.301528
Ag110,propanol,pbe_d3,-0.5436,-0.544685,-0.001085
Ag110,propanol,r2scan,-0.255189,-0.544685,-0.289496
Ag110,propanol,beef_vdw,-0.434177,-0.544685,-0.110508
Ag111,CO2,pbe,-0.001847,-0.356842,-0.354995
Ag111,CO2,r2scan,-0.008145,-0.356842,-0.348697
Ag111,CO2,beef_vdw,-0.15301,-0.356842,-0.203832
Ag111,ethane,pbe,-0.001734,-0.274319,-0.272584
Ag111,ethane,pbe_d3,-0.133735,-0.274319,-0.140584
Ag111,ethane,r2scan,0.000281,-0.274319,-0.2746
Ag111,ethane,beef_vdw,-0.200327,-0.274319,-0.073992
Ag111,ethanol,pbe,-0.085274,-0.375816,-0.290542
Ag111,ethanol,pbe_d3,-0.271032,-0.375816,-0.104784
Ag111,ethanol,r2scan,-0.157044,-0.375816,-0.218772
Ag111,ethanol,beef_vdw,-0.309854,-0.375816,-0.065962
Ag111,ethene,pbe,-0.033948,-0.1674,-0.133452
Ag111,ethene,pbe_d3,-0.183861,-0.1674,0.01646
Ag111,ethene,r2scan,-0.062174,-0.1674,-0.105226
Ag111,ethene,beef_vdw,-0.223215,-0.1674,0.055815
Ag111,propanol,pbe,-0.114057,-0.38913,-0.275073
Ag111,propanol,pbe_d3,-0.408185,-0.38913,0.019055
Ag111,propanol,r2scan,-0.211786,-0.38913,-0.177344
Ag111,propanol,beef_vdw,-0.438748,-0.38913,0.049618
Au111,CO,beef_vdw,-0.257631,-0.587914,-0.330282
Au111,CO2,pbe,0.012193,-0.397263,-0.409456
Au111,CO2,r2scan,0.102859,-0.397263,-0.500121
Au111,CO2,beef_vdw,-0.157386,-0.397263,-0.239876
Au111,DME,beef_vdw,-0.43814,-0.160542,0.277598
Au111,H2,beef_vdw,-0.341399,-0.242908,0.098491
Au111,H2O,beef_vdw,-0.44983,-0.513962,-0.064132
Au111,H2S,beef_vdw,-0.548898,-0.40772,0.141179
Au111,N2,beef_vdw,-0.417933,-0.085428,0.332504
Au111,NH3,beef_vdw,-0.495494,-0.536507,-0.041012
Au111,NO,beef_vdw,-7.661978,-0.68453,6.977448
Au111,SO2,beef_vdw,-0.645305,-0.260836,0.38447
Au111,acetaldehyde,beef_vdw,-0.635973,-0.267429,0.368544
Au111,acetic_acid,beef_vdw,-0.686999,-0.364731,0.322268
Au111,ethane,beef_vdw,-0.58911,-0.237324,0.351787
Au111,ethanol,beef_vdw,-0.414467,-0.277458,0.137009
Au111,ethene,pbe,-0.020577,-0.192854,-0.172277
Au111,ethene,pbe_d3,-0.099057,-0.192854,-0.093797
Au111,ethene,r2scan,0.024275,-0.192854,-0.217129
Au111,ethene,beef_vdw,-0.23967,-0.192854,0.046816
Au111,formaldehyde,beef_vdw,-0.564227,-0.206657,0.35757
Au111,formate,beef_vdw,-2.846159,-1.474586,1.371572
Au111,formic_acid,beef_vdw,-0.62548,-0.370893,0.254587
Au111,glycerol,pbe,0.251876,-0.587471,-0.839347
Au111,glycerol,pbe_d3,-0.071518,-0.587471,-0.515953
Au111,glycerol,r2scan,0.262698,-0.587471,-0.850169
Au111,glycerol,beef_vdw,-0.347971,-0.587471,-0.2395
Au111,isopropanol,pbe,0.202074,-0.328651,-0.530725
Au111,isopropanol,pbe_d3,0.018965,-0.328651,-0.347616
Au111,isopropanol,r2scan,0.263387,-0.328651,-0.592039
Au111,isopropanol,beef_vdw,-0.3001,-0.328651,-0.028551
Au111,methane,beef_vdw,-0.486012,-0.365198,0.120814
Au111,methanol,beef_vdw,-0.405131,-0.260586,0.144545
Au111,propane,pbe,0.200327,-0.243813,-0.44414
Au111,propane,pbe_d3,0.158504,-0.243813,-0.402317
Au111,propane,r2scan,0.314647,-0.243813,-0.55846
Au111,propane,beef_vdw,-0.233682,-0.243813,-0.01013
Au111,propanol,beef_vdw,-0.697742,-0.319805,0.377937
Au111,propene,pbe,0.310988,-0.204445,-0.515433
Au111,propene,pbe_d3,0.299802,-0.204445,-0.504247
Au111,propene,r2scan,0.447503,-0.204445,-0.651948
Au111,propene,beef_vdw,-0.095659,-0.204445,-0.108786
Cu100,CO,pbe,-0.774517,-1.192329,-0.417812
Cu100,CO,pbe_d3,-0.912229,-1.192329,-0.2801
Cu100,CO,r2scan,-0.643117,-1.192329,-0.549213
Cu100,CO2,pbe,-0.018852,-0.359592,-0.34074
Cu100,CO2,r2scan,0.121635,-0.359592,-0.481227
Cu100,DME,pbe,-4.702579,-0.274284,4.428294
Cu100,DME,r2scan,-0.219224,-0.274284,-0.05506
Cu100,H2O,pbe,-0.227119,-0.565048,-0.337929
Cu100,H2O,pbe_d3,-0.395095,-0.565048,-0.169954
Cu100,H2O,r2scan,-0.154422,-0.565048,-0.410626
Cu100,acetaldehyde,pbe,-0.173058,-0.602451,-0.429394
Cu100,acetaldehyde,pbe_d3,-0.40066,-0.602451,-0.201791
Cu100,acetaldehyde,r2scan,-0.153771,-0.602451,-0.448681
Cu100,acetic_acid,pbe_d3,-7.252756,-0.745911,6.506845
Cu100,acetic_acid,r2scan,-0.297445,-0.745911,-0.448466
Cu100,ethane,pbe,-0.00073,-0.3148,-0.31407
Cu100,ethane,pbe_d3,-0.278812,-0.3148,-0.035988
Cu100,ethane,r2scan,0.130669,-0.3148,-0.445469
Cu100,ethanol,pbe,-0.221076,-0.50312,-0.282044
Cu100,ethanol,pbe_d3,-0.603753,-0.50312,0.100632
Cu100,ethanol,r2scan,-0.208993,-0.50312,-0.294127
Cu100,ethene,pbe,0.174342,-0.231243,-0.405585
Cu100,ethene,pbe_d3,-0.40452,-0.231243,0.173277
Cu100,ethene,r2scan,-0.001031,-0.231243,-0.230212
Cu100,formic_acid,pbe,-0.249791,-0.528181,-0.27839
Cu100,formic_acid,pbe_d3,-0.505619,-0.528181,-0.022562
Cu100,formic_acid,r2scan,-0.205827,-0.528181,-0.322354
Cu100,methanol,pbe,-0.229864,-0.473202,-0.243337
Cu100,methanol,pbe_d3,-0.479442,-0.473202,0.00624
Cu100,methanol,r2scan,-0.191448,-0.473202,-0.281754
Cu110,CO,beef_vdw,-1.331982,-1.349632,-0.01765
Cu110,CO2,beef_vdw,-0.726983,-0.407398,0.319585
Cu110,DME,beef_vdw,-0.746508,-0.343697,0.402812
Cu110,H2O,beef_vdw,-0.865635,-0.707077,0.158558
Cu110,acetaldehyde,beef_vdw,-0.918152,-0.750141,0.16801
Cu110,acetic_acid,beef_vdw,-1.131655,-0.859619,0.272035
Cu110,ethane,beef_vdw,-0.737924,-0.426151,0.311773
Cu110,ethene,pbe,-0.187404,-0.805502,-0.618097
Cu110,ethene,pbe_d3,-0.718271,-0.805502,-0.087231
Cu110,ethene,r2scan,-0.431379,-0.805502,-0.374123
Cu110,ethene,beef_vdw,-0.12877,-0.805502,-0.676732
Cu110,formic_acid,beef_vdw,-1.02488,-0.686584,0.338296
Cu110,glycerol,beef_vdw,-1.244734,-1.067558,0.177176
Cu110,isopropanol,pbe,-0.3648,-0.724026,-0.359226
Cu110,isopropanol,pbe_d3,-0.874534,-0.724026,0.150509
Cu110,isopropanol,r2scan,-0.394902,-0.724026,-0.329124
Cu110,isopropanol,beef_vdw,-0.660562,-0.724026,-0.063464
Cu110,methanol,beef_vdw,-0.924677,-0.592899,0.331778
Cu110,propanol,pbe,-0.117314,-0.686764,-0.56945
Cu110,propanol,pbe_d3,-0.837272,-0.686764,0.150508
Cu110,propanol,r2scan,-0.383668,-0.686764,-0.303095
Cu110,propanol,beef_vdw,-0.300962,-0.686764,-0.385802
Cu110,propene,pbe,-0.371469,-0.635105,-0.263636
Cu110,propene,pbe_d3,-1.008091,-0.635105,0.372986
Cu110,propene,r2scan,-0.443002,-0.635105,-0.192103
Cu110,propene,beef_vdw,-0.537303,-0.635105,-0.097802
Cu111,CO,pbe,-0.920254,-1.240349,-0.320094
Cu111,CO,pbe_d3,-1.027625,-1.240349,-0.212724
Cu111,CO,r2scan,-0.82369,-1.240349,-0.416659
Cu111,CO,beef_vdw,-0.736633,-1.240349,-0.503716
Cu111,CO2,pbe,-0.010411,-0.363129,-0.352718
Cu111,CO2,r2scan,0.167776,-0.363129,-0.530904
Cu111,CO2,beef_vdw,-0.167772,-0.363129,-0.195356
Cu111,DME,pbe,-4.710881,-0.216393,4.494488
Cu111,DME,r2scan,-0.133568,-0.216393,-0.082824
Cu111,DME,beef_vdw,-0.390212,-0.216393,0.173819
Cu111,H2O,pbe,-0.061705,-0.475266,-0.413561
Cu111,H2O,pbe_d3,-0.179189,-0.475266,-0.296076
Cu111,H2O,r2scan,0.093692,-0.475266,-0.568958
Cu111,H2O,beef_vdw,-0.111128,-0.475266,-0.364137
Cu111,acetaldehyde,pbe,-0.146179,-0.449894,-0.303715
Cu111,acetaldehyde,pbe_d3,-0.351275,-0.449894,-0.098619
Cu111,acetaldehyde,r2scan,-0.112176,-0.449894,-0.337717
Cu111,acetaldehyde,beef_vdw,-0.310777,-0.449894,-0.139117
Cu111,acetic_acid,pbe_d3,-7.163568,-0.590637,6.572931
Cu111,acetic_acid,r2scan,-0.236629,-0.590637,-0.354009
Cu111,acetic_acid,beef_vdw,-0.417439,-0.590637,-0.173198
Cu111,ethane,pbe,-0.013995,-0.287235,-0.27324
Cu111,ethane,pbe_d3,-0.23571,-0.287235,-0.051525
Cu111,ethane,r2scan,0.138433,-0.287235,-0.425668
Cu111,ethane,beef_vdw,-0.225531,-0.287235,-0.061704
Cu111,ethanol,pbe,-0.1086,-0.380516,-0.271916
Cu111,ethanol,pbe_d3,-0.361172,-0.380516,-0.019344
Cu111,ethanol,r2scan,-0.023369,-0.380516,-0.357147
Cu111,ethanol,beef_vdw,-0.361951,-0.380516,-0.018565
Cu111,ethene,pbe,-0.034001,-0.185497,-0.151497
Cu111,ethene,pbe_d3,-0.238362,-0.185497,0.052864
Cu111,ethene,r2scan,0.105018,-0.185497,-0.290515
Cu111,ethene,beef_vdw,-0.231477,-0.185497,0.04598
Cu111,formic_acid,pbe,-0.118972,-0.384293,-0.265321
Cu111,formic_acid,pbe_d3,-0.313176,-0.384293,-0.071117
Cu111,formic_acid,r2scan,0.01131,-0.384293,-0.395603
Cu111,formic_acid,beef_vdw,-0.291699,-0.384293,-0.092594
Cu111,isopropanol,pbe,-0.133719,-0.429443,-0.295724
Cu111,isopropanol,pbe_d3,-0.518544,-0.429443,0.089101
Cu111,isopropanol,r2scan,-0.087258,-0.429443,-0.342185
Cu111,isopropanol,beef_vdw,-0.481753,-0.429443,0.05231
Cu111,methanol,pbe,-0.157705,-0.358334,-0.200628
Cu111,methanol,pbe_d3,-0.364171,-0.358334,0.005837
Cu111,methanol,r2scan,-0.093147,-0.358334,-0.265187
Cu111,methanol,beef_vdw,-0.33805,-0.358334,-0.020284
Cu111,propane,pbe,-0.018806,-0.307564,-0.288758
Cu111,propane,pbe_d3,-0.337663,-0.307564,0.0301
Cu111,propane,r2scan,0.124226,-0.307564,-0.431789
Cu111,propane,beef_vdw,-0.325533,-0.307564,0.017969
Cu111,propanol,pbe,-0.169249,-0.438148,-0.268899
Cu111,propanol,pbe_d3,-0.584975,-0.438148,0.146826
Cu111,propanol,r2scan,-0.135156,-0.438148,-0.302992
Cu111,propanol,beef_vdw,-0.515766,-0.438148,0.077618
Cu111,propene,pbe,-0.044397,-0.206791,-0.162394
Cu111,propene,pbe_d3,-0.29755,-0.206791,0.090759
Cu111,propene,r2scan,0.099538,-0.206791,-0.306329
Cu111,propene,beef_vdw,-0.30585,-0.206791,0.099059
Pd100,CO2,pbe,-0.012082,-0.471163,-0.459081
Pd100,CO2,r2scan,-0.011999,-0.471163,-0.459164
Pd100,CO2,beef_vdw,-0.186887,-0.471163,-0.284276
Pd100,ethane,pbe,0.286291,-0.513893,-0.800184
Pd100,ethane,pbe_d3,0.009317,-0.513893,-0.52321
Pd100,ethane,r2scan,0.124356,-0.513893,-0.638249
Pd100,ethane,beef_vdw,0.068808,-0.513893,-0.582701
Pd100,ethanol,pbe,0.082037,-0.706497,-0.788534
Pd100,ethanol,pbe_d3,-0.269482,-0.706497,-0.437015
Pd100,ethanol,r2scan,-0.077738,-0.706497,-0.628759
Pd100,ethanol,beef_vdw,-0.150614,-0.706497,-0.555884
Pd100,ethene,pbe,-0.730604,-1.439617,-0.709013
Pd100,ethene,pbe_d3,-1.014044,-1.439617,-0.425573
Pd100,ethene,r2scan,-0.921841,-1.439617,-0.517776
Pd100,ethene,beef_vdw,-0.775326,-1.439617,-0.664291
Pd100,glycerol,pbe,0.059747,-0.945259,-1.005006
Pd100,glycerol,pbe_d3,-0.549666,-0.945259,-0.395593
Pd100,glycerol,r2scan,-0.171535,-0.945259,-0.773724
Pd100,glycerol,beef_vdw,-0.395725,-0.945259,-0.549534
Pd100,isopropanol,pbe,0.163967,-0.819695,-0.983662
Pd100,isopropanol,pbe_d3,-0.274793,-0.819695,-0.544902
Pd100,isopropanol,r2scan,-0.022033,-0.819695,-0.797661
Pd100,isopropanol,beef_vdw,-0.169847,-0.819695,-0.649847
Pd100,propane,pbe,0.30172,-0.618076,-0.919796
Pd100,propane,pbe_d3,-0.110862,-0.618076,-0.507214
Pd100,propane,r2scan,0.091393,-0.618076,-0.709469
Pd100,propane,beef_vdw,-0.035149,-0.618076,-0.582928
Pd100,propanol,pbe,0.201573,-0.796852,-0.998426
Pd100,propanol,pbe_d3,-0.265708,-0.796852,-0.531144
Pd100,propanol,r2scan,-0.012474,-0.796852,-0.784378
Pd100,propanol,beef_vdw,-0.087161,-0.796852,-0.709691
Pd100,propene,pbe,-0.724909,-1.461826,-0.736918
Pd100,propene,pbe_d3,-1.172533,-1.461826,-0.289293
Pd100,propene,r2scan,-1.013176,-1.461826,-0.44865
Pd100,propene,beef_vdw,-0.863299,-1.461826,-0.598527
Pd110,CO2,pbe,-0.006238,-0.481079,-0.474841
Pd110,CO2,r2scan,0.019815,-0.481079,-0.500894
Pd110,CO2,beef_vdw,-0.132931,-0.481079,-0.348148
Pd110,ethane,pbe,0.203366,-0.566826,-0.770192
Pd110,ethane,pbe_d3,-0.299371,-0.566826,-0.267455
Pd110,ethane,r2scan,-0.098791,-0.566826,-0.468035
Pd110,ethane,beef_vdw,0.216758,-0.566826,-0.783584
Pd110,ethanol,pbe,0.300594,-0.819378,-1.119972
Pd110,ethanol,pbe_d3,-0.251637,-0.819378,-0.567741
Pd110,ethanol,r2scan,-0.014446,-0.819378,-0.804932
Pd110,ethanol,beef_vdw,0.302095,-0.819378,-1.121473
Pd110,ethene,pbe,-1.181582,-1.601023,-0.41944
Pd110,ethene,pbe_d3,-1.510368,-1.601023,-0.090655
Pd110,ethene,r2scan,-1.259789,-1.601023,-0.341234
Pd110,ethene,beef_vdw,-1.13914,-1.601023,-0.461883
Pd110,glycerol,pbe,-0.181028,-1.266991,-1.085963
Pd110,glycerol,pbe_d3,-1.036354,-1.266991,-0.230637
Pd110,glycerol,r2scan,-0.625744,-1.266991,-0.641246
Pd110,glycerol,beef_vdw,-0.36305,-1.266991,-0.90394
Pd110,isopropanol,pbe,0.209125,-0.928234,-1.13736
Pd110,isopropanol,pbe_d3,-0.488992,-0.928234,-0.439243
Pd110,isopropanol,r2scan,-0.160566,-0.928234,-0.767668
Pd110,isopropanol,beef_vdw,0.09893,-0.928234,-1.027165
Pd110,propane,pbe,0.216216,-0.604557,-0.820773
Pd110,propane,pbe_d3,-0.41057,-0.604557,-0.193987
Pd110,propane,r2scan,-0.15492,-0.604557,-0.449637
Pd110,propane,beef_vdw,0.154672,-0.604557,-0.759229
Pd110,propanol,pbe,0.172579,-0.894321,-1.066901
Pd110,propanol,pbe_d3,-0.526076,-0.894321,-0.368246
Pd110,propanol,r2scan,-0.167952,-0.894321,-0.72637
Pd110,propanol,beef_vdw,0.102046,-0.894321,-0.996368
Pd110,propene,pbe,-1.035294,-1.537083,-0.501789
Pd110,propene,pbe_d3,-1.515632,-1.537083,-0.021451
Pd110,propene,r2scan,-1.170191,-1.537083,-0.366892
Pd110,propene,beef_vdw,-1.14539,-1.537083,-0.391693
Pd111,CO2,pbe,0.002886,-0.447756,-0.450642
Pd111,CO2,r2scan,0.047327,-0.447756,-0.495082
Pd111,CO2,beef_vdw,-0.219761,-0.447756,-0.227994
Pd111,ethane,pbe,0.417112,-0.455055,-0.872167
Pd111,ethane,pbe_d3,0.296577,-0.455055,-0.751632
Pd111,ethane,r2scan,0.372454,-0.455055,-0.827509
Pd111,ethane,beef_vdw,0.11559,-0.455055,-0.570645
Pd111,ethanol,pbe,0.199947,-0.673756,-0.873703
Pd111,ethanol,pbe_d3,0.016718,-0.673756,-0.690474
Pd111,ethanol,r2scan,0.16283,-0.673756,-0.836585
Pd111,ethanol,beef_vdw,-0.147131,-0.673756,-0.526625
Pd111,ethene,pbe,-0.706096,-1.265545,-0.559449
Pd111,ethene,pbe_d3,-0.910449,-1.265545,-0.355096
Pd111,ethene,r2scan,-0.84133,-1.265545,-0.424215
Pd111,ethene,beef_vdw,-0.798027,-1.265545,-0.467518
Pd111,glycerol,pbe,0.268436,-1.008171,-1.276607
Pd111,glycerol,pbe_d3,-0.285881,-1.008171,-0.72229
Pd111,glycerol,r2scan,0.091683,-1.008171,-1.099854
Pd111,glycerol,beef_vdw,-0.272745,-1.008171,-0.735426
Pd111,isopropanol,pbe,0.2184,-0.766689,-0.985089
Pd111,isopropanol,pbe_d3,-0.081211,-0.766689,-0.685478
Pd111,isopropanol,r2scan,0.144185,-0.766689,-0.910874
Pd111,isopropanol,beef_vdw,-0.190598,-0.766689,-0.576091
Pd111,propane,pbe,0.314324,-0.472294,-0.786617
Pd111,propane,pbe_d3,0.043155,-0.472294,-0.515448
Pd111,propane,r2scan,0.217863,-0.472294,-0.690157
Pd111,propane,beef_vdw,-0.104793,-0.472294,-0.3675
Pd111,propanol,pbe,0.199131,-0.712898,-0.912029
Pd111,propanol,pbe_d3,-0.185175,-0.712898,-0.527723
Pd111,propanol,r2scan,0.054292,-0.712898,-0.76719
Pd111,propanol,beef_vdw,-0.222034,-0.712898,-0.490865
Pd111,propene,pbe,-0.454165,-1.175846,-0.721681
Pd111,propene,pbe_d3,-0.721973,-1.175846,-0.453873
Pd111,propene,r2scan,-0.631717,-1.175846,-0.544129
Pd111,propene,beef_vdw,-0.725165,-1.175846,-0.450681
Pt100,CO2,pbe,0.007467,-0.509066,-0.516533
Pt100,CO2,r2scan,-0.022218,-0.509066,-0.486848
Pt100,CO2,beef_vdw,-0.12863,-0.509066,-0.380436
Pt100,ethane,pbe,0.467108,-0.483349,-0.950457
Pt100,ethane,pbe_d3,0.175973,-0.483349,-0.659321
Pt100,ethane,r2scan,0.385165,-0.483349,-0.868514
Pt100,ethane,beef_vdw,0.174826,-0.483349,-0.658175
Pt100,ethanol,pbe,0.396098,-0.709301,-1.105399
Pt100,ethanol,pbe_d3,-0.006611,-0.709301,-0.70269
Pt100,ethanol,r2scan,0.284814,-0.709301,-0.994115
Pt100,ethanol,beef_vdw,0.087618,-0.709301,-0.796919
Pt100,ethene,pbe,-1.123251,-1.614788,-0.491537
Pt100,ethene,r2scan,-1.384339,-1.614788,-0.230449
Pt100,ethene,beef_vdw,-1.150759,-1.614788,-0.464029
Pt100,glycerol,pbe,0.375458,-1.045982,-1.42144
Pt100,glycerol,pbe_d3,-0.387397,-1.045982,-0.658585
Pt100,glycerol,r2scan,0.191501,-1.045982,-1.237483
Pt100,glycerol,beef_vdw,-0.127427,-1.045982,-0.918555
Pt100,isopropanol,pbe,0.39772,-0.789364,-1.187083
Pt100,isopropanol,pbe_d3,-0.086262,-0.789364,-0.703102
Pt100,isopropanol,r2scan,0.281353,-0.789364,-1.070717
Pt100,isopropanol,beef_vdw,0.025343,-0.789364,-0.814707
Pt100,propane,pbe,0.603941,-0.54427,-1.148211
Pt100,propane,pbe_d3,0.068781,-0.54427,-0.613051
Pt100,propane,r2scan,0.431783,-0.54427,-0.976052
Pt100,propane,beef_vdw,0.212849,-0.54427,-0.757119
Pt100,propanol,pbe,0.431394,-0.805489,-1.236883
Pt100,propanol,pbe_d3,-0.177131,-0.805489,-0.628358
Pt100,propanol,r2scan,0.249757,-0.805489,-1.055246
Pt100,propanol,beef_vdw,0.028996,-0.805489,-0.834484
Pt100,propene,pbe,-0.882234,-1.820869,-0.938635
Pt100,propene,pbe_d3,-1.388925,-1.820869,-0.431944
Pt100,propene,r2scan,-1.161979,-1.820869,-0.65889
Pt100,propene,beef_vdw,-1.08182,-1.820869,-0.739049
Pt110,CO2,pbe,-0.013791,-0.497896,-0.484105
Pt110,CO2,r2scan,0.040729,-0.497896,-0.538626
Pt110,CO2,beef_vdw,-0.184057,-0.497896,-0.313839
Pt110,ethane,pbe,0.429967,-0.558723,-0.98869
Pt110,ethane,pbe_d3,-0.182197,-0.558723,-0.376527
Pt110,ethane,r2scan,0.162675,-0.558723,-0.721398
Pt110,ethane,beef_vdw,0.395037,-0.558723,-0.953761
Pt110,ethanol,pbe,0.630937,-0.900631,-1.531568
Pt110,ethanol,pbe_d3,-0.054662,-0.900631,-0.845969
Pt110,ethanol,r2scan,0.346504,-0.900631,-1.247135
Pt110,ethanol,beef_vdw,0.599707,-0.900631,-1.500338
Pt110,ethene,pbe,-1.087876,-2.087566,-0.999691
Pt110,ethene,pbe_d3,-1.633567,-2.087566,-0.454
Pt110,ethene,r2scan,-1.423642,-2.087566,-0.663924
Pt110,ethene,beef_vdw,-0.949928,-2.087566,-1.137638
Pt110,glycerol,pbe,0.131789,-0.965134,-1.096923
Pt110,glycerol,pbe_d3,-0.962507,-0.965134,-0.002626
Pt110,glycerol,r2scan,-0.354909,-0.965134,-0.610225
Pt110,glycerol,beef_vdw,-0.071621,-0.965134,-0.893512
Pt110,isopropanol,pbe,0.53637,-0.976223,-1.512593
Pt110,isopropanol,pbe_d3,-0.325101,-0.976223,-0.651122
Pt110,isopropanol,r2scan,0.190303,-0.976223,-1.166526
Pt110,isopropanol,beef_vdw,0.378969,-0.976223,-1.355192
Pt110,propane,pbe,0.623245,-0.648808,-1.272053
Pt110,propane,pbe_d3,-0.119266,-0.648808,-0.529542
Pt110,propane,r2scan,0.313227,-0.648808,-0.962035
Pt110,propane,beef_vdw,0.485851,-0.648808,-1.134659
Pt110,propanol,pbe,0.716635,-0.936745,-1.653379
Pt110,propanol,pbe_d3,-0.119741,-0.936745,-0.817004
Pt110,propanol,r2scan,0.387352,-0.936745,-1.324097
Pt110,propanol,beef_vdw,0.587052,-0.936745,-1.523796
Pt110,propene,pbe,-0.469789,-1.705235,-1.235445
Pt110,propene,pbe_d3,-1.268611,-1.705235,-0.436624
Pt110,propene,r2scan,-0.883893,-1.705235,-0.821341
Pt110,propene,beef_vdw,-0.451509,-1.705235,-1.253726
Pt111,CO2,pbe,0.031065,-0.486696,-0.517762
Pt111,CO2,r2scan,0.139984,-0.486696,-0.62668
Pt111,CO2,beef_vdw,-0.215627,-0.486696,-0.271069
Pt111,ethane,pbe,0.567431,-0.433994,-1.001425
Pt111,ethane,pbe_d3,0.444498,-0.433994,-0.878492
Pt111,ethane,r2scan,0.665243,-0.433994,-1.099237
Pt111,ethane,beef_vdw,0.195647,-0.433994,-0.629641
Pt111,ethanol,pbe,0.372939,-0.598709,-0.971648
Pt111,ethanol,pbe_d3,0.146383,-0.598709,-0.745093
Pt111,ethanol,r2scan,0.440529,-0.598709,-1.039238
Pt111,ethanol,beef_vdw,-0.012199,-0.598709,-0.58651
Pt111,ethene,pbe,-0.892164,-1.323864,-0.4317
Pt111,ethene,pbe_d3,-1.041394,-1.323864,-0.28247
Pt111,ethene,r2scan,-0.915283,-1.323864,-0.408581
Pt111,ethene,beef_vdw,-1.049727,-1.323864,-0.274137
Pt111,glycerol,pbe,0.197953,-0.816826,-1.014779
Pt111,glycerol,pbe_d3,-0.364378,-0.816826,-0.452447
Pt111,glycerol,r2scan,0.193289,-0.816826,-1.010115
Pt111,glycerol,beef_vdw,-0.351664,-0.816826,-0.465162
Pt111,isopropanol,pbe,0.400961,-0.70916,-1.110121
Pt111,isopropanol,pbe_d3,0.10068,-0.70916,-0.80984
Pt111,isopropanol,r2scan,0.479393,-0.70916,-1.188552
Pt111,isopropanol,beef_vdw,-0.065293,-0.70916,-0.643867
Pt111,propane,pbe,0.579893,-0.462776,-1.042669
Pt111,propane,pbe_d3,0.236041,-0.462776,-0.698818
Pt111,propane,r2scan,0.597551,-0.462776,-1.060327
Pt111,propane,beef_vdw,0.104914,-0.462776,-0.56769
Pt111,propanol,pbe,0.33121,-0.727577,-1.058787
Pt111,propanol,pbe_d3,-0.114665,-0.727577,-0.612912
Pt111,propanol,r2scan,0.314478,-0.727577,-1.042055
Pt111,propanol,beef_vdw,-0.137636,-0.727577,-0.589942
Pt111,propene,pbe,-0.944099,-1.681343,-0.737244
Pt111,propene,pbe_d3,-1.419234,-1.681343,-0.262109
Pt111,propene,r2scan,-1.140563,-1.681343,-0.54078
Pt111,propene,beef_vdw,-1.202218,-1.681343,-0.479125
