functional,calculator,surface,molecule,E_ads_DFT,E_ads_ML,diff_eV
pbe,sevennet_omni,Ag100,CH3,-1.856667,-1.613697,0.242970
pbe,sevennet_omni,Ag100,CO,-0.975819,-0.504776,0.471043
pbe,sevennet_omni,Ag100,CO2,-1.184105,-0.362564,0.821541
pbe,sevennet_omni,Ag100,H2,-0.618625,-0.254306,0.364319
pbe,sevennet_omni,Ag100,H2O,-0.814420,-0.503517,0.310903
pbe,sevennet_omni,Ag100,H2S,-0.842538,-0.436757,0.405781
pbe,sevennet_omni,Ag100,N2,-0.637296,-0.050966,0.586330
pbe,sevennet_omni,Ag100,NH3,-1.051292,-0.726921,0.324371
pbe,sevennet_omni,Ag100,NO,-1.592671,-0.667753,0.924917
pbe,sevennet_omni,Ag100,O2,-1.676086,-0.715935,0.960152
pbe,sevennet_omni,Ag100,SO2,-1.323936,-0.544329,0.779608
pbe,sevennet_omni,Ag100,acetaldehyde,-0.718709,-0.499104,0.219606
pbe,sevennet_omni,Ag100,ethane,-1.181578,-0.294643,0.886935
pbe,sevennet_omni,Ag100,ethanol,-1.312236,-0.436077,0.876158
pbe,sevennet_omni,Ag100,ethene,-0.681989,-0.206692,0.475297
pbe,sevennet_omni,Ag100,formaldehyde,-0.718869,-0.320557,0.398312
pbe,sevennet_omni,Ag100,formate,-3.620684,-2.210442,1.410242
pbe,sevennet_omni,Ag100,formic_acid,-0.833167,-0.401838,0.431329
pbe,sevennet_omni,Ag100,glycerol,-1.350348,-0.682686,0.667663
pbe,sevennet_omni,Ag100,isopropanol,-1.319905,-0.488556,0.831349
pbe,sevennet_omni,Ag100,methane,-0.636208,-0.417955,0.218252
pbe,sevennet_omni,Ag100,methanol,-0.789296,-0.401287,0.388009
pbe,sevennet_omni,Ag100,propane,-1.176491,-0.309467,0.867023
pbe,sevennet_omni,Ag100,propanol,-1.328842,-0.471066,0.857776
pbe,sevennet_omni,Ag100,propene,-1.228980,-0.207314,1.021666
pbe,sevennet_omni,Ag110,CH3,-1.594604,-1.774620,-0.180016
pbe,sevennet_omni,Ag110,CO,-0.754526,-0.567539,0.186987
pbe,sevennet_omni,Ag110,CO2,-0.424319,-0.392284,0.032035
pbe,sevennet_omni,Ag110,H2,-0.364867,-0.266990,0.097876
pbe,sevennet_omni,Ag110,H2O,-0.649277,-0.583969,0.065308
pbe,sevennet_omni,Ag110,H2S,-0.628630,-0.503373,0.125257
pbe,sevennet_omni,Ag110,N2,-0.395756,-0.051291,0.344465
pbe,sevennet_omni,Ag110,NH3,-0.830777,-0.807743,0.023034
pbe,sevennet_omni,Ag110,NO,-1.343529,-0.813234,0.530294
pbe,sevennet_omni,Ag110,O2,-0.972402,-0.646791,0.325611
pbe,sevennet_omni,Ag110,SO2,-0.947990,-0.681448,0.266542
pbe,sevennet_omni,Ag110,acetaldehyde,-0.511187,-0.588154,-0.076967
pbe,sevennet_omni,Ag110,ethane,-0.414442,-0.380138,0.034304
pbe,sevennet_omni,Ag110,ethanol,-1.295414,-0.545704,0.749710
pbe,sevennet_omni,Ag110,ethene,-0.595300,-0.408871,0.186429
pbe,sevennet_omni,Ag110,formaldehyde,-0.533859,-0.407906,0.125954
pbe,sevennet_omni,Ag110,formate,-3.314293,-2.328859,0.985433
pbe,sevennet_omni,Ag110,formic_acid,-0.629414,-0.483854,0.145560
pbe,sevennet_omni,Ag110,glycerol,-1.405977,-0.964417,0.441560
pbe,sevennet_omni,Ag110,isopropanol,-1.308830,-0.585964,0.722865
pbe,sevennet_omni,Ag110,methane,-0.392718,-0.459803,-0.067085
pbe,sevennet_omni,Ag110,methanol,-0.624862,-0.476879,0.147983
pbe,sevennet_omni,Ag110,propane,-1.074547,-0.382557,0.691990
pbe,sevennet_omni,Ag110,propanol,-1.315561,-0.544685,0.770876
pbe,sevennet_omni,Ag110,propene,-1.265850,-0.338913,0.926937
pbe,sevennet_omni,Ag111,CH3,-1.475404,-1.534584,-0.059180
pbe,sevennet_omni,Ag111,CO,-0.590562,-0.430634,0.159928
pbe,sevennet_omni,Ag111,CO2,-1.235019,-0.356842,0.878177
pbe,sevennet_omni,Ag111,H2,-0.676372,-0.225727,0.450645
pbe,sevennet_omni,Ag111,H2O,-0.797893,-0.448456,0.349438
pbe,sevennet_omni,Ag111,H2S,-0.797291,-0.365239,0.432052
pbe,sevennet_omni,Ag111,N2,-0.697788,-0.053942,0.643847
pbe,sevennet_omni,Ag111,NH3,-0.969181,-0.604675,0.364506
pbe,sevennet_omni,Ag111,NO,-1.238404,-0.535032,0.703371
pbe,sevennet_omni,Ag111,O2,-0.710411,-0.092224,0.618187
pbe,sevennet_omni,Ag111,SO2,-0.770705,-0.276896,0.493809
pbe,sevennet_omni,Ag111,acetaldehyde,-0.715088,-0.411144,0.303943
pbe,sevennet_omni,Ag111,ethane,-1.220955,-0.274319,0.946636
pbe,sevennet_omni,Ag111,ethanol,-1.316909,-0.375816,0.941092
pbe,sevennet_omni,Ag111,ethene,-0.721977,-0.167400,0.554577
pbe,sevennet_omni,Ag111,formaldehyde,-0.719231,-0.258766,0.460464
pbe,sevennet_omni,Ag111,formate,-3.210328,-1.979294,1.231034
pbe,sevennet_omni,Ag111,formic_acid,-0.810297,-0.335066,0.475231
pbe,sevennet_omni,Ag111,glycerol,-1.398174,-0.579643,0.818530
pbe,sevennet_omni,Ag111,isopropanol,-1.334616,-0.414974,0.919642
pbe,sevennet_omni,Ag111,methane,-0.701331,-0.394754,0.306577
pbe,sevennet_omni,Ag111,methanol,-0.787926,-0.327747,0.460178
pbe,sevennet_omni,Ag111,propane,-1.233750,-0.282200,0.951550
pbe,sevennet_omni,Ag111,propanol,-1.345481,-0.389130,0.956351
pbe,sevennet_omni,Ag111,propene,-1.256069,-0.177803,1.078266
pbe,sevennet_omni,Au111,CH3,-1.279446,-1.786671,-0.507225
pbe,sevennet_omni,Au111,CO,-0.126733,-0.587914,-0.461180
pbe,sevennet_omni,Au111,CO2,-0.023896,-0.397263,-0.373367
pbe,sevennet_omni,Au111,DME,-4.652246,-0.160542,4.491705
pbe,sevennet_omni,Au111,H2,-0.000864,-0.242908,-0.242044
pbe,sevennet_omni,Au111,H2O,-0.041017,-0.513962,-0.472945
pbe,sevennet_omni,Au111,H2S,-0.144258,-0.407720,-0.263462
pbe,sevennet_omni,Au111,N2,-0.007153,-0.085428,-0.078275
pbe,sevennet_omni,Au111,NH3,-0.056887,-0.536507,-0.479620
pbe,sevennet_omni,Au111,NO,-0.657988,-0.684530,-0.026542
pbe,sevennet_omni,Au111,O2,0.390712,-0.151451,-0.542163
pbe,sevennet_omni,Au111,SO2,-0.053908,-0.260836,-0.206928
pbe,sevennet_omni,Au111,acetaldehyde,-0.051037,-0.267429,-0.216392
pbe,sevennet_omni,Au111,ethane,-0.014082,-0.237324,-0.223241
pbe,sevennet_omni,Au111,ethanol,-0.061923,-0.277458,-0.215535
pbe,sevennet_omni,Au111,ethene,-0.034434,-0.193546,-0.159112
pbe,sevennet_omni,Au111,formaldehyde,-0.068077,-0.206657,-0.138580
pbe,sevennet_omni,Au111,formate,-2.186386,-1.474586,0.711800
pbe,sevennet_omni,Au111,formic_acid,-0.099350,-0.370893,-0.271544
pbe,sevennet_omni,Au111,glycerol,-0.260326,-0.587471,-0.327145
pbe,sevennet_omni,Au111,isopropanol,-0.088369,-0.328651,-0.240282
pbe,sevennet_omni,Au111,methane,-0.004502,-0.365198,-0.360696
pbe,sevennet_omni,Au111,methanol,-0.059904,-0.260586,-0.200682
pbe,sevennet_omni,Au111,propane,-0.027341,-0.243813,-0.216471
pbe,sevennet_omni,Au111,propanol,-0.094893,-0.319805,-0.224913
pbe,sevennet_omni,Au111,propene,-0.066424,-0.204445,-0.138021
pbe,sevennet_omni,Cu100,CH3,-1.254575,-1.949505,-0.694930
pbe,sevennet_omni,Cu100,CO,-0.780810,-1.194466,-0.413656
pbe,sevennet_omni,Cu100,CO2,-0.032168,-0.361408,-0.329240
pbe,sevennet_omni,Cu100,DME,-4.755773,-0.274284,4.481489
pbe,sevennet_omni,Cu100,H2O,-0.246068,-0.565491,-0.319423
pbe,sevennet_omni,Cu100,H2S,-0.271379,-0.465184,-0.193806
pbe,sevennet_omni,Cu100,N2,-0.017629,-0.072390,-0.054761
pbe,sevennet_omni,Cu100,NH3,-0.571361,-0.902267,-0.330907
pbe,sevennet_omni,Cu100,NO,-1.769126,-1.481176,0.287950
pbe,sevennet_omni,Cu100,SO2,-0.816916,-1.088884,-0.271968
pbe,sevennet_omni,Cu100,acetaldehyde,-0.208553,-0.602451,-0.393898
pbe,sevennet_omni,Cu100,ethane,-0.013984,-0.315483,-0.301499
pbe,sevennet_omni,Cu100,ethanol,-0.237268,-0.503120,-0.265853
pbe,sevennet_omni,Cu100,ethene,-0.172277,-0.466640,-0.294363
pbe,sevennet_omni,Cu100,formaldehyde,-0.167520,-0.442123,-0.274604
pbe,sevennet_omni,Cu100,formic_acid,-0.275387,-0.530851,-0.255464
pbe,sevennet_omni,Cu100,methane,-0.015834,-0.424608,-0.408774
pbe,sevennet_omni,Cu100,methanol,-0.247231,-0.473202,-0.225971
pbe,sevennet_omni,Cu110,CH3,-1.216050,-2.267239,-1.051188
pbe,sevennet_omni,Cu110,CO,-0.485142,-1.349632,-0.864490
pbe,sevennet_omni,Cu110,CO2,0.461577,-0.407398,-0.868975
pbe,sevennet_omni,Cu110,DME,-4.337273,-0.343697,3.993576
pbe,sevennet_omni,Cu110,H2O,0.161053,-0.707077,-0.868130
pbe,sevennet_omni,Cu110,H2S,0.101653,-0.614415,-0.716068
pbe,sevennet_omni,Cu110,N2,0.355175,-0.249979,-0.605154
pbe,sevennet_omni,Cu110,NH3,-0.148269,-1.050667,-0.902398
pbe,sevennet_omni,Cu110,NO,-1.022230,-1.566687,-0.544457
pbe,sevennet_omni,Cu110,SO2,-0.656781,-1.329317,-0.672536
pbe,sevennet_omni,Cu110,acetaldehyde,0.239684,-0.750141,-0.989825
pbe,sevennet_omni,Cu110,ethane,0.476879,-0.426151,-0.903030
pbe,sevennet_omni,Cu110,ethanol,1.069082,-0.661915,-1.730997
pbe,sevennet_omni,Cu110,ethene,0.032606,-0.807285,-0.839891
pbe,sevennet_omni,Cu110,formaldehyde,0.247760,-0.624222,-0.871982
pbe,sevennet_omni,Cu110,formic_acid,0.090250,-0.686584,-0.776835
pbe,sevennet_omni,Cu110,glycerol,0.672400,-1.067558,-1.739958
pbe,sevennet_omni,Cu110,isopropanol,1.064248,-0.724026,-1.788273
pbe,sevennet_omni,Cu110,methane,0.495015,-0.497484,-0.992499
pbe,sevennet_omni,Cu110,methanol,0.137585,-0.592899,-0.730484
pbe,sevennet_omni,Cu110,propane,1.424510,-0.420559,-1.845069
pbe,sevennet_omni,Cu110,propanol,1.048480,-0.686764,-1.735244
pbe,sevennet_omni,Cu110,propene,1.035344,-0.635105,-1.670449
pbe,sevennet_omni,Cu111,CH3,0.312647,-1.867279,-2.179926
pbe,sevennet_omni,Cu111,CO,0.668656,-1.240349,-1.909004
pbe,sevennet_omni,Cu111,CO2,1.594332,-0.363129,-1.957460
pbe,sevennet_omni,Cu111,DME,-3.059265,-0.216393,2.842872
pbe,sevennet_omni,Cu111,H2O,1.546803,-0.475266,-2.022068
pbe,sevennet_omni,Cu111,H2S,1.366191,-0.383779,-1.749969
pbe,sevennet_omni,Cu111,N2,1.604271,-0.080111,-1.684382
pbe,sevennet_omni,Cu111,NH3,1.104232,-0.779190,-1.883422
pbe,sevennet_omni,Cu111,NO,0.035372,-1.412848,-1.448220
pbe,sevennet_omni,Cu111,SO2,1.054657,-0.717821,-1.772478
pbe,sevennet_omni,Cu111,acetaldehyde,1.451145,-0.449894,-1.901039
pbe,sevennet_omni,Cu111,ethane,1.593060,-0.287235,-1.880295
pbe,sevennet_omni,Cu111,ethanol,1.492665,-0.380516,-1.873181
pbe,sevennet_omni,Cu111,ethene,1.568851,-0.185497,-1.754348
pbe,sevennet_omni,Cu111,formaldehyde,1.523688,-0.265747,-1.789435
pbe,sevennet_omni,Cu111,formic_acid,1.387633,-0.386168,-1.773800
pbe,sevennet_omni,Cu111,glycerol,1.352483,-0.626617,-1.979100
pbe,sevennet_omni,Cu111,isopropanol,1.453537,-0.429443,-1.882980
pbe,sevennet_omni,Cu111,methane,1.603305,-0.411806,-2.015111
pbe,sevennet_omni,Cu111,methanol,1.447380,-0.360289,-1.807668
pbe,sevennet_omni,Cu111,propane,1.580109,-0.307564,-1.887673
pbe,sevennet_omni,Cu111,propanol,1.428251,-0.438148,-1.866399
pbe,sevennet_omni,Cu111,propene,1.551637,-0.206791,-1.758428
pbe,sevennet_omni,Ir100,CH3,-2.181030,-2.888977,-0.707947
pbe,sevennet_omni,Ir100,CO,-2.232033,-2.703773,-0.471741
pbe,sevennet_omni,Ir100,CO2,-0.023824,-0.373524,-0.349700
pbe,sevennet_omni,Ir100,DME,-4.964793,-0.483147,4.481646
pbe,sevennet_omni,Ir100,H2O,-0.487619,-0.858612,-0.370993
pbe,sevennet_omni,Ir100,H2S,-2.602726,-2.863118,-0.260392
pbe,sevennet_omni,Ir100,N2,-0.809576,-0.793016,0.016559
pbe,sevennet_omni,Ir100,NH3,-1.290406,-1.697586,-0.407180
pbe,sevennet_omni,Ir100,NO,-3.066551,-2.830984,0.235567
pbe,sevennet_omni,Ir100,SO2,-2.253995,-2.118792,0.135203
pbe,sevennet_omni,Ir100,acetaldehyde,-0.585695,-0.736790,-0.151094
pbe,sevennet_omni,Ir100,ethane,-0.002701,-0.449810,-0.447109
pbe,sevennet_omni,Ir100,ethanol,-0.533322,-0.793499,-0.260177
pbe,sevennet_omni,Ir100,ethene,-1.406640,-2.162609,-0.755969
pbe,sevennet_omni,Ir100,formaldehyde,-1.320150,-1.752533,-0.432383
pbe,sevennet_omni,Ir100,formic_acid,-0.660360,-1.023283,-0.362923
pbe,sevennet_omni,Ir100,methane,-0.000203,-0.601244,-0.601041
pbe,sevennet_omni,Ir100,methanol,-0.535323,-0.774990,-0.239667
pbe,sevennet_omni,Ir110,CH3,-2.377529,-2.929932,-0.552403
pbe,sevennet_omni,Ir110,CO,-2.321795,-2.770073,-0.448278
pbe,sevennet_omni,Ir110,CO2,-0.040991,-0.427357,-0.386366
pbe,sevennet_omni,Ir110,H2O,-0.611680,-1.008728,-0.397048
pbe,sevennet_omni,Ir110,H2S,-2.712253,-2.786946,-0.074694
pbe,sevennet_omni,Ir110,N2,-1.099176,-0.804094,0.295082
pbe,sevennet_omni,Ir110,NH3,-1.221353,-1.644333,-0.422980
pbe,sevennet_omni,Ir110,NO,-3.260952,-3.109152,0.151800
pbe,sevennet_omni,Ir110,SO2,-2.382144,-2.392138,-0.009993
pbe,sevennet_omni,Ir110,acetaldehyde,-0.787717,-0.842152,-0.054435
pbe,sevennet_omni,Ir110,ethane,-0.079428,-0.505901,-0.426473
pbe,sevennet_omni,Ir110,ethanol,-0.700515,-0.946968,-0.246453
pbe,sevennet_omni,Ir110,ethene,-1.803724,-2.245481,-0.441758
pbe,sevennet_omni,Ir110,formaldehyde,-1.860166,-2.044250,-0.184084
pbe,sevennet_omni,Ir110,formic_acid,-0.865685,-1.084211,-0.218526
pbe,sevennet_omni,Ir110,methane,-0.025802,-0.602251,-0.576449
pbe,sevennet_omni,Ir110,methanol,-0.683324,-0.898521,-0.215197
pbe,sevennet_omni,Ir111,CH3,-1.838003,-2.611053,-0.773050
pbe,sevennet_omni,Ir111,CO,-1.610915,-2.402870,-0.791955
pbe,sevennet_omni,Ir111,CO2,-0.005698,-0.403122,-0.397424
pbe,sevennet_omni,Ir111,DME,-4.813888,-0.428825,4.385062
pbe,sevennet_omni,Ir111,H2O,-0.310923,-0.802795,-0.491873
pbe,sevennet_omni,Ir111,H2S,-0.742130,-1.133534,-0.391404
pbe,sevennet_omni,Ir111,N2,-0.392887,-0.612841,-0.219953
pbe,sevennet_omni,Ir111,NH3,-0.988560,-1.568222,-0.579662
pbe,sevennet_omni,Ir111,NO,-2.252633,-2.498312,-0.245679
pbe,sevennet_omni,Ir111,SO2,-1.060651,-1.454393,-0.393742
pbe,sevennet_omni,Ir111,acetaldehyde,-0.353893,-0.644688,-0.290795
pbe,sevennet_omni,Ir111,ethane,-0.004710,-0.375343,-0.370633
pbe,sevennet_omni,Ir111,ethanol,-0.334507,-0.639172,-0.304665
pbe,sevennet_omni,Ir111,ethene,-0.793612,-1.371075,-0.577462
pbe,sevennet_omni,Ir111,formaldehyde,-0.273257,-0.596252,-0.322996
pbe,sevennet_omni,Ir111,formic_acid,-0.347183,-0.835295,-0.488112
pbe,sevennet_omni,Ir111,methane,-0.000453,-0.531054,-0.530600
pbe,sevennet_omni,Ir111,methanol,-0.344030,-0.702602,-0.358573
pbe,sevennet_omni,Pd100,CH3,-1.944720,-2.499969,-0.555249
pbe,sevennet_omni,Pd100,CO,-2.084011,-2.314308,-0.230297
pbe,sevennet_omni,Pd100,CO2,-0.394298,-0.471163,-0.076864
pbe,sevennet_omni,Pd100,DME,-4.980858,-0.513927,4.466931
pbe,sevennet_omni,Pd100,H2O,-0.436258,-0.732178,-0.295919
pbe,sevennet_omni,Pd100,H2S,-0.932178,-1.211888,-0.279710
pbe,sevennet_omni,Pd100,N2,-0.512463,-0.475435,0.037028
pbe,sevennet_omni,Pd100,NH3,-0.955970,-1.337326,-0.381356
pbe,sevennet_omni,Pd100,NO,-2.626020,-2.367254,0.258766
pbe,sevennet_omni,Pd100,SO2,-1.522007,-1.682848,-0.160841
pbe,sevennet_omni,Pd100,acetaldehyde,-0.433567,-0.707111,-0.273545
pbe,sevennet_omni,Pd100,ethane,-0.418074,-0.513893,-0.095819
pbe,sevennet_omni,Pd100,ethanol,-0.647715,-0.706497,-0.058782
pbe,sevennet_omni,Pd100,ethene,-1.052911,-1.439617,-0.386706
pbe,sevennet_omni,Pd100,formaldehyde,-0.746679,-1.222183,-0.475504
pbe,sevennet_omni,Pd100,formic_acid,-0.589807,-0.730543,-0.140736
pbe,sevennet_omni,Pd100,glycerol,-0.810275,-0.945259,-0.134984
pbe,sevennet_omni,Pd100,isopropanol,-0.681965,-0.819695,-0.137730
pbe,sevennet_omni,Pd100,methane,-0.183170,-0.608706,-0.425536
pbe,sevennet_omni,Pd100,methanol,-0.443769,-0.636440,-0.192672
pbe,sevennet_omni,Pd100,propane,-0.429342,-0.618076,-0.188735
pbe,sevennet_omni,Pd100,propanol,-0.688827,-0.796852,-0.108025
pbe,sevennet_omni,Pd100,propene,-1.127052,-1.461826,-0.334774
pbe,sevennet_omni,Pd110,CH3,-2.023938,-2.487022,-0.463084
pbe,sevennet_omni,Pd110,CO,-2.162505,-2.273506,-0.111002
pbe,sevennet_omni,Pd110,CO2,-0.143065,-0.481079,-0.338014
pbe,sevennet_omni,Pd110,DME,-4.992773,-0.554893,4.437879
pbe,sevennet_omni,Pd110,H2O,-0.483069,-0.859695,-0.376627
pbe,sevennet_omni,Pd110,H2S,-1.050844,-1.248731,-0.197887
pbe,sevennet_omni,Pd110,N2,-0.548642,-0.541140,0.007503
pbe,sevennet_omni,Pd110,NH3,-0.928287,-1.391129,-0.462842
pbe,sevennet_omni,Pd110,NO,-2.795140,-2.414068,0.381072
pbe,sevennet_omni,Pd110,SO2,-1.699939,-1.663042,0.036897
pbe,sevennet_omni,Pd110,acetaldehyde,-0.394972,-0.795628,-0.400656
pbe,sevennet_omni,Pd110,ethane,-0.307766,-0.566826,-0.259060
pbe,sevennet_omni,Pd110,ethanol,-0.692990,-0.819378,-0.126388
pbe,sevennet_omni,Pd110,ethene,-1.075867,-1.601023,-0.525156
pbe,sevennet_omni,Pd110,formaldehyde,-0.925942,-1.042313,-0.116370
pbe,sevennet_omni,Pd110,formic_acid,-0.584625,-0.790220,-0.205595
pbe,sevennet_omni,Pd110,glycerol,-1.008220,-1.266991,-0.258770
pbe,sevennet_omni,Pd110,isopropanol,-0.703135,-0.928234,-0.225099
pbe,sevennet_omni,Pd110,methane,-0.103413,-0.628511,-0.525099
pbe,sevennet_omni,Pd110,methanol,-0.502489,-0.767948,-0.265459
pbe,sevennet_omni,Pd110,propane,-0.379337,-0.604557,-0.225220
pbe,sevennet_omni,Pd110,propanol,-0.650408,-0.894321,-0.243913
pbe,sevennet_omni,Pd110,propene,-1.346939,-1.537083,-0.190143
pbe,sevennet_omni,Pd111,CH3,-1.942890,-2.452179,-0.509289
pbe,sevennet_omni,Pd111,CO2,-0.386905,-0.447756,-0.060851
pbe,sevennet_omni,Pd111,DME,-4.956247,-0.492546,4.463701
pbe,sevennet_omni,Pd111,H2O,-0.426343,-0.697311,-0.270968
pbe,sevennet_omni,Pd111,H2S,-0.794397,-1.012197,-0.217800
pbe,sevennet_omni,Pd111,N2,-0.373556,-0.382967,-0.009411
pbe,sevennet_omni,Pd111,NH3,-0.890740,-1.325836,-0.435096
pbe,sevennet_omni,Pd111,NO,-2.776297,-2.413443,0.362854
pbe,sevennet_omni,Pd111,SO2,-1.244000,-1.354784,-0.110784
pbe,sevennet_omni,Pd111,acetaldehyde,-0.357535,-0.642475,-0.284940
pbe,sevennet_omni,Pd111,ethane,-0.398058,-0.455055,-0.056997
pbe,sevennet_omni,Pd111,ethanol,-0.642680,-0.673756,-0.031076
pbe,sevennet_omni,Pd111,ethene,-0.878781,-1.265545,-0.386764
pbe,sevennet_omni,Pd111,formaldehyde,-0.351986,-0.502045,-0.150058
pbe,sevennet_omni,Pd111,formic_acid,-0.520440,-0.702513,-0.182073
pbe,sevennet_omni,Pd111,glycerol,-0.845988,-1.008171,-0.162184
pbe,sevennet_omni,Pd111,isopropanol,-0.621064,-0.766689,-0.145625
pbe,sevennet_omni,Pd111,methane,-0.214145,-0.578112,-0.363966
pbe,sevennet_omni,Pd111,methanol,-0.423693,-0.616711,-0.193018
pbe,sevennet_omni,Pd111,propane,-0.411267,-0.488926,-0.077659
pbe,sevennet_omni,Pd111,propanol,-0.643038,-0.756054,-0.113016
pbe,sevennet_omni,Pd111,propene,-0.987837,-1.175846,-0.188009
pbe,sevennet_omni,Pt100,CH3,-2.559020,-2.774349,-0.215329
pbe,sevennet_omni,Pt100,CO,-2.526824,-2.587105,-0.060281
pbe,sevennet_omni,Pt100,CO2,-0.804958,-0.509066,0.295893
pbe,sevennet_omni,Pt100,H2O,-0.749281,-0.729111,0.020170
pbe,sevennet_omni,Pt100,H2S,-1.392988,-1.207799,0.185189
pbe,sevennet_omni,Pt100,N2,-0.834524,-0.534761,0.299762
pbe,sevennet_omni,Pt100,NH3,-1.463804,-1.509933,-0.046130
pbe,sevennet_omni,Pt100,NO,-3.011793,-2.564215,0.447578
pbe,sevennet_omni,Pt100,SO2,-1.744387,-1.599367,0.145020
pbe,sevennet_omni,Pt100,acetaldehyde,-0.711086,-0.662636,0.048450
pbe,sevennet_omni,Pt100,ethane,-0.803603,-0.483349,0.320254
pbe,sevennet_omni,Pt100,ethanol,-1.157736,-0.709301,0.448435
pbe,sevennet_omni,Pt100,ethene,-1.569277,-1.614788,-0.045511
pbe,sevennet_omni,Pt100,formaldehyde,-1.196779,-1.173843,0.022936
pbe,sevennet_omni,Pt100,formic_acid,-0.910500,-0.823790,0.086710
pbe,sevennet_omni,Pt100,glycerol,-1.349344,-1.045982,0.303362
pbe,sevennet_omni,Pt100,isopropanol,-1.164529,-0.789364,0.375166
pbe,sevennet_omni,Pt100,methane,-0.510138,-0.620943,-0.110805
pbe,sevennet_omni,Pt100,methanol,-0.774919,-0.662424,0.112495
pbe,sevennet_omni,Pt100,propane,-0.811357,-0.544270,0.267088
pbe,sevennet_omni,Pt100,propanol,-1.205705,-0.805489,0.400216
pbe,sevennet_omni,Pt100,propene,-2.029142,-1.820869,0.208272
pbe,sevennet_omni,Pt110,CH3,-2.596663,-2.859451,-0.262788
pbe,sevennet_omni,Pt110,CO,-2.594354,-2.629005,-0.034651
pbe,sevennet_omni,Pt110,CO2,-0.323546,-0.512955,-0.189408
pbe,sevennet_omni,Pt110,H2O,-0.734533,-0.932388,-0.197855
pbe,sevennet_omni,Pt110,H2S,-2.520448,-2.428060,0.092388
pbe,sevennet_omni,Pt110,N2,-0.875737,-0.659670,0.216067
pbe,sevennet_omni,Pt110,NH3,-1.395348,-1.623611,-0.228263
pbe,sevennet_omni,Pt110,NO,-2.689817,-2.308111,0.381706
pbe,sevennet_omni,Pt110,SO2,-1.888504,-1.707186,0.181318
pbe,sevennet_omni,Pt110,acetaldehyde,-0.726996,-0.714329,0.012667
pbe,sevennet_omni,Pt110,ethane,-0.688764,-0.558723,0.130040
pbe,sevennet_omni,Pt110,ethanol,-1.099579,-0.900631,0.198948
pbe,sevennet_omni,Pt110,ethene,-1.624242,-2.087566,-0.463324
pbe,sevennet_omni,Pt110,formaldehyde,-1.424885,-1.435165,-0.010280
pbe,sevennet_omni,Pt110,formic_acid,-0.887124,-0.919142,-0.032017
pbe,sevennet_omni,Pt110,glycerol,-1.249259,-1.182762,0.066497
pbe,sevennet_omni,Pt110,isopropanol,-1.150546,-0.976223,0.174323
pbe,sevennet_omni,Pt110,methane,-0.281502,-0.631258,-0.349756
pbe,sevennet_omni,Pt110,methanol,-0.787726,-0.846809,-0.059083
pbe,sevennet_omni,Pt110,propane,-0.697755,-0.648808,0.048948
pbe,sevennet_omni,Pt110,propanol,-1.143746,-0.936745,0.207001
pbe,sevennet_omni,Pt110,propene,-1.873425,-1.705235,0.168190
pbe,sevennet_omni,Pt111,CO2,-0.875191,-0.486696,0.388495
pbe,sevennet_omni,Pt111,ethane,-0.863928,-0.433994,0.429934
pbe,sevennet_omni,Pt111,ethanol,-1.099322,-0.636608,0.462713
pbe,sevennet_omni,Pt111,ethene,-1.662164,-1.791988,-0.129825
pbe,sevennet_omni,Pt111,formic_acid,-0.710713,-0.754148,-0.043436
pbe,sevennet_omni,Pt111,glycerol,-1.302045,-0.816826,0.485219
pbe,sevennet_omni,Pt111,isopropanol,-1.034161,-0.709160,0.325001
pbe,sevennet_omni,Pt111,methanol,-0.657429,-0.637600,0.019829
pbe,sevennet_omni,Pt111,propane,-0.878727,-0.486485,0.392242
pbe,sevennet_omni,Pt111,propanol,-1.116219,-0.727577,0.388642
pbe,sevennet_omni,Pt111,propene,-1.867768,-1.681343,0.186425
pbe,sevennet_omni,Rh100,CH3,-2.251846,-2.759731,-0.507885
pbe,sevennet_omni,Rh100,CO,-2.442873,-2.603645,-0.160773
pbe,sevennet_omni,Rh100,CO2,-0.365445,-0.443344,-0.077899
pbe,sevennet_omni,Rh100,H2O,-0.743849,-0.893036,-0.149187
pbe,sevennet_omni,Rh100,H2S,-4.034527,-4.221303,-0.186776
pbe,sevennet_omni,Rh100,N2,-1.038280,-0.791002,0.247277
pbe,sevennet_omni,Rh100,NH3,-1.346633,-1.585251,-0.238618
pbe,sevennet_omni,Rh100,NO,-3.343115,-2.833303,0.509811
pbe,sevennet_omni,Rh100,SO2,-2.476770,-2.261889,0.214882
pbe,sevennet_omni,Rh100,acetaldehyde,-0.775924,-0.902042,-0.126119
pbe,sevennet_omni,Rh100,ethane,-0.373250,-0.589943,-0.216693
pbe,sevennet_omni,Rh100,ethanol,-0.775620,-0.898262,-0.122642
pbe,sevennet_omni,Rh100,ethene,-1.501308,-1.974377,-0.473068
pbe,sevennet_omni,Rh100,formaldehyde,-1.400267,-1.567291,-0.167024
pbe,sevennet_omni,Rh100,formic_acid,-0.917381,-1.016203,-0.098822
pbe,sevennet_omni,Rh100,methane,-0.403545,-0.663530,-0.259985
pbe,sevennet_omni,Rh100,methanol,-0.770960,-0.829830,-0.058870
pbe,sevennet_omni,Rh110,CH3,-2.249789,-2.760906,-0.511117
pbe,sevennet_omni,Rh110,CO,-2.338172,-2.613426,-0.275254
pbe,sevennet_omni,Rh110,CO2,-0.367579,-0.526749,-0.159170
pbe,sevennet_omni,Rh110,H2O,-0.826071,-1.039383,-0.213312
pbe,sevennet_omni,Rh110,H2S,-2.207163,-2.426290,-0.219126
pbe,sevennet_omni,Rh110,N2,-1.181538,-0.813250,0.368289
pbe,sevennet_omni,Rh110,NH3,-1.271231,-1.566666,-0.295434
pbe,sevennet_omni,Rh110,NO,-3.415518,-3.056890,0.358627
pbe,sevennet_omni,Rh110,SO2,-2.380424,-2.349977,0.030447
pbe,sevennet_omni,Rh110,acetaldehyde,-1.284177,-1.566257,-0.282080
pbe,sevennet_omni,Rh110,ethane,-0.282277,-0.621468,-0.339191
pbe,sevennet_omni,Rh110,ethanol,-0.885075,-1.027554,-0.142479
pbe,sevennet_omni,Rh110,ethene,-1.470023,-1.991129,-0.521106
pbe,sevennet_omni,Rh110,formaldehyde,-1.895765,-2.083115,-0.187350
pbe,sevennet_omni,Rh110,formic_acid,-1.047458,-1.062986,-0.015529
pbe,sevennet_omni,Rh110,methane,-0.396957,-0.713671,-0.316714
pbe,sevennet_omni,Rh110,methanol,-0.867431,-0.962749,-0.095318
pbe,sevennet_omni,Rh111,CH3,-2.440571,-2.575314,-0.134743
pbe,sevennet_omni,Rh111,CO,-2.709826,-2.589394,0.120433
pbe,sevennet_omni,Rh111,CO2,-0.709634,-0.460098,0.249535
pbe,sevennet_omni,Rh111,H2O,-1.031109,-0.855835,0.175274
pbe,sevennet_omni,Rh111,H2S,-1.472320,-1.123494,0.348826
pbe,sevennet_omni,Rh111,N2,-1.225128,-0.720476,0.504652
pbe,sevennet_omni,Rh111,NH3,-1.602462,-1.529953,0.072509
pbe,sevennet_omni,Rh111,NO,-3.554706,-2.825155,0.729551
pbe,sevennet_omni,Rh111,SO2,-2.195333,-1.840502,0.354832
pbe,sevennet_omni,Rh111,acetaldehyde,-1.003847,-0.818882,0.184965
pbe,sevennet_omni,Rh111,ethane,-0.702143,-0.523201,0.178942
pbe,sevennet_omni,Rh111,ethanol,-1.047420,-0.814613,0.232806
pbe,sevennet_omni,Rh111,ethene,-1.603295,-1.542095,0.061200
pbe,sevennet_omni,Rh111,formaldehyde,-1.554224,-1.226685,0.327539
pbe,sevennet_omni,Rh111,formic_acid,-1.109299,-0.907377,0.201921
pbe,sevennet_omni,Rh111,methane,-0.655491,-0.626329,0.029162
pbe_d3,sevennet_omni,Ag100,CH3,-2.087365,-1.613697,0.473668
pbe_d3,sevennet_omni,Ag100,CO,-1.183524,-0.504776,0.678748
pbe_d3,sevennet_omni,Ag100,H2,-0.699784,-0.254306,0.445477
pbe_d3,sevennet_omni,Ag100,H2O,-0.999933,-0.503517,0.496416
pbe_d3,sevennet_omni,Ag100,H2S,-1.172938,-0.436757,0.736180
pbe_d3,sevennet_omni,Ag100,N2,-0.712092,-0.050966,0.661125
pbe_d3,sevennet_omni,Ag100,NH3,-1.274587,-0.726921,0.547666
pbe_d3,sevennet_omni,Ag100,NO,-1.838763,-0.667753,1.171009
pbe_d3,sevennet_omni,Ag100,SO2,-1.834134,-0.544329,1.289805
pbe_d3,sevennet_omni,Ag100,acetaldehyde,-1.030686,-0.499104,0.531582
pbe_d3,sevennet_omni,Ag100,ethane,-1.477844,-0.294643,1.183201
pbe_d3,sevennet_omni,Ag100,ethanol,-1.664874,-0.436077,1.228797
pbe_d3,sevennet_omni,Ag100,ethene,-1.058745,-0.206692,0.852053
pbe_d3,sevennet_omni,Ag100,formaldehyde,-0.931805,-0.320557,0.611249
pbe_d3,sevennet_omni,Ag100,formate,-3.972923,-2.210442,1.762481
pbe_d3,sevennet_omni,Ag100,formic_acid,-1.145225,-0.401838,0.743387
pbe_d3,sevennet_omni,Ag100,glycerol,-1.944276,-0.682686,1.261590
pbe_d3,sevennet_omni,Ag100,isopropanol,-1.759597,-0.488556,1.271041
pbe_d3,sevennet_omni,Ag100,methane,-0.800876,-0.417955,0.382921
pbe_d3,sevennet_omni,Ag100,methanol,-1.075855,-0.401287,0.674568
pbe_d3,sevennet_omni,Ag100,propane,-1.575697,-0.309467,1.266229
pbe_d3,sevennet_omni,Ag100,propanol,-1.699116,-0.471066,1.228050
pbe_d3,sevennet_omni,Ag100,propene,-1.765218,-0.207314,1.557904
pbe_d3,sevennet_omni,Ag110,CH3,-1.792492,-1.774620,0.017872
pbe_d3,sevennet_omni,Ag110,CO,-0.943501,-0.567539,0.375961
pbe_d3,sevennet_omni,Ag110,H2,-0.426957,-0.266990,0.159967
pbe_d3,sevennet_omni,Ag110,H2O,-0.831606,-0.583969,0.247637
pbe_d3,sevennet_omni,Ag110,H2S,-0.962912,-0.503373,0.459539
pbe_d3,sevennet_omni,Ag110,N2,-0.454913,-0.051291,0.403623
pbe_d3,sevennet_omni,Ag110,NH3,-1.015395,-0.807743,0.207652
pbe_d3,sevennet_omni,Ag110,NO,-1.505858,-0.813234,0.692624
pbe_d3,sevennet_omni,Ag110,SO2,-1.459104,-0.681448,0.777656
pbe_d3,sevennet_omni,Ag110,acetaldehyde,-0.784794,-0.588154,0.196640
pbe_d3,sevennet_omni,Ag110,ethane,-0.602677,-0.380138,0.222538
pbe_d3,sevennet_omni,Ag110,ethanol,-1.665681,-0.545704,1.119978
pbe_d3,sevennet_omni,Ag110,ethene,-0.916169,-0.408871,0.507298
pbe_d3,sevennet_omni,Ag110,formaldehyde,-0.759332,-0.407906,0.351426
pbe_d3,sevennet_omni,Ag110,formate,-3.650253,-2.328859,1.321394
pbe_d3,sevennet_omni,Ag110,formic_acid,-0.931677,-0.483854,0.447822
pbe_d3,sevennet_omni,Ag110,glycerol,-1.937043,-0.964417,0.972626
pbe_d3,sevennet_omni,Ag110,isopropanol,-1.741039,-0.585964,1.155074
pbe_d3,sevennet_omni,Ag110,methane,-0.538668,-0.459803,0.078865
pbe_d3,sevennet_omni,Ag110,methanol,-0.871641,-0.476879,0.394761
pbe_d3,sevennet_omni,Ag110,propane,-1.465025,-0.382557,1.082468
pbe_d3,sevennet_omni,Ag110,propanol,-1.731314,-0.544685,1.186629
pbe_d3,sevennet_omni,Ag110,propene,-1.716475,-0.338913,1.377562
pbe_d3,sevennet_omni,Ag111,CH3,-1.725715,-1.534584,0.191131
pbe_d3,sevennet_omni,Ag111,CO,-0.833538,-0.430634,0.402905
pbe_d3,sevennet_omni,Ag111,H2,-0.775538,-0.225727,0.549811
pbe_d3,sevennet_omni,Ag111,H2O,-1.012884,-0.448456,0.564428
pbe_d3,sevennet_omni,Ag111,H2S,-1.142013,-0.365239,0.776773
pbe_d3,sevennet_omni,Ag111,N2,-0.784200,-0.053942,0.730258
pbe_d3,sevennet_omni,Ag111,NH3,-1.232168,-0.604675,0.627492
pbe_d3,sevennet_omni,Ag111,NO,-1.459739,-0.535032,0.924707
pbe_d3,sevennet_omni,Ag111,SO2,-1.218655,-0.276896,0.941759
pbe_d3,sevennet_omni,Ag111,acetaldehyde,-0.980839,-0.411144,0.569695
pbe_d3,sevennet_omni,Ag111,ethane,-1.478068,-0.274319,1.203749
pbe_d3,sevennet_omni,Ag111,ethanol,-1.654061,-0.375816,1.278244
pbe_d3,sevennet_omni,Ag111,ethene,-1.088540,-0.167400,0.921140
pbe_d3,sevennet_omni,Ag111,formaldehyde,-0.901760,-0.258766,0.642994
pbe_d3,sevennet_omni,Ag111,formate,-3.569412,-1.979294,1.590118
pbe_d3,sevennet_omni,Ag111,formic_acid,-1.138807,-0.335066,0.803741
pbe_d3,sevennet_omni,Ag111,glycerol,-2.018776,-0.579643,1.439133
pbe_d3,sevennet_omni,Ag111,isopropanol,-1.808794,-0.414974,1.393820
pbe_d3,sevennet_omni,Ag111,methane,-0.864824,-0.394754,0.470070
pbe_d3,sevennet_omni,Ag111,methanol,-1.091540,-0.327747,0.763792
pbe_d3,sevennet_omni,Ag111,propane,-1.564987,-0.282200,1.282787
pbe_d3,sevennet_omni,Ag111,propanol,-1.804907,-0.389130,1.415778
pbe_d3,sevennet_omni,Ag111,propene,-1.733774,-0.177803,1.555971
pbe_d3,sevennet_omni,Au111,CH3,-1.480056,-1.786671,-0.306614
pbe_d3,sevennet_omni,Au111,CO,-0.288736,-0.587914,-0.299178
pbe_d3,sevennet_omni,Au111,H2,-0.077341,-0.242908,-0.165567
pbe_d3,sevennet_omni,Au111,H2O,-0.301300,-0.513962,-0.212661
pbe_d3,sevennet_omni,Au111,H2S,-0.540499,-0.407720,0.132779
pbe_d3,sevennet_omni,Au111,N2,-0.099030,-0.085428,0.013602
pbe_d3,sevennet_omni,Au111,NH3,-0.306100,-0.536507,-0.230407
pbe_d3,sevennet_omni,Au111,NO,-0.860834,-0.684530,0.176304
pbe_d3,sevennet_omni,Au111,SO2,-0.526101,-0.260836,0.265266
pbe_d3,sevennet_omni,Au111,acetaldehyde,-0.396099,-0.267429,0.128670
pbe_d3,sevennet_omni,Au111,ethane,-0.286773,-0.237324,0.049450
pbe_d3,sevennet_omni,Au111,ethanol,-0.487680,-0.277458,0.210222
pbe_d3,sevennet_omni,Au111,ethene,-0.446700,-0.193546,0.253154
pbe_d3,sevennet_omni,Au111,formaldehyde,-0.339398,-0.206657,0.132740
pbe_d3,sevennet_omni,Au111,formate,-2.503205,-1.474586,1.028618
pbe_d3,sevennet_omni,Au111,formic_acid,-0.455992,-0.370893,0.085098
pbe_d3,sevennet_omni,Au111,glycerol,-0.870837,-0.587471,0.283366
pbe_d3,sevennet_omni,Au111,isopropanol,-0.585508,-0.328651,0.256856
pbe_d3,sevennet_omni,Au111,methane,-0.197393,-0.365198,-0.167805
pbe_d3,sevennet_omni,Au111,methanol,-0.332934,-0.260586,0.072348
pbe_d3,sevennet_omni,Au111,propane,-0.415042,-0.243813,0.171229
pbe_d3,sevennet_omni,Au111,propanol,-0.634640,-0.319805,0.314835
pbe_d3,sevennet_omni,Au111,propene,-0.623360,-0.204445,0.418915
pbe_d3,sevennet_omni,Cu100,CH3,-1.646375,-1.949505,-0.303130
pbe_d3,sevennet_omni,Cu100,CO,-1.027495,-1.194466,-0.166970
pbe_d3,sevennet_omni,Cu100,H2O,-0.476181,-0.565491,-0.089310
pbe_d3,sevennet_omni,Cu100,H2S,-0.718968,-0.465184,0.253784
pbe_d3,sevennet_omni,Cu100,N2,-0.099431,-0.072390,0.027042
pbe_d3,sevennet_omni,Cu100,NH3,-0.903424,-0.902267,0.001156
pbe_d3,sevennet_omni,Cu100,NO,-1.988172,-1.481176,0.506995
pbe_d3,sevennet_omni,Cu100,SO2,-1.329453,-1.088884,0.240569
pbe_d3,sevennet_omni,Cu100,acetaldehyde,-0.487491,-0.602451,-0.114960
pbe_d3,sevennet_omni,Cu100,ethane,-0.366575,-0.315483,0.051091
pbe_d3,sevennet_omni,Cu100,ethanol,-0.727680,-0.503120,0.224560
pbe_d3,sevennet_omni,Cu100,ethene,-0.735692,-0.466640,0.269051
pbe_d3,sevennet_omni,Cu100,formaldehyde,-0.433853,-0.442123,-0.008271
pbe_d3,sevennet_omni,Cu100,formic_acid,-0.622813,-0.530851,0.091962
pbe_d3,sevennet_omni,Cu100,methane,-0.209710,-0.424608,-0.214899
pbe_d3,sevennet_omni,Cu100,methanol,-0.590681,-0.473202,0.117479
pbe_d3,sevennet_omni,Cu110,CH3,-1.567630,-2.267239,-0.699608
pbe_d3,sevennet_omni,Cu110,CO,-0.710350,-1.349632,-0.639282
pbe_d3,sevennet_omni,Cu110,H2O,-0.102263,-0.707077,-0.604814
pbe_d3,sevennet_omni,Cu110,H2S,-0.360528,-0.614415,-0.253888
pbe_d3,sevennet_omni,Cu110,N2,0.116703,-0.249979,-0.366682
pbe_d3,sevennet_omni,Cu110,NH3,-0.479638,-1.050667,-0.571029
pbe_d3,sevennet_omni,Cu110,NO,-1.240270,-1.566687,-0.326417
pbe_d3,sevennet_omni,Cu110,SO2,-1.182561,-1.329317,-0.146756
pbe_d3,sevennet_omni,Cu110,acetaldehyde,-0.077719,-0.750141,-0.672423
pbe_d3,sevennet_omni,Cu110,ethane,0.225209,-0.426151,-0.651360
pbe_d3,sevennet_omni,Cu110,ethanol,0.591505,-0.661915,-1.253420
pbe_d3,sevennet_omni,Cu110,ethene,-0.518656,-0.807285,-0.288629
pbe_d3,sevennet_omni,Cu110,formaldehyde,-0.073891,-0.624222,-0.550331
pbe_d3,sevennet_omni,Cu110,formic_acid,-0.305551,-0.686584,-0.381034
pbe_d3,sevennet_omni,Cu110,glycerol,-0.138880,-1.067558,-0.928678
pbe_d3,sevennet_omni,Cu110,isopropanol,0.479104,-0.724026,-1.203130
pbe_d3,sevennet_omni,Cu110,methane,0.297479,-0.497484,-0.794963
pbe_d3,sevennet_omni,Cu110,methanol,-0.232242,-0.592899,-0.360658
pbe_d3,sevennet_omni,Cu110,propane,1.034812,-0.420559,-1.455370
pbe_d3,sevennet_omni,Cu110,propanol,0.489697,-0.686764,-1.176461
pbe_d3,sevennet_omni,Cu110,propene,0.346674,-0.635105,-0.981779
pbe_d3,sevennet_omni,Cu111,CH3,-0.076025,-1.867279,-1.791254
pbe_d3,sevennet_omni,Cu111,CO,0.439069,-1.240349,-1.679418
pbe_d3,sevennet_omni,Cu111,H2O,1.161585,-0.475266,-1.636850
pbe_d3,sevennet_omni,Cu111,H2S,0.830626,-0.383779,-1.214405
pbe_d3,sevennet_omni,Cu111,N2,1.481613,-0.080111,-1.561724
pbe_d3,sevennet_omni,Cu111,NH3,0.704033,-0.779190,-1.483223
pbe_d3,sevennet_omni,Cu111,NO,-0.213165,-1.412848,-1.199682
pbe_d3,sevennet_omni,Cu111,SO2,0.526963,-0.717821,-1.244784
pbe_d3,sevennet_omni,Cu111,acetaldehyde,1.085591,-0.449894,-1.535485
pbe_d3,sevennet_omni,Cu111,ethane,1.149150,-0.287235,-1.436385
pbe_d3,sevennet_omni,Cu111,ethanol,0.927537,-0.380516,-1.308053
pbe_d3,sevennet_omni,Cu111,ethene,0.785355,-0.185497,-0.970853
pbe_d3,sevennet_omni,Cu111,formaldehyde,1.164002,-0.265747,-1.429749
pbe_d3,sevennet_omni,Cu111,formic_acid,0.965722,-0.386168,-1.351890
pbe_d3,sevennet_omni,Cu111,glycerol,0.591712,-0.626617,-1.218330
pbe_d3,sevennet_omni,Cu111,isopropanol,0.736312,-0.429443,-1.165756
pbe_d3,sevennet_omni,Cu111,methane,1.293567,-0.411806,-1.705373
pbe_d3,sevennet_omni,Cu111,methanol,0.973903,-0.360289,-1.334192
pbe_d3,sevennet_omni,Cu111,propane,1.112439,-0.307564,-1.420003
pbe_d3,sevennet_omni,Cu111,propanol,0.692047,-0.438148,-1.130196
pbe_d3,sevennet_omni,Cu111,propene,0.718319,-0.206791,-0.925110
pbe_d3,sevennet_omni,Ir100,CH3,-2.456203,-2.888977,-0.432774
pbe_d3,sevennet_omni,Ir100,CO,-2.488174,-2.703773,-0.215600
pbe_d3,sevennet_omni,Ir100,H2O,-0.705882,-0.858612,-0.152730
pbe_d3,sevennet_omni,Ir100,H2S,-3.085542,-2.863118,0.222424
pbe_d3,sevennet_omni,Ir100,N2,-1.057040,-0.793016,0.264023
pbe_d3,sevennet_omni,Ir100,NH3,-1.584908,-1.697586,-0.112678
pbe_d3,sevennet_omni,Ir100,NO,-3.309233,-2.830984,0.478249
pbe_d3,sevennet_omni,Ir100,SO2,-2.783095,-2.118792,0.664304
pbe_d3,sevennet_omni,Ir100,acetaldehyde,-0.945685,-0.736790,0.208895
pbe_d3,sevennet_omni,Ir100,ethane,-0.383335,-0.449810,-0.066475
pbe_d3,sevennet_omni,Ir100,ethanol,-1.031393,-0.793499,0.237894
pbe_d3,sevennet_omni,Ir100,ethene,-1.936586,-2.162609,-0.226023
pbe_d3,sevennet_omni,Ir100,formaldehyde,-1.656520,-1.752533,-0.096013
pbe_d3,sevennet_omni,Ir100,formic_acid,-1.032374,-1.023283,0.009091
pbe_d3,sevennet_omni,Ir100,methane,-0.199833,-0.601244,-0.401411
pbe_d3,sevennet_omni,Ir100,methanol,-0.911611,-0.774990,0.136621
pbe_d3,sevennet_omni,Ir110,CH3,-2.624623,-2.929932,-0.305308
pbe_d3,sevennet_omni,Ir110,CO,-2.532202,-2.770073,-0.237871
pbe_d3,sevennet_omni,Ir110,H2O,-0.859278,-1.008728,-0.149450
pbe_d3,sevennet_omni,Ir110,H2S,-3.161304,-2.786946,0.374358
pbe_d3,sevennet_omni,Ir110,N2,-1.339658,-0.804094,0.535564
pbe_d3,sevennet_omni,Ir110,NH3,-1.508760,-1.644333,-0.135572
pbe_d3,sevennet_omni,Ir110,NO,-3.463476,-3.109152,0.354324
pbe_d3,sevennet_omni,Ir110,SO2,-2.914791,-2.392138,0.522654
pbe_d3,sevennet_omni,Ir110,acetaldehyde,-1.116649,-0.842152,0.274497
pbe_d3,sevennet_omni,Ir110,ethane,-0.631513,-0.505901,0.125612
pbe_d3,sevennet_omni,Ir110,ethanol,-1.211037,-0.946968,0.264069
pbe_d3,sevennet_omni,Ir110,ethene,-2.185094,-2.245481,-0.060388
pbe_d3,sevennet_omni,Ir110,formaldehyde,-2.155727,-2.044250,0.111477
pbe_d3,sevennet_omni,Ir110,formic_acid,-1.266163,-1.084211,0.181952
pbe_d3,sevennet_omni,Ir110,methane,-0.246428,-0.602251,-0.355823
pbe_d3,sevennet_omni,Ir110,methanol,-1.077095,-0.898521,0.178574
pbe_d3,sevennet_omni,Ir111,CH3,-2.141106,-2.611053,-0.469948
pbe_d3,sevennet_omni,Ir111,CO,-1.858760,-2.402870,-0.544110
pbe_d3,sevennet_omni,Ir111,H2O,-0.555696,-0.802795,-0.247100
pbe_d3,sevennet_omni,Ir111,H2S,-1.172280,-1.133534,0.038746
pbe_d3,sevennet_omni,Ir111,N2,-0.674607,-0.612841,0.061766
pbe_d3,sevennet_omni,Ir111,NH3,-1.318478,-1.568222,-0.249744
pbe_d3,sevennet_omni,Ir111,NO,-2.507917,-2.498312,0.009605
pbe_d3,sevennet_omni,Ir111,SO2,-1.600679,-1.454393,0.146285
pbe_d3,sevennet_omni,Ir111,acetaldehyde,-0.727881,-0.644688,0.083194
pbe_d3,sevennet_omni,Ir111,ethane,-0.345515,-0.375343,-0.029829
pbe_d3,sevennet_omni,Ir111,ethanol,-0.867814,-0.639172,0.228642
pbe_d3,sevennet_omni,Ir111,ethene,-1.261718,-1.371075,-0.109356
pbe_d3,sevennet_omni,Ir111,formaldehyde,-0.594497,-0.596252,-0.001756
pbe_d3,sevennet_omni,Ir111,formic_acid,-0.750942,-0.835295,-0.084353
pbe_d3,sevennet_omni,Ir111,methane,-0.215449,-0.531054,-0.315604
pbe_d3,sevennet_omni,Ir111,methanol,-0.753773,-0.702602,0.051171
pbe_d3,sevennet_omni,Pd100,CH3,-2.203891,-2.499969,-0.296079
pbe_d3,sevennet_omni,Pd100,CO,-2.332869,-2.314308,0.018561
pbe_d3,sevennet_omni,Pd100,H2O,-0.664179,-0.732178,-0.067999
pbe_d3,sevennet_omni,Pd100,H2S,-1.368933,-1.211888,0.157045
pbe_d3,sevennet_omni,Pd100,N2,-0.757716,-0.475435,0.282281
pbe_d3,sevennet_omni,Pd100,NH3,-1.231147,-1.337326,-0.106179
pbe_d3,sevennet_omni,Pd100,NO,-2.876829,-2.367254,0.509574
pbe_d3,sevennet_omni,Pd100,SO2,-2.076573,-1.682848,0.393725
pbe_d3,sevennet_omni,Pd100,acetaldehyde,-0.833836,-0.707111,0.126725
pbe_d3,sevennet_omni,Pd100,ethane,-0.778789,-0.513893,0.264896
pbe_d3,sevennet_omni,Pd100,ethanol,-1.098505,-0.706497,0.392008
pbe_d3,sevennet_omni,Pd100,ethene,-1.477713,-1.439617,0.038096
pbe_d3,sevennet_omni,Pd100,formaldehyde,-1.110211,-1.222183,-0.111972
pbe_d3,sevennet_omni,Pd100,formic_acid,-0.966522,-0.730543,0.235979
pbe_d3,sevennet_omni,Pd100,glycerol,-1.597937,-0.945259,0.652678
pbe_d3,sevennet_omni,Pd100,isopropanol,-1.272951,-0.819695,0.453256
pbe_d3,sevennet_omni,Pd100,methane,-0.422551,-0.608706,-0.186154
pbe_d3,sevennet_omni,Pd100,methanol,-0.799985,-0.636440,0.163545
pbe_d3,sevennet_omni,Pd100,propane,-0.913360,-0.618076,0.295284
pbe_d3,sevennet_omni,Pd100,propanol,-1.253351,-0.796852,0.456499
pbe_d3,sevennet_omni,Pd100,propene,-1.717777,-1.461826,0.255951
pbe_d3,sevennet_omni,Pd110,CH3,-2.268488,-2.487022,-0.218534
pbe_d3,sevennet_omni,Pd110,CO,-2.371507,-2.273506,0.098001
pbe_d3,sevennet_omni,Pd110,H2O,-0.710197,-0.859695,-0.149499
pbe_d3,sevennet_omni,Pd110,H2S,-1.495937,-1.248731,0.247206
pbe_d3,sevennet_omni,Pd110,N2,-0.774556,-0.541140,0.233417
pbe_d3,sevennet_omni,Pd110,NH3,-1.204237,-1.391129,-0.186892
pbe_d3,sevennet_omni,Pd110,NO,-3.000471,-2.414068,0.586403
pbe_d3,sevennet_omni,Pd110,SO2,-2.248005,-1.663042,0.584963
pbe_d3,sevennet_omni,Pd110,acetaldehyde,-0.820443,-0.795628,0.024815
pbe_d3,sevennet_omni,Pd110,ethane,-0.674546,-0.566826,0.107720
pbe_d3,sevennet_omni,Pd110,ethanol,-1.191055,-0.819378,0.371677
pbe_d3,sevennet_omni,Pd110,ethene,-1.491284,-1.601023,-0.109738
pbe_d3,sevennet_omni,Pd110,formaldehyde,-1.241311,-1.042313,0.198998
pbe_d3,sevennet_omni,Pd110,formic_acid,-0.977706,-0.790220,0.187486
pbe_d3,sevennet_omni,Pd110,glycerol,-1.815171,-1.266991,0.548181
pbe_d3,sevennet_omni,Pd110,isopropanol,-1.303534,-0.928234,0.375300
pbe_d3,sevennet_omni,Pd110,methane,-0.349853,-0.628511,-0.278658
pbe_d3,sevennet_omni,Pd110,methanol,-0.855293,-0.767948,0.087345
pbe_d3,sevennet_omni,Pd110,propane,-0.908184,-0.604557,0.303627
pbe_d3,sevennet_omni,Pd110,propanol,-1.263982,-0.894321,0.369660
pbe_d3,sevennet_omni,Pd110,propene,-1.897154,-1.537083,0.360071
pbe_d3,sevennet_omni,Pd111,CH3,-2.208137,-2.452179,-0.244042
pbe_d3,sevennet_omni,Pd111,H2O,-0.655843,-0.697311,-0.041469
pbe_d3,sevennet_omni,Pd111,H2S,-1.233906,-1.012197,0.221709
pbe_d3,sevennet_omni,Pd111,N2,-0.638789,-0.382967,0.255822
pbe_d3,sevennet_omni,Pd111,NH3,-1.185839,-1.325836,-0.139997
pbe_d3,sevennet_omni,Pd111,NO,-3.023839,-2.413443,0.610397
pbe_d3,sevennet_omni,Pd111,SO2,-1.833448,-1.354784,0.478664
pbe_d3,sevennet_omni,Pd111,acetaldehyde,-0.787672,-0.642475,0.145197
pbe_d3,sevennet_omni,Pd111,ethane,-0.791917,-0.455055,0.336862
pbe_d3,sevennet_omni,Pd111,ethanol,-1.142246,-0.673756,0.468490
pbe_d3,sevennet_omni,Pd111,ethene,-1.310477,-1.265545,0.044933
pbe_d3,sevennet_omni,Pd111,formaldehyde,-0.658611,-0.502045,0.156566
pbe_d3,sevennet_omni,Pd111,formic_acid,-0.911515,-0.702513,0.209002
pbe_d3,sevennet_omni,Pd111,glycerol,-1.627760,-1.008171,0.619589
pbe_d3,sevennet_omni,Pd111,isopropanol,-1.263547,-0.766689,0.496858
pbe_d3,sevennet_omni,Pd111,methane,-0.439273,-0.578112,-0.138838
pbe_d3,sevennet_omni,Pd111,methanol,-0.798567,-0.616711,0.181856
pbe_d3,sevennet_omni,Pd111,propane,-0.910956,-0.488926,0.422030
pbe_d3,sevennet_omni,Pd111,propanol,-1.278840,-0.756054,0.522786
pbe_d3,sevennet_omni,Pd111,propene,-1.568283,-1.175846,0.392437
pbe_d3,sevennet_omni,Pt100,CH3,-2.912230,-2.774349,0.137881
pbe_d3,sevennet_omni,Pt100,CO,-2.844913,-2.587105,0.257809
pbe_d3,sevennet_omni,Pt100,H2O,-1.030905,-0.729111,0.301794
pbe_d3,sevennet_omni,Pt100,H2S,-1.865229,-1.207799,0.657430
pbe_d3,sevennet_omni,Pt100,N2,-1.103252,-0.534761,0.568491
pbe_d3,sevennet_omni,Pt100,NH3,-1.785857,-1.509933,0.275924
pbe_d3,sevennet_omni,Pt100,NO,-3.285614,-2.564215,0.721399
pbe_d3,sevennet_omni,Pt100,SO2,-2.392718,-1.599367,0.793351
pbe_d3,sevennet_omni,Pt100,acetaldehyde,-1.208462,-0.662636,0.545826
pbe_d3,sevennet_omni,Pt100,ethane,-1.273427,-0.483349,0.790078
pbe_d3,sevennet_omni,Pt100,ethanol,-1.720867,-0.709301,1.011566
pbe_d3,sevennet_omni,Pt100,ethene,-2.106985,-1.614788,0.492197
pbe_d3,sevennet_omni,Pt100,formaldehyde,-1.591525,-1.173843,0.417682
pbe_d3,sevennet_omni,Pt100,formic_acid,-1.347329,-0.823790,0.523539
pbe_d3,sevennet_omni,Pt100,glycerol,-2.287601,-1.045982,1.241619
pbe_d3,sevennet_omni,Pt100,isopropanol,-1.890995,-0.789364,1.101631
pbe_d3,sevennet_omni,Pt100,methane,-0.795675,-0.620943,0.174732
pbe_d3,sevennet_omni,Pt100,methanol,-1.224722,-0.662424,0.562298
pbe_d3,sevennet_omni,Pt100,propane,-1.396869,-0.544270,0.852599
pbe_d3,sevennet_omni,Pt100,propanol,-1.900309,-0.805489,1.094820
pbe_d3,sevennet_omni,Pt100,propene,-2.732264,-1.820869,0.911395
pbe_d3,sevennet_omni,Pt110,CH3,-2.944247,-2.859451,0.084796
pbe_d3,sevennet_omni,Pt110,CO,-2.906564,-2.629005,0.277559
pbe_d3,sevennet_omni,Pt110,H2O,-1.040685,-0.932388,0.108297
pbe_d3,sevennet_omni,Pt110,H2S,-3.093006,-2.428060,0.664947
pbe_d3,sevennet_omni,Pt110,N2,-1.187388,-0.659670,0.527718
pbe_d3,sevennet_omni,Pt110,NH3,-1.775056,-1.623611,0.151445
pbe_d3,sevennet_omni,Pt110,NO,-2.964153,-2.308111,0.656042
pbe_d3,sevennet_omni,Pt110,SO2,-2.515904,-1.707186,0.808718
pbe_d3,sevennet_omni,Pt110,acetaldehyde,-1.216266,-0.714329,0.501937
pbe_d3,sevennet_omni,Pt110,ethane,-1.143597,-0.558723,0.584874
pbe_d3,sevennet_omni,Pt110,ethanol,-1.724365,-0.900631,0.823734
pbe_d3,sevennet_omni,Pt110,ethene,-2.228574,-2.087566,0.141008
pbe_d3,sevennet_omni,Pt110,formaldehyde,-1.883325,-1.435165,0.448160
pbe_d3,sevennet_omni,Pt110,formic_acid,-1.362982,-0.919142,0.443840
pbe_d3,sevennet_omni,Pt110,glycerol,-2.198802,-1.182762,1.016039
pbe_d3,sevennet_omni,Pt110,isopropanol,-1.896088,-0.976223,0.919865
pbe_d3,sevennet_omni,Pt110,methane,-0.615168,-0.631258,-0.016090
pbe_d3,sevennet_omni,Pt110,methanol,-1.271967,-0.846809,0.425157
pbe_d3,sevennet_omni,Pt110,propane,-1.195500,-0.648808,0.546692
pbe_d3,sevennet_omni,Pt110,propanol,-1.858878,-0.936745,0.922133
pbe_d3,sevennet_omni,Pt110,propene,-2.650121,-1.705235,0.944887
pbe_d3,sevennet_omni,Pt111,ethane,-1.402783,-0.433994,0.968789
pbe_d3,sevennet_omni,Pt111,ethanol,-1.775042,-0.636608,1.138434
pbe_d3,sevennet_omni,Pt111,ethene,-2.307789,-1.791988,0.515801
pbe_d3,sevennet_omni,Pt111,formic_acid,-1.170943,-0.754148,0.416794
pbe_d3,sevennet_omni,Pt111,glycerol,-2.235385,-0.816826,1.418559
pbe_d3,sevennet_omni,Pt111,isopropanol,-1.851240,-0.709160,1.142080
pbe_d3,sevennet_omni,Pt111,methanol,-1.111871,-0.637600,0.474271
pbe_d3,sevennet_omni,Pt111,propane,-1.561030,-0.486485,1.074546
pbe_d3,sevennet_omni,Pt111,propanol,-1.956218,-0.727577,1.228641
pbe_d3,sevennet_omni,Pt111,propene,-2.691479,-1.681343,1.010136
pbe_d3,sevennet_omni,Rh100,CH3,-2.526354,-2.759731,-0.233378
pbe_d3,sevennet_omni,Rh100,CO,-2.686424,-2.603645,0.082779
pbe_d3,sevennet_omni,Rh100,H2O,-0.967456,-0.893036,0.074420
pbe_d3,sevennet_omni,Rh100,H2S,-4.525190,-4.221303,0.303887
pbe_d3,sevennet_omni,Rh100,N2,-1.277055,-0.791002,0.486053
pbe_d3,sevennet_omni,Rh100,NH3,-1.630662,-1.585251,0.045411
pbe_d3,sevennet_omni,Rh100,NO,-3.575942,-2.833303,0.742638
pbe_d3,sevennet_omni,Rh100,SO2,-2.983161,-2.261889,0.721273
pbe_d3,sevennet_omni,Rh100,acetaldehyde,-1.163526,-0.902042,0.261483
pbe_d3,sevennet_omni,Rh100,ethane,-0.748911,-0.589943,0.158968
pbe_d3,sevennet_omni,Rh100,ethanol,-1.254192,-0.898262,0.355930
pbe_d3,sevennet_omni,Rh100,ethene,-1.968512,-1.974377,-0.005865
pbe_d3,sevennet_omni,Rh100,formaldehyde,-1.726333,-1.567291,0.159042
pbe_d3,sevennet_omni,Rh100,formic_acid,-1.270628,-1.016203,0.254425
pbe_d3,sevennet_omni,Rh100,methane,-0.573830,-0.663530,-0.089700
pbe_d3,sevennet_omni,Rh100,methanol,-1.122082,-0.829830,0.292251
pbe_d3,sevennet_omni,Rh110,CH3,-2.571722,-2.760906,-0.189184
pbe_d3,sevennet_omni,Rh110,CO,-2.580348,-2.613426,-0.033078
pbe_d3,sevennet_omni,Rh110,H2O,-1.097533,-1.039383,0.058150
pbe_d3,sevennet_omni,Rh110,H2S,-2.683299,-2.426290,0.257010
pbe_d3,sevennet_omni,Rh110,N2,-1.457248,-0.813250,0.643998
pbe_d3,sevennet_omni,Rh110,NH3,-1.588507,-1.566666,0.021841
pbe_d3,sevennet_omni,Rh110,NO,-3.665214,-3.056890,0.608323
pbe_d3,sevennet_omni,Rh110,SO2,-2.930889,-2.349977,0.580912
pbe_d3,sevennet_omni,Rh110,acetaldehyde,-1.746667,-1.566257,0.180410
pbe_d3,sevennet_omni,Rh110,ethane,-0.603781,-0.621468,-0.017686
pbe_d3,sevennet_omni,Rh110,ethanol,-1.414352,-1.027554,0.386798
pbe_d3,sevennet_omni,Rh110,ethene,-1.877586,-1.991129,-0.113543
pbe_d3,sevennet_omni,Rh110,formaldehyde,-2.289090,-2.083115,0.205976
pbe_d3,sevennet_omni,Rh110,formic_acid,-1.462197,-1.062986,0.399210
pbe_d3,sevennet_omni,Rh110,methane,-0.708394,-0.713671,-0.005276
pbe_d3,sevennet_omni,Rh110,methanol,-1.260579,-0.962749,0.297830
pbe_d3,sevennet_omni,Rh111,CH3,-2.745402,-2.575314,0.170088
pbe_d3,sevennet_omni,Rh111,CO,-2.979850,-2.589394,0.390456
pbe_d3,sevennet_omni,Rh111,H2O,-1.290618,-0.855835,0.434783
pbe_d3,sevennet_omni,Rh111,H2S,-1.901037,-1.123494,0.777543
pbe_d3,sevennet_omni,Rh111,N2,-1.511904,-0.720476,0.791428
pbe_d3,sevennet_omni,Rh111,NH3,-1.927112,-1.529953,0.397159
pbe_d3,sevennet_omni,Rh111,NO,-3.835713,-2.825155,1.010558
pbe_d3,sevennet_omni,Rh111,SO2,-2.744410,-1.840502,0.903908
pbe_d3,sevennet_omni,Rh111,acetaldehyde,-1.447411,-0.818882,0.628529
pbe_d3,sevennet_omni,Rh111,ethane,-1.109086,-0.523201,0.585885
pbe_d3,sevennet_omni,Rh111,ethanol,-1.579629,-0.814613,0.765016
pbe_d3,sevennet_omni,Rh111,ethene,-2.061551,-1.542095,0.519456
pbe_d3,sevennet_omni,Rh111,formaldehyde,-1.719254,-1.226685,0.492569
pbe_d3,sevennet_omni,Rh111,formic_acid,-1.515468,-0.907377,0.608091
pbe_d3,sevennet_omni,Rh111,methane,-0.950312,-0.626329,0.323983
beef_vdw,sevennet_omni,Ir100,CO,-2.131020,-2.703773,-0.572754
beef_vdw,sevennet_omni,Ir100,CO2,-0.266943,-0.373524,-0.106581
beef_vdw,sevennet_omni,Ir100,DME,-0.736278,-0.483147,0.253132
beef_vdw,sevennet_omni,Ir100,H2O,-0.555721,-0.858612,-0.302891
beef_vdw,sevennet_omni,Ir100,acetaldehyde,-0.770273,-0.736790,0.033484
beef_vdw,sevennet_omni,Ir100,acetic_acid,-0.902004,-1.041229,-0.139225
beef_vdw,sevennet_omni,Ir100,ethane,-0.313466,-0.449810,-0.136344
beef_vdw,sevennet_omni,Ir100,ethanol,-0.828102,-0.793499,0.034603
beef_vdw,sevennet_omni,Ir100,ethene,-1.381221,-2.162609,-0.781388
beef_vdw,sevennet_omni,Ir100,formic_acid,-0.794861,-1.023283,-0.228422
beef_vdw,sevennet_omni,Ir100,methanol,-0.745901,-0.774990,-0.029089
beef_vdw,sevennet_omni,Ir110,CO,-2.207424,-2.770073,-0.562649
beef_vdw,sevennet_omni,Ir110,CO2,-0.306958,-0.427357,-0.120398
beef_vdw,sevennet_omni,Ir110,DME,-0.951880,-0.642891,0.308990
beef_vdw,sevennet_omni,Ir110,H2O,-0.682570,-1.008728,-0.326158
beef_vdw,sevennet_omni,Ir110,acetaldehyde,-0.950130,-0.842152,0.107978
beef_vdw,sevennet_omni,Ir110,acetic_acid,-1.106879,-0.947815,0.159064
beef_vdw,sevennet_omni,Ir110,ethane,-0.412184,-0.505901,-0.093717
beef_vdw,sevennet_omni,Ir110,ethanol,-1.022678,-0.946968,0.075710
beef_vdw,sevennet_omni,Ir110,ethene,-1.875835,-2.245481,-0.369647
beef_vdw,sevennet_omni,Ir110,methanol,-0.892849,-0.898521,-0.005673
beef_vdw,sevennet_omni,Ir111,DME,-0.626381,-0.428825,0.197556
beef_vdw,sevennet_omni,Ir111,acetaldehyde,-0.593180,-0.644688,-0.051507
beef_vdw,sevennet_omni,Ir111,acetic_acid,-0.666250,-0.826019,-0.159770
beef_vdw,sevennet_omni,Ir111,ethane,-0.314023,-0.375343,-0.061320
beef_vdw,sevennet_omni,Ir111,ethanol,-0.684838,-0.639172,0.045666
beef_vdw,sevennet_omni,Ir111,ethene,-1.006053,-1.371075,-0.365022
beef_vdw,sevennet_omni,Ir111,methanol,-0.601569,-0.702602,-0.101033
r2scan,sevennet_omni,Ag100,CH3,-2.238268,-1.613697,0.624571
r2scan,sevennet_omni,Ag100,CO,-1.476387,-0.504776,0.971611
r2scan,sevennet_omni,Ag100,CO2,-2.166047,-0.362564,1.803483
r2scan,sevennet_omni,Ag100,DME,-1.332752,-0.240547,1.092205
r2scan,sevennet_omni,Ag100,H2,-1.096292,-0.254306,0.841986
r2scan,sevennet_omni,Ag100,H2O,-1.374269,-0.503517,0.870752
r2scan,sevennet_omni,Ag100,N2,-1.105333,-0.050966,1.054367
r2scan,sevennet_omni,Ag100,NH3,-1.608339,-0.726921,0.881418
r2scan,sevennet_omni,Ag100,NO,-2.537107,-0.667753,1.869354
r2scan,sevennet_omni,Ag100,acetaldehyde,-1.315895,-0.499104,0.816792
r2scan,sevennet_omni,Ag100,acetic_acid,-1.464409,-0.578278,0.886132
r2scan,sevennet_omni,Ag100,ethane,-2.153568,-0.294643,1.858925
r2scan,sevennet_omni,Ag100,ethanol,-2.248931,-0.436077,1.812854
r2scan,sevennet_omni,Ag100,ethene,-1.272777,-0.206692,1.066085
r2scan,sevennet_omni,Ag100,formate,-4.780257,-2.210442,2.569816
r2scan,sevennet_omni,Ag100,formic_acid,-1.433728,-0.401838,1.031890
r2scan,sevennet_omni,Ag100,glycerol,-2.550345,-0.682686,1.867659
r2scan,sevennet_omni,Ag100,isopropanol,-2.413585,-0.488556,1.925029
r2scan,sevennet_omni,Ag100,methane,-1.100309,-0.417955,0.682354
r2scan,sevennet_omni,Ag100,methanol,-1.375836,-0.401287,0.974549
r2scan,sevennet_omni,Ag100,propane,-2.218178,-0.309467,1.908711
r2scan,sevennet_omni,Ag100,propanol,-2.390886,-0.471066,1.919820
r2scan,sevennet_omni,Ag100,propene,-2.265401,-0.207314,2.058088
r2scan,sevennet_omni,Ag110,CH3,-1.860780,-1.774620,0.086160
r2scan,sevennet_omni,Ag110,CO,-1.142847,-0.567539,0.575308
r2scan,sevennet_omni,Ag110,CO2,-1.992609,-0.392284,1.600325
r2scan,sevennet_omni,Ag110,DME,-1.018391,-0.310280,0.708111
r2scan,sevennet_omni,Ag110,H2,-0.685863,-0.266990,0.418873
r2scan,sevennet_omni,Ag110,H2O,-1.070102,-0.583969,0.486133
r2scan,sevennet_omni,Ag110,N2,-0.705477,-0.051291,0.654186
r2scan,sevennet_omni,Ag110,NH3,-1.245731,-0.807743,0.437988
r2scan,sevennet_omni,Ag110,NO,-2.092279,-0.813234,1.279044
r2scan,sevennet_omni,Ag110,acetaldehyde,-0.956360,-0.588154,0.368206
r2scan,sevennet_omni,Ag110,acetic_acid,-1.126360,-0.675636,0.450723
r2scan,sevennet_omni,Ag110,ethane,-0.756047,-0.380138,0.375909
r2scan,sevennet_omni,Ag110,ethanol,-2.188874,-0.545704,1.643170
r2scan,sevennet_omni,Ag110,ethene,-1.049627,-0.408871,0.640756
r2scan,sevennet_omni,Ag110,formate,-4.371329,-2.328859,2.042469
r2scan,sevennet_omni,Ag110,formic_acid,-1.103269,-0.483854,0.619415
r2scan,sevennet_omni,Ag110,glycerol,-2.537391,-0.964417,1.572975
r2scan,sevennet_omni,Ag110,isopropanol,-2.300925,-0.585964,1.714961
r2scan,sevennet_omni,Ag110,methane,-0.744714,-0.459803,0.284911
r2scan,sevennet_omni,Ag110,methanol,-1.067810,-0.476879,0.590931
r2scan,sevennet_omni,Ag110,propane,-2.009322,-0.382557,1.626765
r2scan,sevennet_omni,Ag110,propanol,-2.299023,-0.544685,1.754338
r2scan,sevennet_omni,Ag110,propene,-2.275663,-0.338913,1.936750
r2scan,sevennet_omni,Ag111,CH3,-1.918168,-1.534584,0.383584
r2scan,sevennet_omni,Ag111,CO,-1.306210,-0.430634,0.875576
r2scan,sevennet_omni,Ag111,CO2,-2.174070,-0.356842,1.817228
r2scan,sevennet_omni,Ag111,DME,-1.315249,-0.202621,1.112627
r2scan,sevennet_omni,Ag111,H2,-1.213739,-0.225727,0.988013
r2scan,sevennet_omni,Ag111,H2O,-1.384843,-0.448456,0.936387
r2scan,sevennet_omni,Ag111,N2,-1.235480,-0.053942,1.181539
r2scan,sevennet_omni,Ag111,NH3,-1.625162,-0.604675,1.020487
r2scan,sevennet_omni,Ag111,NO,-2.149316,-0.535032,1.614284
r2scan,sevennet_omni,Ag111,acetaldehyde,-1.334838,-0.411144,0.923693
r2scan,sevennet_omni,Ag111,acetic_acid,-1.477748,-0.469193,1.008555
r2scan,sevennet_omni,Ag111,ethane,-2.168477,-0.274319,1.894158
r2scan,sevennet_omni,Ag111,ethanol,-2.288087,-0.375816,1.912270
r2scan,sevennet_omni,Ag111,ethene,-1.312920,-0.167400,1.145520
r2scan,sevennet_omni,Ag111,formate,-4.341414,-1.979294,2.362120
r2scan,sevennet_omni,Ag111,formic_acid,-1.484616,-0.335066,1.149550
r2scan,sevennet_omni,Ag111,glycerol,-2.460954,-0.579643,1.881311
r2scan,sevennet_omni,Ag111,isopropanol,-2.390187,-0.414974,1.975212
r2scan,sevennet_omni,Ag111,methane,-1.265801,-0.394754,0.871047
r2scan,sevennet_omni,Ag111,methanol,-1.392701,-0.327747,1.064953
r2scan,sevennet_omni,Ag111,propane,-2.198407,-0.282200,1.916207
r2scan,sevennet_omni,Ag111,propanol,-2.383489,-0.389130,1.994360
r2scan,sevennet_omni,Ag111,propene,-2.232301,-0.177803,2.054498
r2scan,sevennet_omni,Au111,CH3,-1.188006,-1.786671,-0.598665
r2scan,sevennet_omni,Au111,CO,-0.098365,-0.587914,-0.489549
r2scan,sevennet_omni,Au111,CO2,-0.061803,-0.397263,-0.335460
r2scan,sevennet_omni,Au111,DME,-0.015452,-0.160542,-0.145089
r2scan,sevennet_omni,Au111,H2,-0.017167,-0.242908,-0.225741
r2scan,sevennet_omni,Au111,H2O,-0.101528,-0.513962,-0.412434
r2scan,sevennet_omni,Au111,N2,-0.020710,-0.085428,-0.064718
r2scan,sevennet_omni,Au111,NH3,-0.126130,-0.536507,-0.410376
r2scan,sevennet_omni,Au111,NO,-0.957687,-0.684530,0.273157
r2scan,sevennet_omni,Au111,acetaldehyde,0.045260,-0.267429,-0.312690
r2scan,sevennet_omni,Au111,acetic_acid,-0.185724,-0.364731,-0.179007
r2scan,sevennet_omni,Au111,ethane,0.071113,-0.237324,-0.308437
r2scan,sevennet_omni,Au111,ethanol,-0.132648,-0.277458,-0.144810
r2scan,sevennet_omni,Au111,ethene,-0.006746,-0.193546,-0.186800
r2scan,sevennet_omni,Au111,formate,-2.693701,-1.474586,1.219114
r2scan,sevennet_omni,Au111,formic_acid,-0.250678,-0.370893,-0.120216
r2scan,sevennet_omni,Au111,glycerol,-0.413757,-0.587471,-0.173714
r2scan,sevennet_omni,Au111,isopropanol,-0.235828,-0.328651,-0.092823
r2scan,sevennet_omni,Au111,methane,-0.059045,-0.365198,-0.306153
r2scan,sevennet_omni,Au111,methanol,0.084706,-0.260586,-0.345291
r2scan,sevennet_omni,Au111,propane,-0.103866,-0.243813,-0.139947
r2scan,sevennet_omni,Au111,propanol,-0.276090,-0.319805,-0.043715
r2scan,sevennet_omni,Au111,propene,-0.207220,-0.204445,0.002775
r2scan,sevennet_omni,Cu100,CO,-0.947358,-1.194466,-0.247108
r2scan,sevennet_omni,Cu100,CO2,-0.061284,-0.361408,-0.300124
r2scan,sevennet_omni,Cu100,DME,-0.225654,-0.274284,-0.048631
r2scan,sevennet_omni,Cu100,H2O,-0.361652,-0.565491,-0.203838
r2scan,sevennet_omni,Cu100,acetaldehyde,-0.369538,-0.602451,-0.232913
r2scan,sevennet_omni,Cu100,acetic_acid,-0.468361,-0.745911,-0.277550
r2scan,sevennet_omni,Cu100,ethane,0.003186,-0.315483,-0.318669
r2scan,sevennet_omni,Cu100,ethanol,-0.359016,-0.503120,-0.144104
r2scan,sevennet_omni,Cu100,ethene,-0.429490,-0.466640,-0.037150
r2scan,sevennet_omni,Cu100,formic_acid,-0.478958,-0.530851,-0.051893
r2scan,sevennet_omni,Cu100,methanol,-0.323244,-0.473202,-0.149957
r2scan,sevennet_omni,Cu110,CO,-0.676748,-1.349632,-0.672885
r2scan,sevennet_omni,Cu110,CO2,0.331137,-0.407398,-0.738535
r2scan,sevennet_omni,Cu110,DME,-0.028456,-0.343697,-0.315240
r2scan,sevennet_omni,Cu110,H2O,-0.043616,-0.707077,-0.663461
r2scan,sevennet_omni,Cu110,acetaldehyde,-0.009897,-0.750141,-0.740244
r2scan,sevennet_omni,Cu110,acetic_acid,-0.224167,-0.859619,-0.635452
r2scan,sevennet_omni,Cu110,ethane,0.386052,-0.426151,-0.812204
r2scan,sevennet_omni,Cu110,ethanol,0.818234,-0.661915,-1.480149
r2scan,sevennet_omni,Cu110,ethene,-0.298957,-0.807285,-0.508329
r2scan,sevennet_omni,Cu110,formic_acid,-0.189781,-0.686584,-0.496803
r2scan,sevennet_omni,Cu110,glycerol,0.125763,-1.067558,-1.193321
r2scan,sevennet_omni,Cu110,isopropanol,0.743360,-0.724026,-1.467386
r2scan,sevennet_omni,Cu110,methanol,-0.147742,-0.592899,-0.445157
r2scan,sevennet_omni,Cu110,propane,1.255436,-0.420559,-1.675995
r2scan,sevennet_omni,Cu110,propanol,0.741337,-0.686764,-1.428101
r2scan,sevennet_omni,Cu110,propene,0.537313,-0.635105,-1.172418
r2scan,sevennet_omni,Cu111,CO,0.423362,-1.240349,-1.663711
r2scan,sevennet_omni,Cu111,CO2,1.379296,-0.363129,-1.742425
r2scan,sevennet_omni,Cu111,DME,1.330769,-0.216393,-1.547161
r2scan,sevennet_omni,Cu111,H2O,1.110487,-0.475266,-1.585753
r2scan,sevennet_omni,Cu111,acetaldehyde,1.129627,-0.449894,-1.579521
r2scan,sevennet_omni,Cu111,acetic_acid,0.985769,-0.590637,-1.576406
r2scan,sevennet_omni,Cu111,ethane,1.361742,-0.287235,-1.648977
r2scan,sevennet_omni,Cu111,ethanol,1.202618,-0.380516,-1.583134
r2scan,sevennet_omni,Cu111,ethene,1.334374,-0.185497,-1.519871
r2scan,sevennet_omni,Cu111,formic_acid,1.013880,-0.386168,-1.400048
r2scan,sevennet_omni,Cu111,glycerol,0.908851,-0.626617,-1.535469
r2scan,sevennet_omni,Cu111,isopropanol,1.008991,-0.429443,-1.438434
r2scan,sevennet_omni,Cu111,methanol,1.056944,-0.360289,-1.417233
r2scan,sevennet_omni,Cu111,propane,1.318455,-0.307564,-1.626018
r2scan,sevennet_omni,Cu111,propanol,1.002722,-0.438148,-1.440871
r2scan,sevennet_omni,Cu111,propene,1.034309,-0.206791,-1.241100
r2scan,sevennet_omni,Ir100,CO,-2.483717,-2.703773,-0.220057
r2scan,sevennet_omni,Ir100,CO2,-0.246098,-0.373524,-0.127426
r2scan,sevennet_omni,Ir100,DME,-0.834949,-0.483147,0.351802
r2scan,sevennet_omni,Ir100,H2O,-0.807026,-0.858612,-0.051586
r2scan,sevennet_omni,Ir100,acetaldehyde,-0.948431,-0.736790,0.211642
r2scan,sevennet_omni,Ir100,acetic_acid,-1.098405,-1.041229,0.057176
r2scan,sevennet_omni,Ir100,ethane,-0.262066,-0.449810,-0.187744
r2scan,sevennet_omni,Ir100,ethanol,-0.944353,-0.793499,0.150854
r2scan,sevennet_omni,Ir100,ethene,-1.922310,-2.162609,-0.240299
r2scan,sevennet_omni,Ir100,formic_acid,-1.040494,-1.023283,0.017211
r2scan,sevennet_omni,Ir100,methanol,-0.927057,-0.774990,0.152067
r2scan,sevennet_omni,Ir110,CO,-2.122591,-2.770073,-0.647482
r2scan,sevennet_omni,Ir110,CO2,-0.119708,-0.427357,-0.307649
r2scan,sevennet_omni,Ir110,DME,-0.751305,-0.642891,0.108414
r2scan,sevennet_omni,Ir110,H2O,-0.740650,-1.008728,-0.268078
r2scan,sevennet_omni,Ir110,acetaldehyde,-0.867963,-0.842152,0.025811
r2scan,sevennet_omni,Ir110,acetic_acid,-1.089247,-0.947815,0.141432
r2scan,sevennet_omni,Ir110,ethane,-0.187548,-0.505901,-0.318353
r2scan,sevennet_omni,Ir110,ethanol,-0.878644,-0.946968,-0.068324
r2scan,sevennet_omni,Ir110,ethene,-1.877982,-2.245481,-0.367499
r2scan,sevennet_omni,Ir110,methanol,-0.828056,-0.898521,-0.070466
r2scan,sevennet_omni,Ir111,DME,-0.494620,-0.428825,0.065794
r2scan,sevennet_omni,Ir111,acetaldehyde,-0.583178,-0.644688,-0.061510
r2scan,sevennet_omni,Ir111,acetic_acid,-0.648107,-0.826019,-0.177912
r2scan,sevennet_omni,Ir111,ethane,-0.072821,-0.375343,-0.302522
r2scan,sevennet_omni,Ir111,ethanol,-0.599820,-0.639172,-0.039352
r2scan,sevennet_omni,Ir111,ethene,-1.060619,-1.371075,-0.310456
r2scan,sevennet_omni,Ir111,methanol,-0.583872,-0.702602,-0.118730
r2scan,sevennet_omni,Pd100,CO2,-0.643354,-0.471163,0.172191
r2scan,sevennet_omni,Pd100,DME,-0.688272,-0.513927,0.174345
r2scan,sevennet_omni,Pd100,acetaldehyde,-0.685246,-0.707111,-0.021865
r2scan,sevennet_omni,Pd100,acetic_acid,-0.870429,-0.777206,0.093222
r2scan,sevennet_omni,Pd100,ethane,-0.693055,-0.513893,0.179162
r2scan,sevennet_omni,Pd100,ethanol,-1.034025,-0.706497,0.327528
r2scan,sevennet_omni,Pd100,ethene,-1.379707,-1.439617,-0.059911
r2scan,sevennet_omni,Pd100,glycerol,-1.343952,-0.945259,0.398693
r2scan,sevennet_omni,Pd100,isopropanol,-1.109523,-0.819695,0.289829
r2scan,sevennet_omni,Pd100,methanol,-0.693327,-0.636440,0.056886
r2scan,sevennet_omni,Pd100,propane,-0.778718,-0.618076,0.160642
r2scan,sevennet_omni,Pd100,propanol,-1.101572,-0.796852,0.304719
r2scan,sevennet_omni,Pd100,propene,-1.642728,-1.461826,0.180901
r2scan,sevennet_omni,Pd110,CO2,-0.572929,-0.481079,0.091850
r2scan,sevennet_omni,Pd110,DME,-0.710712,-0.554893,0.155818
r2scan,sevennet_omni,Pd110,acetaldehyde,-0.663912,-0.795628,-0.131716
r2scan,sevennet_omni,Pd110,acetic_acid,-0.881725,-0.854538,0.027187
r2scan,sevennet_omni,Pd110,ethane,-0.586063,-0.566826,0.019237
r2scan,sevennet_omni,Pd110,ethanol,-1.101865,-0.819378,0.282487
r2scan,sevennet_omni,Pd110,ethene,-1.306883,-1.601023,-0.294140
r2scan,sevennet_omni,Pd110,glycerol,-1.626738,-1.266991,0.359747
r2scan,sevennet_omni,Pd110,isopropanol,-1.157533,-0.928234,0.229299
r2scan,sevennet_omni,Pd110,methanol,-0.764210,-0.767948,-0.003738
r2scan,sevennet_omni,Pd110,propane,-0.787558,-0.604557,0.183001
r2scan,sevennet_omni,Pd110,propanol,-1.140439,-0.894321,0.246117
r2scan,sevennet_omni,Pd110,propene,-1.773605,-1.537083,0.236522
r2scan,sevennet_omni,Pd111,CO2,-0.661183,-0.447756,0.213427
r2scan,sevennet_omni,Pd111,DME,-0.703677,-0.492546,0.211131
r2scan,sevennet_omni,Pd111,acetaldehyde,-0.669377,-0.642475,0.026901
r2scan,sevennet_omni,Pd111,acetic_acid,-0.821785,-0.699757,0.122028
r2scan,sevennet_omni,Pd111,ethane,-0.669439,-0.455055,0.214384
r2scan,sevennet_omni,Pd111,ethanol,-1.087015,-0.673756,0.413259
r2scan,sevennet_omni,Pd111,ethene,-1.176594,-1.265545,-0.088951
r2scan,sevennet_omni,Pd111,glycerol,-1.445158,-1.008171,0.436987
r2scan,sevennet_omni,Pd111,isopropanol,-1.124235,-0.766689,0.357546
r2scan,sevennet_omni,Pd111,methanol,-0.734266,-0.616711,0.117555
r2scan,sevennet_omni,Pd111,propane,-0.784628,-0.488926,0.295703
r2scan,sevennet_omni,Pd111,propanol,-1.135958,-0.756054,0.379904
r2scan,sevennet_omni,Pd111,propene,-1.516966,-1.175846,0.341120
r2scan,sevennet_omni,Pt100,CO2,-1.317603,-0.509066,0.808537
r2scan,sevennet_omni,Pt100,DME,-1.220365,-0.518105,0.702260
r2scan,sevennet_omni,Pt100,acetaldehyde,-1.077449,-0.662636,0.414813
r2scan,sevennet_omni,Pt100,acetic_acid,-1.405462,-0.797150,0.608312
r2scan,sevennet_omni,Pt100,ethane,-1.334360,-0.483349,0.851011
r2scan,sevennet_omni,Pt100,ethanol,-1.818202,-0.709301,1.108901
r2scan,sevennet_omni,Pt100,ethene,-2.117796,-1.614788,0.503008
r2scan,sevennet_omni,Pt100,glycerol,-2.123366,-1.045982,1.077383
r2scan,sevennet_omni,Pt100,isopropanol,-1.868626,-0.789364,1.079262
r2scan,sevennet_omni,Pt100,methanol,-1.247183,-0.662424,0.584759
r2scan,sevennet_omni,Pt100,propane,-1.378816,-0.544270,0.834547
r2scan,sevennet_omni,Pt100,propanol,-1.841255,-0.805489,1.035767
r2scan,sevennet_omni,Pt100,propene,-2.805983,-1.820869,0.985113
r2scan,sevennet_omni,Pt110,CO2,-1.279977,-0.512955,0.767022
r2scan,sevennet_omni,Pt110,DME,-1.140905,-0.584038,0.556867
r2scan,sevennet_omni,Pt110,acetaldehyde,-1.121247,-0.714329,0.406918
r2scan,sevennet_omni,Pt110,acetic_acid,-1.316505,-0.936661,0.379844
r2scan,sevennet_omni,Pt110,ethane,-1.293621,-0.558723,0.734898
r2scan,sevennet_omni,Pt110,ethanol,-1.909233,-0.900631,1.008602
r2scan,sevennet_omni,Pt110,ethene,-2.083606,-2.087566,-0.003960
r2scan,sevennet_omni,Pt110,glycerol,-2.151438,-1.182762,0.968676
r2scan,sevennet_omni,Pt110,isopropanol,-2.001192,-0.976223,1.024969
r2scan,sevennet_omni,Pt110,methanol,-1.193913,-0.846809,0.347103
r2scan,sevennet_omni,Pt110,propane,-1.365159,-0.648808,0.716351
r2scan,sevennet_omni,Pt110,propanol,-1.979515,-0.936745,1.042770
r2scan,sevennet_omni,Pt110,propene,-2.807972,-1.705235,1.102738
r2scan,sevennet_omni,Pt111,CO2,-1.403384,-0.486696,0.916688
r2scan,sevennet_omni,Pt111,ethane,-1.417416,-0.433994,0.983421
r2scan,sevennet_omni,Pt111,ethanol,-1.809769,-0.636608,1.173161
r2scan,sevennet_omni,Pt111,ethene,-2.362376,-1.791988,0.570387
r2scan,sevennet_omni,Pt111,glycerol,-2.073573,-0.816826,1.256747
r2scan,sevennet_omni,Pt111,isopropanol,-1.689829,-0.709160,0.980669
r2scan,sevennet_omni,Pt111,methanol,-1.124779,-0.637600,0.487179
r2scan,sevennet_omni,Pt111,propane,-1.456063,-0.486485,0.969578
r2scan,sevennet_omni,Pt111,propanol,-1.871128,-0.727577,1.143551
r2scan,sevennet_omni,Pt111,propene,-2.648100,-1.681343,0.966757
r2scan,sevennet_omni,Rh100,DME,-0.967830,-0.650936,0.316894
r2scan,sevennet_omni,Rh100,acetaldehyde,-1.019740,-0.902042,0.117698
r2scan,sevennet_omni,Rh100,acetic_acid,-1.216574,-1.041199,0.175375
r2scan,sevennet_omni,Rh100,ethane,-0.634331,-0.589943,0.044388
r2scan,sevennet_omni,Rh100,ethanol,-1.062669,-0.898262,0.164407
r2scan,sevennet_omni,Rh100,ethene,-1.793550,-1.974377,-0.180827
r2scan,sevennet_omni,Rh100,methanol,-1.011970,-0.829830,0.182140
r2scan,sevennet_omni,Rh110,DME,-0.869852,-0.749786,0.120066
r2scan,sevennet_omni,Rh110,acetaldehyde,-1.470783,-1.566257,-0.095474
r2scan,sevennet_omni,Rh110,acetic_acid,-1.128584,-1.057068,0.071517
r2scan,sevennet_omni,Rh110,ethane,-0.443120,-0.621468,-0.178348
r2scan,sevennet_omni,Rh110,ethanol,-0.983098,-1.027554,-0.044455
r2scan,sevennet_omni,Rh110,ethene,-1.603306,-1.991129,-0.387822
r2scan,sevennet_omni,Rh110,methanol,-0.920155,-0.962749,-0.042594
r2scan,sevennet_omni,Rh111,DME,-1.406647,-0.630302,0.776345
r2scan,sevennet_omni,Rh111,acetaldehyde,-1.343715,-0.818882,0.524834
r2scan,sevennet_omni,Rh111,acetic_acid,-1.573816,-0.945190,0.628626
r2scan,sevennet_omni,Rh111,ethane,-0.820941,-0.523201,0.297740
r2scan,sevennet_omni,Rh111,ethanol,-1.479099,-0.814613,0.664486
r2scan,sevennet_omni,Rh111,ethene,-1.998582,-1.542095,0.456487
