surface,molecule,functional,mode,status,E_ads,E_complex,E_slab,E_molecule,complex_cluster,slab_cluster,molecule_cluster,complex_directory,slab_directory,molecule_directory,complex_snapshot_id,slab_snapshot_id,molecule_snapshot_id,provenance
Au111,CH3,beef_vdw,relaxed,ok,-1.40879396,-17.60756025,0.91882089,-17.11758718,perlmutter,kestrel,perlmutter,/pscratch/sd/j/jcho5/VASP/dft_jobs/CH3_Au111/beef_vdw,/kfs3/scratch/jcho5/goad-global-optimization/vasp_slab/Au111_n36/beef_vdw,/pscratch/sd/j/jcho5/VASP/vasp_mol/CH3/beef_vdw,a2ca15a60ea55070c8063c0fc8e53f9932ca157c1636017f09fd57aa2803b271,598831743de220ae2c7e6dcd37c543a2b977ddffbcd1bd4ddc11b98f9a1352fa,f0733edfed13aa5b9d868101c2fe949598a24260c4bc65e1972c0c4d025357bd,"Converged components; matching PAW TITEL identities, functional, composition, full slab cell and stored core settings. Archived Kestrel provenance retained. No energy scaling or offsets."
Au111,CO,beef_vdw,relaxed,ok,-0.04158874,-10.85594416,0.91882089,-11.73317631,perlmutter,kestrel,perlmutter,/pscratch/sd/j/jcho5/VASP/dft_jobs/CO_Au111/beef_vdw,/kfs3/scratch/jcho5/goad-global-optimization/vasp_slab/Au111_n36/beef_vdw,/pscratch/sd/j/jcho5/VASP/vasp_mol/CO/beef_vdw,bbe2c3397d15cee0cc31f0ce5db232c208bab83adc0e3e4b3da4ff866069b3f6,598831743de220ae2c7e6dcd37c543a2b977ddffbcd1bd4ddc11b98f9a1352fa,d77eb3f1ef786d46cdc1459c9000c1670173c43d18f90ebb392a9f1953cd4f01,"Converged components; matching PAW TITEL identities, functional, composition, full slab cell and stored core settings. Archived Kestrel provenance retained. No energy scaling or offsets."
Au111,DME,beef_vdw,relaxed,ok,-0.38212091,-41.75642931,0.91882089,-42.29312929,perlmutter,kestrel,perlmutter,/pscratch/sd/j/jcho5/VASP/dft_jobs/CH3OCH3_Au111/beef_vdw,/kfs3/scratch/jcho5/goad-global-optimization/vasp_slab/Au111_n36/beef_vdw,/pscratch/sd/j/jcho5/VASP/vasp_mol/CH3OCH3/beef_vdw,4f995b96c6dba4d91fed7d0215d5e3f95993ff30d0391969b176d7450d7ebdf5,598831743de220ae2c7e6dcd37c543a2b977ddffbcd1bd4ddc11b98f9a1352fa,27878bc29d50a2ea21a73bca6ba82d72279bcada85cd34305d38c087f6aa5ffb,"Converged components; matching PAW TITEL identities, functional, composition, full slab cell and stored core settings. Archived Kestrel provenance retained. No energy scaling or offsets."
Au111,DME,pbe_d3,SPE,ok,0.05737353,-174.47216475,-128.10601966,-46.42351862,perlmutter,perlmutter,perlmutter,/pscratch/sd/j/jcho5/VASP/dft_jobs/CH3OCH3_Au111/singlepoint/PBE_D3,/pscratch/sd/j/jcho5/VASP/vasp_slab_kestrel/Au111_n36/PBE_D3,/pscratch/sd/j/jcho5/VASP/completion_runs/dme_references_davidson_20260915/molecule/DME/PBE_D3,de347de5ab59649dc5d4707fbe568816887f52362428fc532f2e14f40fa0d960,27ba41cc961f1fa3b990f30fa19093fc546d2b4e995f09abe54cdfd95a8adac8,fa540cffb0ee118e48318e9d7cc15ef68ab721ba66b60dacbe49aaf2111cd3ba,"Converged components; matching PAW TITEL identities, functional, composition, full slab cell and stored core settings. Archived Kestrel provenance retained. No energy scaling or offsets."
Au111,DME,pbe_d3,relaxed,ok,-0.48120232,-175.0107406,-128.10601966,-46.42351862,perlmutter,perlmutter,perlmutter,/pscratch/sd/j/jcho5/VASP/dft_jobs/CH3OCH3_Au111/PBE_D3,/pscratch/sd/j/jcho5/VASP/vasp_slab_kestrel/Au111_n36/PBE_D3,/pscratch/sd/j/jcho5/VASP/completion_runs/dme_references_davidson_20260915/molecule/DME/PBE_D3,3fe3758c6689ec563edebe330e0ef76f438fbeeeab6cad6e87e18af552ac2ad1,27ba41cc961f1fa3b990f30fa19093fc546d2b4e995f09abe54cdfd95a8adac8,fa540cffb0ee118e48318e9d7cc15ef68ab721ba66b60dacbe49aaf2111cd3ba,"Converged components; matching PAW TITEL identities, functional, composition, full slab cell and stored core settings. Archived Kestrel provenance retained. No energy scaling or offsets."
Au111,H2O,beef_vdw,relaxed,ok,-0.17530235,-11.75979827,0.91882089,-12.50331681,perlmutter,kestrel,perlmutter,/pscratch/sd/j/jcho5/VASP/dft_jobs/H2O_Au111/beef_vdw,/kfs3/scratch/jcho5/goad-global-optimization/vasp_slab/Au111_n36/beef_vdw,/pscratch/sd/j/jcho5/VASP/vasp_mol/H2O/beef_vdw,bc93035c86251030a988c7659bd13ef792ffd5c936d559118b99670eefc25824,598831743de220ae2c7e6dcd37c543a2b977ddffbcd1bd4ddc11b98f9a1352fa,e530d3bfc45ce02ee0c88f7e9ef8f15086bc2d2622295888826a45376641d05e,"Converged components; matching PAW TITEL identities, functional, composition, full slab cell and stored core settings. Archived Kestrel provenance retained. No energy scaling or offsets."
Au111,H2S,beef_vdw,relaxed,ok,-0.33768034,-9.0330357,0.91882089,-9.61417625,perlmutter,kestrel,perlmutter,/pscratch/sd/j/jcho5/VASP/dft_jobs/H2S_Au111/beef_vdw,/kfs3/scratch/jcho5/goad-global-optimization/vasp_slab/Au111_n36/beef_vdw,/pscratch/sd/j/jcho5/VASP/vasp_mol/H2S/beef_vdw,ebaf8f213f50d2dc9b4a12991f9976b8d04b25f7c0dc7eacb8a47cf3f95e2a58,598831743de220ae2c7e6dcd37c543a2b977ddffbcd1bd4ddc11b98f9a1352fa,3b6ac57102b04e5d19465d470d29029d03d833148177f2a3f43972f6181644e6,"Converged components; matching PAW TITEL identities, functional, composition, full slab cell and stored core settings. Archived Kestrel provenance retained. No energy scaling or offsets."
Au111,N2,beef_vdw,relaxed,ok,-0.14503977,-12.78954633,0.91882089,-13.56332745,perlmutter,kestrel,perlmutter,/pscratch/sd/j/jcho5/VASP/dft_jobs/N2_Au111/beef_vdw,/kfs3/scratch/jcho5/goad-global-optimization/vasp_slab/Au111_n36/beef_vdw,/pscratch/sd/j/jcho5/VASP/vasp_mol/N2/beef_vdw,4ac61a3d40c7ddaeb53f8dfad304f7acd4335a874a9081d3cdd81261c1681c9f,598831743de220ae2c7e6dcd37c543a2b977ddffbcd1bd4ddc11b98f9a1352fa,23949fb737b7c6a868927a75cb13f9adc8f41e078c915f98f3541be67846de6b,"Converged components; matching PAW TITEL identities, functional, composition, full slab cell and stored core settings. Archived Kestrel provenance retained. No energy scaling or offsets."
Au111,NH3,beef_vdw,relaxed,ok,-0.22314821,-17.44180474,0.91882089,-18.13747742,perlmutter,kestrel,perlmutter,/pscratch/sd/j/jcho5/VASP/dft_jobs/NH3_Au111/beef_vdw,/kfs3/scratch/jcho5/goad-global-optimization/vasp_slab/Au111_n36/beef_vdw,/pscratch/sd/j/jcho5/VASP/vasp_mol/NH3/beef_vdw,e7cf908f573689465ffd65f8a9de4a7042beb8ae1a37360dc16e7d5a8daac774,598831743de220ae2c7e6dcd37c543a2b977ddffbcd1bd4ddc11b98f9a1352fa,7b4cb50e9e70d380108f14aea533021f1ecdbce06efd8b816d202d04a6ac7b09,"Converged components; matching PAW TITEL identities, functional, composition, full slab cell and stored core settings. Archived Kestrel provenance retained. No energy scaling or offsets."
Au111,NO,beef_vdw,relaxed,energy_review,-7.43143395,-8.47940588,0.91882089,-1.96679282,perlmutter,kestrel,perlmutter,/pscratch/sd/j/jcho5/VASP/dft_jobs/NO_Au111/beef_vdw,/kfs3/scratch/jcho5/goad-global-optimization/vasp_slab/Au111_n36/beef_vdw,/pscratch/sd/j/jcho5/VASP/vasp_mol/NO/beef_vdw,f42c356e401a709deeb767ab9214077f4b30c5ac9cc3e548c6323185bdff3754,598831743de220ae2c7e6dcd37c543a2b977ddffbcd1bd4ddc11b98f9a1352fa,2034d2709a723f8dce76950fbef0689b07de80956e4288cd196fde76f2c2a1dd,"Converged components; matching PAW TITEL identities, functional, composition, full slab cell and stored core settings. Archived Kestrel provenance retained. No energy scaling or offsets."
Au111,SO2,beef_vdw,relaxed,ok,-0.40072283,-11.152762,0.91882089,-11.67086006,perlmutter,kestrel,perlmutter,/pscratch/sd/j/jcho5/VASP/dft_jobs/SO2_Au111/beef_vdw,/kfs3/scratch/jcho5/goad-global-optimization/vasp_slab/Au111_n36/beef_vdw,/pscratch/sd/j/jcho5/VASP/vasp_mol/SO2/beef_vdw,687703140fc684c8eeb8efcfd8df6922023e94d3c205f7ccffb1d469fcbe5629,598831743de220ae2c7e6dcd37c543a2b977ddffbcd1bd4ddc11b98f9a1352fa,7e019bce0949841281cc8e6f386da9ba4bccb2a568c6af01d8074ac759b7e614,"Converged components; matching PAW TITEL identities, functional, composition, full slab cell and stored core settings. Archived Kestrel provenance retained. No energy scaling or offsets."
Au111,acetaldehyde,beef_vdw,relaxed,ok,-0.36605827,-34.32076413,0.91882089,-34.87352675,perlmutter,kestrel,perlmutter,/pscratch/sd/j/jcho5/VASP/dft_jobs/CH3CHO_Au111/beef_vdw,/kfs3/scratch/jcho5/goad-global-optimization/vasp_slab/Au111_n36/beef_vdw,/pscratch/sd/j/jcho5/VASP/vasp_mol/CH3CHO/beef_vdw,ee439c32789f6b7a1b8b3e84ad0954fa00e958764b54c2355071da6d3418ca0b,598831743de220ae2c7e6dcd37c543a2b977ddffbcd1bd4ddc11b98f9a1352fa,30f082e517a0ef56acfc65557a4d47228b0dd4e63481987e0cbb8c7e9e5de737,"Converged components; matching PAW TITEL identities, functional, composition, full slab cell and stored core settings. Archived Kestrel provenance retained. No energy scaling or offsets."
Au111,acetic_acid,beef_vdw,relaxed,ok,-0.41820219,-40.0777184,0.91882089,-40.5783371,perlmutter,kestrel,perlmutter,/pscratch/sd/j/jcho5/VASP/dft_jobs/CH3COOH_Au111/beef_vdw,/kfs3/scratch/jcho5/goad-global-optimization/vasp_slab/Au111_n36/beef_vdw,/pscratch/sd/j/jcho5/VASP/vasp_mol/CH3COOH/beef_vdw,42daae5e89ea221df6dee1b9a6f7516f9bd7a26efcd59a8b97f474f6f2dc3269,598831743de220ae2c7e6dcd37c543a2b977ddffbcd1bd4ddc11b98f9a1352fa,a525ec7863dfe3908f9a63f39e1a060a7c60b2ca0532953fde51685113290710,"Converged components; matching PAW TITEL identities, functional, composition, full slab cell and stored core settings. Archived Kestrel provenance retained. No energy scaling or offsets."
Au111,ethane,beef_vdw,relaxed,ok,-0.31622231,-37.62663206,0.91882089,-38.22923064,perlmutter,kestrel,perlmutter,/pscratch/sd/j/jcho5/VASP/dft_jobs/C2H6_Au111/beef_vdw,/kfs3/scratch/jcho5/goad-global-optimization/vasp_slab/Au111_n36/beef_vdw,/pscratch/sd/j/jcho5/VASP/vasp_mol/C2H6/beef_vdw,c6fc2fc05f3c682a19214e909525ec1615dcae0fa78def91e7a743e13f84488e,598831743de220ae2c7e6dcd37c543a2b977ddffbcd1bd4ddc11b98f9a1352fa,33d01826c3b6a7437ac317257b8993222c753e298791efe51a5e106f0b74c50d,"Converged components; matching PAW TITEL identities, functional, composition, full slab cell and stored core settings. Archived Kestrel provenance retained. No energy scaling or offsets."
Au111,ethanol,beef_vdw,relaxed,ok,-0.39428894,-42.22568353,0.91882089,-42.75021548,perlmutter,kestrel,perlmutter,/pscratch/sd/j/jcho5/VASP/dft_jobs/CH3CH2OH_Au111/beef_vdw,/kfs3/scratch/jcho5/goad-global-optimization/vasp_slab/Au111_n36/beef_vdw,/pscratch/sd/j/jcho5/VASP/vasp_mol/CH3CH2OH/beef_vdw,c8b7101bd17b5d712a593ad69adb77f6b355d48ae8507b34c617b81f7c3f22de,598831743de220ae2c7e6dcd37c543a2b977ddffbcd1bd4ddc11b98f9a1352fa,ef8bb4ca938618888c7c0ac93eeb42b83a24369fa1265bf336c670bcabd28793,"Converged components; matching PAW TITEL identities, functional, composition, full slab cell and stored core settings. Archived Kestrel provenance retained. No energy scaling or offsets."
Au111,ethene,beef_vdw,relaxed,ok,-0.35484898,-29.01769455,0.91882089,-29.58166646,perlmutter,kestrel,perlmutter,/pscratch/sd/j/jcho5/VASP/dft_jobs/C2H4_Au111/beef_vdw,/kfs3/scratch/jcho5/goad-global-optimization/vasp_slab/Au111_n36/beef_vdw,/pscratch/sd/j/jcho5/VASP/vasp_mol/C2H4/beef_vdw,4dd14792ce185ff40981c55cfb91221bf0c27e29147de522949d8af117018c0a,598831743de220ae2c7e6dcd37c543a2b977ddffbcd1bd4ddc11b98f9a1352fa,b395de0374a143c9d6de86698cc98fbfc2b9cef763d469ba527d04f5919df564,"Converged components; matching PAW TITEL identities, functional, composition, full slab cell and stored core settings. Archived Kestrel provenance retained. No energy scaling or offsets."
Au111,formic_acid,beef_vdw,relaxed,ok,-0.38247958,-24.41590401,0.91882089,-24.95224532,perlmutter,kestrel,perlmutter,/pscratch/sd/j/jcho5/VASP/dft_jobs/HCOOH_Au111/beef_vdw,/kfs3/scratch/jcho5/goad-global-optimization/vasp_slab/Au111_n36/beef_vdw,/pscratch/sd/j/jcho5/VASP/vasp_mol/HCOOH/beef_vdw,e66099cc1663e2535aac7dca3d613d7bcbebbdc3e97298714b1eada4e271f7b5,598831743de220ae2c7e6dcd37c543a2b977ddffbcd1bd4ddc11b98f9a1352fa,3679aa16761600d02a0457540f9a72044dbc79ca30f3e99f10e33cf84c8f622f,"Converged components; matching PAW TITEL identities, functional, composition, full slab cell and stored core settings. Archived Kestrel provenance retained. No energy scaling or offsets."
Au111,methane,beef_vdw,relaxed,ok,-0.21360544,-22.28052056,0.91882089,-22.98573601,perlmutter,kestrel,perlmutter,/pscratch/sd/j/jcho5/VASP/dft_jobs/CH4_Au111/beef_vdw,/kfs3/scratch/jcho5/goad-global-optimization/vasp_slab/Au111_n36/beef_vdw,/pscratch/sd/j/jcho5/VASP/vasp_mol/CH4/beef_vdw,59a55f20f53b3b3deaefde618d6488a0d87170f95babafdb519426ec7e6b1058,598831743de220ae2c7e6dcd37c543a2b977ddffbcd1bd4ddc11b98f9a1352fa,3173f9295950fdb3199319a0195221c2ad6b3c6fe863c04df201a7a9fa52cc9f,"Converged components; matching PAW TITEL identities, functional, composition, full slab cell and stored core settings. Archived Kestrel provenance retained. No energy scaling or offsets."
Au111,methanol,beef_vdw,relaxed,ok,-0.30591315,-26.68113861,0.91882089,-27.29404635,perlmutter,kestrel,perlmutter,/pscratch/sd/j/jcho5/VASP/dft_jobs/CH3OH_Au111/beef_vdw,/kfs3/scratch/jcho5/goad-global-optimization/vasp_slab/Au111_n36/beef_vdw,/pscratch/sd/j/jcho5/VASP/vasp_mol/CH3OH/beef_vdw,ff70230fae09f831c5b80af17563849d4c58b024cae731ba4b9618a0f085c91a,598831743de220ae2c7e6dcd37c543a2b977ddffbcd1bd4ddc11b98f9a1352fa,ad2d0b2fb0350c62701fcdccd255bc26185873557ca03cb26eb4ad50ebf8bfe5,"Converged components; matching PAW TITEL identities, functional, composition, full slab cell and stored core settings. Archived Kestrel provenance retained. No energy scaling or offsets."
Cu100,DME,pbe_d3,SPE,ok,-0.43964251,-287.70369366,-240.84053253,-46.42351862,perlmutter,perlmutter,perlmutter,/pscratch/sd/j/jcho5/VASP/dft_jobs/CH3OCH3_Cu100/singlepoint/PBE_D3,/pscratch/sd/j/jcho5/VASP/vasp_slab/Cu100/PBE_D3,/pscratch/sd/j/jcho5/VASP/completion_runs/dme_references_davidson_20260915/molecule/DME/PBE_D3,c7f9117f11a31d6501313dc62b0fca55e47ef0fb39f577a1d88bad19c0c54bf2,d081ff81bc70cb1bfd0610556073fcd9a9d5eeeab00615a7ff6bb4d39feb1e51,fa540cffb0ee118e48318e9d7cc15ef68ab721ba66b60dacbe49aaf2111cd3ba,"Converged components; matching PAW TITEL identities, functional, composition, full slab cell and stored core settings. Archived Kestrel provenance retained. No energy scaling or offsets."
Cu100,DME,pbe_d3,relaxed,ok,-0.65125529,-287.91530644,-240.84053253,-46.42351862,perlmutter,perlmutter,perlmutter,/pscratch/sd/j/jcho5/VASP/dft_jobs/CH3OCH3_Cu100/PBE_D3,/pscratch/sd/j/jcho5/VASP/vasp_slab/Cu100/PBE_D3,/pscratch/sd/j/jcho5/VASP/completion_runs/dme_references_davidson_20260915/molecule/DME/PBE_D3,afb51a4e0a21fbefc3d3dbd5fd1919700ba740966690660497778ae6c7a5e114,d081ff81bc70cb1bfd0610556073fcd9a9d5eeeab00615a7ff6bb4d39feb1e51,fa540cffb0ee118e48318e9d7cc15ef68ab721ba66b60dacbe49aaf2111cd3ba,"Converged components; matching PAW TITEL identities, functional, composition, full slab cell and stored core settings. Archived Kestrel provenance retained. No energy scaling or offsets."
Ir100,DME,pbe_d3,SPE,ok,-0.83829914,-358.86426754,-311.60244978,-46.42351862,perlmutter,perlmutter,perlmutter,/pscratch/sd/j/jcho5/VASP/dft_jobs/CH3OCH3_Ir100/singlepoint/PBE_D3,/pscratch/sd/j/jcho5/VASP/vasp_slab/Ir100/PBE_D3,/pscratch/sd/j/jcho5/VASP/completion_runs/dme_references_davidson_20260915/molecule/DME/PBE_D3,a54a73b0e2af3888898dbbd265715b50d68b20f2a6f76148e759e3b9e18b443a,547448d2aac4e0a9db657b4ecb27326f7c79eb97e035b1817257bcb31809d09d,fa540cffb0ee118e48318e9d7cc15ef68ab721ba66b60dacbe49aaf2111cd3ba,"Converged components; matching PAW TITEL identities, functional, composition, full slab cell and stored core settings. Archived Kestrel provenance retained. No energy scaling or offsets."
Ir100,DME,pbe_d3,relaxed,ok,-0.91526038,-358.94122878,-311.60244978,-46.42351862,perlmutter,perlmutter,perlmutter,/pscratch/sd/j/jcho5/VASP/dft_jobs/CH3OCH3_Ir100/PBE_D3,/pscratch/sd/j/jcho5/VASP/vasp_slab/Ir100/PBE_D3,/pscratch/sd/j/jcho5/VASP/completion_runs/dme_references_davidson_20260915/molecule/DME/PBE_D3,2c85f78949ddec14af0e45d91cd1ba32258183188f730fa4f0371c873e4f3bd0,547448d2aac4e0a9db657b4ecb27326f7c79eb97e035b1817257bcb31809d09d,fa540cffb0ee118e48318e9d7cc15ef68ab721ba66b60dacbe49aaf2111cd3ba,"Converged components; matching PAW TITEL identities, functional, composition, full slab cell and stored core settings. Archived Kestrel provenance retained. No energy scaling or offsets."
Ir110,DME,pbe_d3,SPE,ok,-1.01034103,-242.57208115,-195.1382215,-46.42351862,perlmutter,perlmutter,perlmutter,/pscratch/sd/j/jcho5/VASP/dft_jobs/CH3OCH3_Ir110/singlepoint/PBE_D3,/pscratch/sd/j/jcho5/VASP/vasp_slab/Ir110/PBE_D3,/pscratch/sd/j/jcho5/VASP/completion_runs/dme_references_davidson_20260915/molecule/DME/PBE_D3,8827c9a3cbfac9a780864ecee7f9df418a5d8dbbfd7c0898379ec1c01bde85fd,788c61cc26bff3a86aa32725994a9e73fe4a16ac1c5baad8be90a8b9cc8313b5,fa540cffb0ee118e48318e9d7cc15ef68ab721ba66b60dacbe49aaf2111cd3ba,"Converged components; matching PAW TITEL identities, functional, composition, full slab cell and stored core settings. Archived Kestrel provenance retained. No energy scaling or offsets."
Ir110,DME,pbe_d3,relaxed,ok,-1.12407306,-242.68581318,-195.1382215,-46.42351862,perlmutter,perlmutter,perlmutter,/pscratch/sd/j/jcho5/VASP/dft_jobs/CH3OCH3_Ir110/PBE_D3,/pscratch/sd/j/jcho5/VASP/vasp_slab/Ir110/PBE_D3,/pscratch/sd/j/jcho5/VASP/completion_runs/dme_references_davidson_20260915/molecule/DME/PBE_D3,b11c8a5e5562a207d0ea459a32e2f797fc24d728bafb78fa685a6b7d520f13d3,788c61cc26bff3a86aa32725994a9e73fe4a16ac1c5baad8be90a8b9cc8313b5,fa540cffb0ee118e48318e9d7cc15ef68ab721ba66b60dacbe49aaf2111cd3ba,"Converged components; matching PAW TITEL identities, functional, composition, full slab cell and stored core settings. Archived Kestrel provenance retained. No energy scaling or offsets."
Ir111,DME,pbe_d3,SPE,ok,-0.53503094,-617.74159351,-570.78304395,-46.42351862,perlmutter,perlmutter,perlmutter,/pscratch/sd/j/jcho5/VASP/dft_jobs/CH3OCH3_Ir111/singlepoint/PBE_D3,/pscratch/sd/j/jcho5/VASP/vasp_slab/Ir111/PBE_D3,/pscratch/sd/j/jcho5/VASP/completion_runs/dme_references_davidson_20260915/molecule/DME/PBE_D3,a2055d4a06d0e5d1a2b285a06bd84f28753e2e72eac60b1938ff5dac73f0e069,d02f65b2296376191bbe0aea58e346d5f75f8ae7d66633ad88b313309c6edcad,fa540cffb0ee118e48318e9d7cc15ef68ab721ba66b60dacbe49aaf2111cd3ba,"Converged components; matching PAW TITEL identities, functional, composition, full slab cell and stored core settings. Archived Kestrel provenance retained. No energy scaling or offsets."
Ir111,DME,pbe_d3,relaxed,ok,-0.76850734,-617.97506991,-570.78304395,-46.42351862,perlmutter,perlmutter,perlmutter,/pscratch/sd/j/jcho5/VASP/dft_jobs/CH3OCH3_Ir111/PBE_D3,/pscratch/sd/j/jcho5/VASP/vasp_slab/Ir111/PBE_D3,/pscratch/sd/j/jcho5/VASP/completion_runs/dme_references_davidson_20260915/molecule/DME/PBE_D3,7bf25756603bf7876d5b9b437fac1897903123aa9d1a1e1140f3af9d2131dc3c,d02f65b2296376191bbe0aea58e346d5f75f8ae7d66633ad88b313309c6edcad,fa540cffb0ee118e48318e9d7cc15ef68ab721ba66b60dacbe49aaf2111cd3ba,"Converged components; matching PAW TITEL identities, functional, composition, full slab cell and stored core settings. Archived Kestrel provenance retained. No energy scaling or offsets."
