surface,molecule,functional,mode,E_ads_perlmutter,E_ads_kestrel,complex_total_difference_eV,perlmutter_directory,kestrel_directory,same_structure,geometry_evidence,selection_reason
Au111,CH3,pbe,SPE,-1.23323511,-1.23323139,-0.00000372,/pscratch/sd/j/jcho5/VASP/dft_jobs/CH3_Au111/singlepoint/PBE,/kfs3/scratch/jcho5/goad-global-optimization/poscar/best/C1/Au111_CH3/singlepoint/PBE,false,structure fingerprint missing or different,Perlmutter first
Au111,CH3,pbe_d3,SPE,-1.28941614,-1.28941242,-0.00000372,/pscratch/sd/j/jcho5/VASP/dft_jobs/CH3_Au111/singlepoint/PBE_D3,/kfs3/scratch/jcho5/goad-global-optimization/poscar/best/C1/Au111_CH3/singlepoint/PBE_D3,false,structure fingerprint missing or different,Perlmutter first
Au111,CH3,r2scan,SPE,-1.05214908,-1.05214848,-6.0E-7,/pscratch/sd/j/jcho5/VASP/dft_jobs/CH3_Au111/singlepoint/r2scan,/kfs3/scratch/jcho5/goad-global-optimization/poscar/best/C1/Au111_CH3/singlepoint/r2scan,false,structure fingerprint missing or different,Perlmutter first
Au111,CH3,beef_vdw,SPE,-1.36465576,-1.36465686,0.00000110,/pscratch/sd/j/jcho5/VASP/dft_jobs/CH3_Au111/singlepoint/beef_vdw,/kfs3/scratch/jcho5/goad-global-optimization/poscar/best/C1/Au111_CH3/singlepoint/beef_vdw,false,structure fingerprint missing or different,Perlmutter first
Au111,CO,pbe,SPE,-0.07125691,-0.07125681,-1.0E-7,/pscratch/sd/j/jcho5/VASP/dft_jobs/CO_Au111/singlepoint/PBE,/kfs3/scratch/jcho5/goad-global-optimization/poscar/best/C1/Au111_CO/singlepoint/PBE,false,structure fingerprint missing or different,Perlmutter first
Au111,CO,pbe_d3,SPE,-0.07447973,-0.07447963,-1.0E-7,/pscratch/sd/j/jcho5/VASP/dft_jobs/CO_Au111/singlepoint/PBE_D3,/kfs3/scratch/jcho5/goad-global-optimization/poscar/best/C1/Au111_CO/singlepoint/PBE_D3,false,structure fingerprint missing or different,Perlmutter first
Au111,CO,r2scan,SPE,0.04577562,0.04578190,-0.00000628,/pscratch/sd/j/jcho5/VASP/dft_jobs/CO_Au111/singlepoint/r2scan,/kfs3/scratch/jcho5/goad-global-optimization/poscar/best/C1/Au111_CO/singlepoint/r2scan,false,structure fingerprint missing or different,Perlmutter first
Au111,CO,beef_vdw,SPE,0.02214333,0.02195069,0.00019264,/pscratch/sd/j/jcho5/VASP/dft_jobs/CO_Au111/singlepoint/beef_vdw,/kfs3/scratch/jcho5/goad-global-optimization/poscar/best/C1/Au111_CO/singlepoint/beef_vdw,false,structure fingerprint missing or different,Perlmutter first
Au111,DME,pbe,SPE,0.06993290,0.36550601,-0.29557311,/pscratch/sd/j/jcho5/VASP/dft_jobs/CH3OCH3_Au111/singlepoint/PBE,/kfs3/scratch/jcho5/goad-global-optimization/poscar/best/C2/Au111_DME/singlepoint/PBE,false,structure fingerprint missing or different,Perlmutter first
Au111,DME,pbe_d3,SPE,0.05737353,0.21909993,-0.16172640,/pscratch/sd/j/jcho5/VASP/dft_jobs/CH3OCH3_Au111/singlepoint/PBE_D3,/kfs3/scratch/jcho5/goad-global-optimization/poscar/best/C2/Au111_DME/singlepoint/PBE_D3,false,structure fingerprint missing or different,Perlmutter first
Au111,DME,r2scan,SPE,0.19335503,0.41687548,-0.22352045,/pscratch/sd/j/jcho5/VASP/dft_jobs/CH3OCH3_Au111/singlepoint/r2scan,/kfs3/scratch/jcho5/goad-global-optimization/poscar/best/C2/Au111_DME/singlepoint/r2scan,false,structure fingerprint missing or different,Perlmutter first
Au111,DME,beef_vdw,SPE,-0.37454793,-0.15855780,-0.21599013,/pscratch/sd/j/jcho5/VASP/dft_jobs/CH3OCH3_Au111/singlepoint/beef_vdw,/kfs3/scratch/jcho5/goad-global-optimization/poscar/best/C2/Au111_DME/singlepoint/beef_vdw,false,structure fingerprint missing or different,Perlmutter first
Au111,H2O,pbe,SPE,0.07551822,0.07552183,-0.00000361,/pscratch/sd/j/jcho5/VASP/dft_jobs/H2O_Au111/singlepoint/PBE,/kfs3/scratch/jcho5/goad-global-optimization/poscar/best/C0/Au111_H2O/singlepoint/PBE,false,structure fingerprint missing or different,Perlmutter first
Au111,H2O,pbe_d3,SPE,0.15524499,0.15524861,-0.00000362,/pscratch/sd/j/jcho5/VASP/dft_jobs/H2O_Au111/singlepoint/PBE_D3,/kfs3/scratch/jcho5/goad-global-optimization/poscar/best/C0/Au111_H2O/singlepoint/PBE_D3,false,structure fingerprint missing or different,Perlmutter first
Au111,H2O,r2scan,SPE,0.19298435,0.19297560,0.00000875,/pscratch/sd/j/jcho5/VASP/dft_jobs/H2O_Au111/singlepoint/r2scan,/kfs3/scratch/jcho5/goad-global-optimization/poscar/best/C0/Au111_H2O/singlepoint/r2scan,false,structure fingerprint missing or different,Perlmutter first
Au111,H2O,beef_vdw,SPE,-0.17025016,-0.17024832,-0.00000184,/pscratch/sd/j/jcho5/VASP/dft_jobs/H2O_Au111/singlepoint/beef_vdw,/kfs3/scratch/jcho5/goad-global-optimization/poscar/best/C0/Au111_H2O/singlepoint/beef_vdw,false,structure fingerprint missing or different,Perlmutter first
Au111,H2S,pbe,SPE,0.06683852,0.06683798,5.4E-7,/pscratch/sd/j/jcho5/VASP/dft_jobs/H2S_Au111/singlepoint/PBE,/kfs3/scratch/jcho5/goad-global-optimization/poscar/best/C0/Au111_H2S/singlepoint/PBE,false,structure fingerprint missing or different,Perlmutter first
Au111,H2S,pbe_d3,SPE,-0.00380981,-0.00381036,5.5E-7,/pscratch/sd/j/jcho5/VASP/dft_jobs/H2S_Au111/singlepoint/PBE_D3,/kfs3/scratch/jcho5/goad-global-optimization/poscar/best/C0/Au111_H2S/singlepoint/PBE_D3,false,structure fingerprint missing or different,Perlmutter first
Au111,H2S,r2scan,SPE,0.15490705,0.15496554,-0.00005849,/pscratch/sd/j/jcho5/VASP/dft_jobs/H2S_Au111/singlepoint/r2scan,/kfs3/scratch/jcho5/goad-global-optimization/poscar/best/C0/Au111_H2S/singlepoint/r2scan,false,structure fingerprint missing or different,Perlmutter first
Au111,H2S,beef_vdw,SPE,-0.26931340,-0.26931652,0.00000312,/pscratch/sd/j/jcho5/VASP/dft_jobs/H2S_Au111/singlepoint/beef_vdw,/kfs3/scratch/jcho5/goad-global-optimization/poscar/best/C0/Au111_H2S/singlepoint/beef_vdw,false,structure fingerprint missing or different,Perlmutter first
Au111,acetaldehyde,pbe,SPE,0.07079876,0.07079847,2.9E-7,/pscratch/sd/j/jcho5/VASP/dft_jobs/CH3CHO_Au111/singlepoint/PBE,/kfs3/scratch/jcho5/goad-global-optimization/poscar/best/C2/Au111_acetaldehyde/singlepoint/PBE,false,structure fingerprint missing or different,Perlmutter first
Au111,acetaldehyde,pbe_d3,SPE,0.01451837,0.01451808,2.9E-7,/pscratch/sd/j/jcho5/VASP/dft_jobs/CH3CHO_Au111/singlepoint/PBE_D3,/kfs3/scratch/jcho5/goad-global-optimization/poscar/best/C2/Au111_acetaldehyde/singlepoint/PBE_D3,false,structure fingerprint missing or different,Perlmutter first
Au111,acetaldehyde,r2scan,SPE,0.14539096,0.14541139,-0.00002043,/pscratch/sd/j/jcho5/VASP/dft_jobs/CH3CHO_Au111/singlepoint/r2scan,/kfs3/scratch/jcho5/goad-global-optimization/poscar/best/C2/Au111_acetaldehyde/singlepoint/r2scan,false,structure fingerprint missing or different,Perlmutter first
Au111,acetaldehyde,beef_vdw,SPE,-0.35638923,-0.35639150,0.00000227,/pscratch/sd/j/jcho5/VASP/dft_jobs/CH3CHO_Au111/singlepoint/beef_vdw,/kfs3/scratch/jcho5/goad-global-optimization/poscar/best/C2/Au111_acetaldehyde/singlepoint/beef_vdw,false,structure fingerprint missing or different,Perlmutter first
Au111,acetic_acid,r2scan,SPE,0.04518784,0.04518788,-4E-8,/pscratch/sd/j/jcho5/VASP/dft_jobs/CH3COOH_Au111/singlepoint/r2scan,/kfs3/scratch/jcho5/goad-global-optimization/poscar/best/C2/Au111_acetic_acid/singlepoint/r2scan,false,structure fingerprint missing or different,Perlmutter first
Au111,acetic_acid,beef_vdw,SPE,-0.40741311,-0.40741697,0.00000386,/pscratch/sd/j/jcho5/VASP/dft_jobs/CH3COOH_Au111/singlepoint/beef_vdw,/kfs3/scratch/jcho5/goad-global-optimization/poscar/best/C2/Au111_acetic_acid/singlepoint/beef_vdw,false,structure fingerprint missing or different,Perlmutter first
Au111,ethane,pbe,SPE,0.10800066,0.10800102,-3.6E-7,/pscratch/sd/j/jcho5/VASP/dft_jobs/C2H6_Au111/singlepoint/PBE,/kfs3/scratch/jcho5/goad-global-optimization/poscar/best/C2/Au111_ethane/singlepoint/PBE,false,structure fingerprint missing or different,Perlmutter first
Au111,ethane,pbe_d3,SPE,0.06668092,0.06668128,-3.6E-7,/pscratch/sd/j/jcho5/VASP/dft_jobs/C2H6_Au111/singlepoint/PBE_D3,/kfs3/scratch/jcho5/goad-global-optimization/poscar/best/C2/Au111_ethane/singlepoint/PBE_D3,false,structure fingerprint missing or different,Perlmutter first
Au111,ethane,r2scan,SPE,0.21135305,0.21134907,0.00000398,/pscratch/sd/j/jcho5/VASP/dft_jobs/C2H6_Au111/singlepoint/r2scan,/kfs3/scratch/jcho5/goad-global-optimization/poscar/best/C2/Au111_ethane/singlepoint/r2scan,false,structure fingerprint missing or different,Perlmutter first
Au111,ethane,beef_vdw,SPE,-0.30950824,-0.30950827,3E-8,/pscratch/sd/j/jcho5/VASP/dft_jobs/C2H6_Au111/singlepoint/beef_vdw,/kfs3/scratch/jcho5/goad-global-optimization/poscar/best/C2/Au111_ethane/singlepoint/beef_vdw,false,structure fingerprint missing or different,Perlmutter first
Au111,ethanol,pbe,SPE,0.05749909,0.35019921,-0.29270012,/pscratch/sd/j/jcho5/VASP/dft_jobs/CH3CH2OH_Au111/singlepoint/PBE,/kfs3/scratch/jcho5/goad-global-optimization/poscar/best/C2/Au111_ethanol/singlepoint/PBE,false,structure fingerprint missing or different,Perlmutter first
Au111,ethanol,pbe_d3,SPE,0.01222108,0.27336801,-0.26114693,/pscratch/sd/j/jcho5/VASP/dft_jobs/CH3CH2OH_Au111/singlepoint/PBE_D3,/kfs3/scratch/jcho5/goad-global-optimization/poscar/best/C2/Au111_ethanol/singlepoint/PBE_D3,false,structure fingerprint missing or different,Perlmutter first
Au111,ethanol,r2scan,SPE,0.14587815,0.42836412,-0.28248597,/pscratch/sd/j/jcho5/VASP/dft_jobs/CH3CH2OH_Au111/singlepoint/r2scan,/kfs3/scratch/jcho5/goad-global-optimization/poscar/best/C2/Au111_ethanol/singlepoint/r2scan,false,structure fingerprint missing or different,Perlmutter first
Au111,ethanol,beef_vdw,SPE,-0.38425529,-0.13049606,-0.25375923,/pscratch/sd/j/jcho5/VASP/dft_jobs/CH3CH2OH_Au111/singlepoint/beef_vdw,/kfs3/scratch/jcho5/goad-global-optimization/poscar/best/C2/Au111_ethanol/singlepoint/beef_vdw,false,structure fingerprint missing or different,Perlmutter first
Au111,ethene,pbe,SPE,0.08936506,0.08936475,3.1E-7,/pscratch/sd/j/jcho5/VASP/dft_jobs/C2H4_Au111/singlepoint/PBE,/kfs3/scratch/jcho5/goad-global-optimization/poscar/best/C2/Au111_ethylene/singlepoint/PBE,false,structure fingerprint missing or different,Perlmutter first
Au111,ethene,pbe_d3,SPE,0.05062867,0.05062836,3.1E-7,/pscratch/sd/j/jcho5/VASP/dft_jobs/C2H4_Au111/singlepoint/PBE_D3,/kfs3/scratch/jcho5/goad-global-optimization/poscar/best/C2/Au111_ethylene/singlepoint/PBE_D3,false,structure fingerprint missing or different,Perlmutter first
Au111,ethene,r2scan,SPE,0.17822558,0.17817065,0.00005493,/pscratch/sd/j/jcho5/VASP/dft_jobs/C2H4_Au111/singlepoint/r2scan,/kfs3/scratch/jcho5/goad-global-optimization/poscar/best/C2/Au111_ethylene/singlepoint/r2scan,false,structure fingerprint missing or different,Perlmutter first
Au111,ethene,beef_vdw,SPE,-0.32049891,-0.32047120,-0.00002771,/pscratch/sd/j/jcho5/VASP/dft_jobs/C2H4_Au111/singlepoint/beef_vdw,/kfs3/scratch/jcho5/goad-global-optimization/poscar/best/C2/Au111_ethylene/singlepoint/beef_vdw,false,structure fingerprint missing or different,Perlmutter first
Au111,formaldehyde,pbe,SPE,0.04776527,0.04776452,7.5E-7,/pscratch/sd/j/jcho5/VASP/dft_jobs/H2CO_Au111/singlepoint/PBE,/kfs3/scratch/jcho5/goad-global-optimization/poscar/best/C1/Au111_formaldehyde/singlepoint/PBE,false,structure fingerprint missing or different,Perlmutter first
Au111,formaldehyde,pbe_d3,SPE,0.09071232,0.09071155,7.7E-7,/pscratch/sd/j/jcho5/VASP/dft_jobs/H2CO_Au111/singlepoint/PBE_D3,/kfs3/scratch/jcho5/goad-global-optimization/poscar/best/C1/Au111_formaldehyde/singlepoint/PBE_D3,false,structure fingerprint missing or different,Perlmutter first
Au111,formaldehyde,r2scan,SPE,0.16022818,0.16021207,0.00001611,/pscratch/sd/j/jcho5/VASP/dft_jobs/H2CO_Au111/singlepoint/r2scan,/kfs3/scratch/jcho5/goad-global-optimization/poscar/best/C1/Au111_formaldehyde/singlepoint/r2scan,false,structure fingerprint missing or different,Perlmutter first
Au111,formaldehyde,beef_vdw,SPE,-0.28479511,-0.28464522,-0.00014989,/pscratch/sd/j/jcho5/VASP/dft_jobs/H2CO_Au111/singlepoint/beef_vdw,/kfs3/scratch/jcho5/goad-global-optimization/poscar/best/C1/Au111_formaldehyde/singlepoint/beef_vdw,false,structure fingerprint missing or different,Perlmutter first
Au111,methane,pbe,SPE,0.12884026,0.12883942,8.4E-7,/pscratch/sd/j/jcho5/VASP/dft_jobs/CH4_Au111/singlepoint/PBE,/kfs3/scratch/jcho5/goad-global-optimization/poscar/best/C1/Au111_CH4/singlepoint/PBE,false,structure fingerprint missing or different,Perlmutter first
Au111,methane,pbe_d3,SPE,0.17647134,0.17647050,8.4E-7,/pscratch/sd/j/jcho5/VASP/dft_jobs/CH4_Au111/singlepoint/PBE_D3,/kfs3/scratch/jcho5/goad-global-optimization/poscar/best/C1/Au111_CH4/singlepoint/PBE_D3,false,structure fingerprint missing or different,Perlmutter first
Au111,methane,r2scan,SPE,0.24812103,0.24813672,-0.00001569,/pscratch/sd/j/jcho5/VASP/dft_jobs/CH4_Au111/singlepoint/r2scan,/kfs3/scratch/jcho5/goad-global-optimization/poscar/best/C1/Au111_CH4/singlepoint/r2scan,false,structure fingerprint missing or different,Perlmutter first
Au111,methane,beef_vdw,SPE,-0.20643214,-0.20643046,-0.00000168,/pscratch/sd/j/jcho5/VASP/dft_jobs/CH4_Au111/singlepoint/beef_vdw,/kfs3/scratch/jcho5/goad-global-optimization/poscar/best/C1/Au111_CH4/singlepoint/beef_vdw,false,structure fingerprint missing or different,Perlmutter first
Au111,methanol,pbe,SPE,0.06074210,0.29737614,-0.23663404,/pscratch/sd/j/jcho5/VASP/dft_jobs/CH3OH_Au111/singlepoint/PBE,/kfs3/scratch/jcho5/goad-global-optimization/poscar/best/C1/Au111_methanol/singlepoint/PBE,false,structure fingerprint missing or different,Perlmutter first
Au111,methanol,pbe_d3,SPE,0.07923127,0.27616960,-0.19693833,/pscratch/sd/j/jcho5/VASP/dft_jobs/CH3OH_Au111/singlepoint/PBE_D3,/kfs3/scratch/jcho5/goad-global-optimization/poscar/best/C1/Au111_methanol/singlepoint/PBE_D3,false,structure fingerprint missing or different,Perlmutter first
Au111,methanol,r2scan,SPE,0.18065972,0.37910021,-0.19844049,/pscratch/sd/j/jcho5/VASP/dft_jobs/CH3OH_Au111/singlepoint/r2scan,/kfs3/scratch/jcho5/goad-global-optimization/poscar/best/C1/Au111_methanol/singlepoint/r2scan,false,structure fingerprint missing or different,Perlmutter first
Au111,methanol,beef_vdw,SPE,-0.29711664,-0.12554898,-0.17156766,/pscratch/sd/j/jcho5/VASP/dft_jobs/CH3OH_Au111/singlepoint/beef_vdw,/kfs3/scratch/jcho5/goad-global-optimization/poscar/best/C1/Au111_methanol/singlepoint/beef_vdw,false,structure fingerprint missing or different,Perlmutter first
Cu100,CO,pbe,SPE,-0.77452017,-0.77451722,-0.00000295,/pscratch/sd/j/jcho5/VASP/dft_jobs/CO_Cu100/singlepoint/PBE,/kfs3/scratch/jcho5/goad-global-optimization/poscar/best/C1/Cu100_CO/singlepoint/PBE,false,structure fingerprint missing or different,Perlmutter first
Cu100,CO,pbe_d3,SPE,-0.91223213,-0.91222918,-0.00000295,/pscratch/sd/j/jcho5/VASP/dft_jobs/CO_Cu100/singlepoint/PBE_D3,/kfs3/scratch/jcho5/goad-global-optimization/poscar/best/C1/Cu100_CO/singlepoint/PBE_D3,false,structure fingerprint missing or different,Perlmutter first
Cu100,CO,r2scan,SPE,-0.64311535,-0.64311677,0.00000142,/pscratch/sd/j/jcho5/VASP/dft_jobs/CO_Cu100/singlepoint/r2scan,/kfs3/scratch/jcho5/goad-global-optimization/poscar/best/C1/Cu100_CO/singlepoint/r2scan,false,structure fingerprint missing or different,Perlmutter first
Cu100,CO2,pbe,SPE,-0.01885230,-0.01885222,-8E-8,/pscratch/sd/j/jcho5/VASP/dft_jobs/CO2_Cu100/singlepoint/PBE,/kfs3/scratch/jcho5/goad-global-optimization/poscar/best/C1/Cu100_CO2/singlepoint/PBE,false,structure fingerprint missing or different,Perlmutter first
Cu100,CO2,r2scan,SPE,0.12150457,0.12163462,-0.00013005,/pscratch/sd/j/jcho5/VASP/dft_jobs/CO2_Cu100/singlepoint/r2scan,/kfs3/scratch/jcho5/goad-global-optimization/poscar/best/C1/Cu100_CO2/singlepoint/r2scan,false,structure fingerprint missing or different,Perlmutter first
Cu100,DME,pbe,SPE,-0.13396879,-0.09641819,-0.03755060,/pscratch/sd/j/jcho5/VASP/dft_jobs/CH3OCH3_Cu100/singlepoint/PBE,/kfs3/scratch/jcho5/goad-global-optimization/poscar/best/C2/Cu100_DME/singlepoint/PBE,false,structure fingerprint missing or different,Perlmutter first
Cu100,DME,pbe_d3,SPE,-0.43964251,-0.61017600,0.17053349,/pscratch/sd/j/jcho5/VASP/dft_jobs/CH3OCH3_Cu100/singlepoint/PBE_D3,/kfs3/scratch/jcho5/goad-global-optimization/poscar/best/C2/Cu100_DME/singlepoint/PBE_D3,false,structure fingerprint missing or different,Perlmutter first
Cu100,DME,r2scan,SPE,-0.04250435,-0.21922445,0.17672010,/pscratch/sd/j/jcho5/VASP/dft_jobs/CH3OCH3_Cu100/singlepoint/r2scan,/kfs3/scratch/jcho5/goad-global-optimization/poscar/best/C2/Cu100_DME/singlepoint/r2scan,false,structure fingerprint missing or different,Perlmutter first
Cu100,H2O,pbe,SPE,-0.22711798,-0.22711930,0.00000132,/pscratch/sd/j/jcho5/VASP/dft_jobs/H2O_Cu100/singlepoint/PBE,/kfs3/scratch/jcho5/goad-global-optimization/poscar/best/C0/Cu100_H2O/singlepoint/PBE,false,structure fingerprint missing or different,Perlmutter first
Cu100,H2O,pbe_d3,SPE,-0.39509325,-0.39509457,0.00000132,/pscratch/sd/j/jcho5/VASP/dft_jobs/H2O_Cu100/singlepoint/PBE_D3,/kfs3/scratch/jcho5/goad-global-optimization/poscar/best/C0/Cu100_H2O/singlepoint/PBE_D3,false,structure fingerprint missing or different,Perlmutter first
Cu100,H2O,r2scan,SPE,-0.15442478,-0.15442229,-0.00000249,/pscratch/sd/j/jcho5/VASP/dft_jobs/H2O_Cu100/singlepoint/r2scan,/kfs3/scratch/jcho5/goad-global-optimization/poscar/best/C0/Cu100_H2O/singlepoint/r2scan,false,structure fingerprint missing or different,Perlmutter first
Cu100,acetaldehyde,pbe,SPE,-0.17304970,-0.17305776,0.00000806,/pscratch/sd/j/jcho5/VASP/dft_jobs/CH3CHO_Cu100/singlepoint/PBE,/kfs3/scratch/jcho5/goad-global-optimization/poscar/best/C2/Cu100_acetaldehyde/singlepoint/PBE,false,structure fingerprint missing or different,Perlmutter first
Cu100,acetaldehyde,pbe_d3,SPE,-0.40065210,-0.40066016,0.00000806,/pscratch/sd/j/jcho5/VASP/dft_jobs/CH3CHO_Cu100/singlepoint/PBE_D3,/kfs3/scratch/jcho5/goad-global-optimization/poscar/best/C2/Cu100_acetaldehyde/singlepoint/PBE_D3,false,structure fingerprint missing or different,Perlmutter first
Cu100,acetaldehyde,r2scan,SPE,-0.15375918,-0.15377073,0.00001155,/pscratch/sd/j/jcho5/VASP/dft_jobs/CH3CHO_Cu100/singlepoint/r2scan,/kfs3/scratch/jcho5/goad-global-optimization/poscar/best/C2/Cu100_acetaldehyde/singlepoint/r2scan,false,structure fingerprint missing or different,Perlmutter first
Cu100,acetic_acid,r2scan,SPE,-0.29733999,-0.29744463,0.00010464,/pscratch/sd/j/jcho5/VASP/dft_jobs/CH3COOH_Cu100/singlepoint/r2scan,/kfs3/scratch/jcho5/goad-global-optimization/poscar/best/C2/Cu100_acetic_acid/singlepoint/r2scan,false,structure fingerprint missing or different,Perlmutter first
Cu100,ethane,pbe,SPE,-0.00080616,-0.00080692,7.6E-7,/pscratch/sd/j/jcho5/VASP/dft_jobs/C2H6_Cu100/singlepoint/PBE,/kfs3/scratch/jcho5/goad-global-optimization/poscar/best/C2/Cu100_ethane/singlepoint/PBE,false,structure fingerprint missing or different,Perlmutter first
Cu100,ethane,pbe_d3,SPE,-0.27881220,-0.27881297,7.7E-7,/pscratch/sd/j/jcho5/VASP/dft_jobs/C2H6_Cu100/singlepoint/PBE_D3,/kfs3/scratch/jcho5/goad-global-optimization/poscar/best/C2/Cu100_ethane/singlepoint/PBE_D3,false,structure fingerprint missing or different,Perlmutter first
Cu100,ethane,r2scan,SPE,0.13053717,0.13069311,-0.00015594,/pscratch/sd/j/jcho5/VASP/dft_jobs/C2H6_Cu100/singlepoint/r2scan,/kfs3/scratch/jcho5/goad-global-optimization/poscar/best/C2/Cu100_ethane/singlepoint/r2scan,false,structure fingerprint missing or different,Perlmutter first
Cu100,ethanol,pbe,SPE,-0.22115890,-0.22115489,-0.00000401,/pscratch/sd/j/jcho5/VASP/dft_jobs/CH3CH2OH_Cu100/singlepoint/PBE,/kfs3/scratch/jcho5/goad-global-optimization/poscar/best/C2/Cu100_ethanol/singlepoint/PBE,false,structure fingerprint missing or different,Perlmutter first
Cu100,ethanol,pbe_d3,SPE,-0.60584994,-0.60584593,-0.00000401,/pscratch/sd/j/jcho5/VASP/dft_jobs/CH3CH2OH_Cu100/singlepoint/PBE_D3,/kfs3/scratch/jcho5/goad-global-optimization/poscar/best/C2/Cu100_ethanol/singlepoint/PBE_D3,false,structure fingerprint missing or different,Perlmutter first
Cu100,ethanol,r2scan,SPE,-0.20478178,-0.20483433,0.00005255,/pscratch/sd/j/jcho5/VASP/dft_jobs/CH3CH2OH_Cu100/singlepoint/r2scan,/kfs3/scratch/jcho5/goad-global-optimization/poscar/best/C2/Cu100_ethanol/singlepoint/r2scan,false,structure fingerprint missing or different,Perlmutter first
Cu100,ethene,pbe,SPE,-0.09267128,0.17431261,-0.26698389,/pscratch/sd/j/jcho5/VASP/dft_jobs/C2H4_Cu100/singlepoint/PBE,/kfs3/scratch/jcho5/goad-global-optimization/poscar/best/C2/Cu100_ethene/singlepoint/PBE,false,structure fingerprint missing or different,Perlmutter first
Cu100,ethene,pbe_d3,SPE,-0.53564591,-0.40402520,-0.13162071,/pscratch/sd/j/jcho5/VASP/dft_jobs/C2H4_Cu100/singlepoint/PBE_D3,/kfs3/scratch/jcho5/goad-global-optimization/poscar/best/C2/Cu100_ethene/singlepoint/PBE_D3,false,structure fingerprint missing or different,Perlmutter first
Cu100,ethene,r2scan,SPE,-0.08751278,-0.00101842,-0.08649436,/pscratch/sd/j/jcho5/VASP/dft_jobs/C2H4_Cu100/singlepoint/r2scan,/kfs3/scratch/jcho5/goad-global-optimization/poscar/best/C2/Cu100_ethene/singlepoint/r2scan,false,structure fingerprint missing or different,Perlmutter first
Cu100,methanol,pbe,SPE,-0.22986520,-0.22986427,-9.3E-7,/pscratch/sd/j/jcho5/VASP/dft_jobs/CH3OH_Cu100/singlepoint/PBE,/kfs3/scratch/jcho5/goad-global-optimization/poscar/best/C1/Cu100_methanol/singlepoint/PBE,false,structure fingerprint missing or different,Perlmutter first
Cu100,methanol,pbe_d3,SPE,-0.47944267,-0.47944172,-9.5E-7,/pscratch/sd/j/jcho5/VASP/dft_jobs/CH3OH_Cu100/singlepoint/PBE_D3,/kfs3/scratch/jcho5/goad-global-optimization/poscar/best/C1/Cu100_methanol/singlepoint/PBE_D3,false,structure fingerprint missing or different,Perlmutter first
Cu100,methanol,r2scan,SPE,-0.19145568,-0.19144778,-0.00000790,/pscratch/sd/j/jcho5/VASP/dft_jobs/CH3OH_Cu100/singlepoint/r2scan,/kfs3/scratch/jcho5/goad-global-optimization/poscar/best/C1/Cu100_methanol/singlepoint/r2scan,false,structure fingerprint missing or different,Perlmutter first
Ir100,CO,pbe,SPE,-2.15746482,-2.15745469,-0.00001013,/pscratch/sd/j/jcho5/VASP/dft_jobs/CO_Ir100/singlepoint/PBE,/kfs3/scratch/jcho5/goad-global-optimization/poscar/best/C1/Ir100_CO/singlepoint/PBE,false,structure fingerprint missing or different,Perlmutter first
Ir100,CO,pbe_d3,SPE,-2.39443964,-2.39442956,-0.00001008,/pscratch/sd/j/jcho5/VASP/dft_jobs/CO_Ir100/singlepoint/PBE_D3,/kfs3/scratch/jcho5/goad-global-optimization/poscar/best/C1/Ir100_CO/singlepoint/PBE_D3,false,structure fingerprint missing or different,Perlmutter first
Ir100,CO,beef_vdw,SPE,-2.00209591,-2.00209666,7.5E-7,/pscratch/sd/j/jcho5/VASP/dft_jobs/CO_Ir100/singlepoint/beef_vdw,/kfs3/scratch/jcho5/goad-global-optimization/poscar/best/C1/Ir100_CO/singlepoint/beef_vdw,false,structure fingerprint missing or different,Perlmutter first
Ir100,CO2,pbe,SPE,0.03559969,0.03561155,-0.00001186,/pscratch/sd/j/jcho5/VASP/dft_jobs/CO2_Ir100/singlepoint/PBE,/kfs3/scratch/jcho5/goad-global-optimization/poscar/best/C1/Ir100_CO2/singlepoint/PBE,false,structure fingerprint missing or different,Perlmutter first
Ir100,DME,pbe,SPE,-0.30723141,0.66231571,-0.96954712,/pscratch/sd/j/jcho5/VASP/dft_jobs/CH3OCH3_Ir100/singlepoint/PBE,/kfs3/scratch/jcho5/goad-global-optimization/poscar/best/C2/Ir100_DME/singlepoint/PBE,false,structure fingerprint missing or different,Perlmutter first
Ir100,DME,pbe_d3,SPE,-0.83829914,0.09124882,-0.92954796,/pscratch/sd/j/jcho5/VASP/dft_jobs/CH3OCH3_Ir100/singlepoint/PBE_D3,/kfs3/scratch/jcho5/goad-global-optimization/poscar/best/C2/Ir100_DME/singlepoint/PBE_D3,false,structure fingerprint missing or different,Perlmutter first
Ir100,DME,beef_vdw,SPE,-0.61456426,0.37716513,-0.99172939,/pscratch/sd/j/jcho5/VASP/dft_jobs/CH3OCH3_Ir100/singlepoint/beef_vdw,/kfs3/scratch/jcho5/goad-global-optimization/poscar/best/C2/Ir100_DME/singlepoint/beef_vdw,false,structure fingerprint missing or different,Perlmutter first
Ir100,H2O,pbe,SPE,-0.41349575,-0.41398145,0.00048570,/pscratch/sd/j/jcho5/VASP/dft_jobs/H2O_Ir100/singlepoint/PBE,/kfs3/scratch/jcho5/goad-global-optimization/poscar/best/C0/Ir100_H2O/singlepoint/PBE,false,structure fingerprint missing or different,Perlmutter first
Ir100,H2O,pbe_d3,SPE,-0.61948326,-0.61996892,0.00048566,/pscratch/sd/j/jcho5/VASP/dft_jobs/H2O_Ir100/singlepoint/PBE_D3,/kfs3/scratch/jcho5/goad-global-optimization/poscar/best/C0/Ir100_H2O/singlepoint/PBE_D3,false,structure fingerprint missing or different,Perlmutter first
Ir100,H2O,beef_vdw,SPE,-0.37824473,-0.37921914,0.00097441,/pscratch/sd/j/jcho5/VASP/dft_jobs/H2O_Ir100/singlepoint/beef_vdw,/kfs3/scratch/jcho5/goad-global-optimization/poscar/best/C0/Ir100_H2O/singlepoint/beef_vdw,false,structure fingerprint missing or different,Perlmutter first
Ir100,acetaldehyde,pbe,SPE,-0.51450519,0.51409420,-1.02859939,/pscratch/sd/j/jcho5/VASP/dft_jobs/CH3CHO_Ir100/singlepoint/PBE,/kfs3/scratch/jcho5/goad-global-optimization/poscar/best/C2/Ir100_acetaldehyde/singlepoint/PBE,false,structure fingerprint missing or different,Perlmutter first
Ir100,acetaldehyde,pbe_d3,SPE,-0.86488452,0.04479533,-0.90967985,/pscratch/sd/j/jcho5/VASP/dft_jobs/CH3CHO_Ir100/singlepoint/PBE_D3,/kfs3/scratch/jcho5/goad-global-optimization/poscar/best/C2/Ir100_acetaldehyde/singlepoint/PBE_D3,false,structure fingerprint missing or different,Perlmutter first
Ir100,acetaldehyde,beef_vdw,SPE,-0.64106409,0.26672549,-0.90778958,/pscratch/sd/j/jcho5/VASP/dft_jobs/CH3CHO_Ir100/singlepoint/beef_vdw,/kfs3/scratch/jcho5/goad-global-optimization/poscar/best/C2/Ir100_acetaldehyde/singlepoint/beef_vdw,false,structure fingerprint missing or different,Perlmutter first
Ir100,acetic_acid,beef_vdw,SPE,-0.65166612,-0.65162812,-0.00003800,/pscratch/sd/j/jcho5/VASP/dft_jobs/CH3COOH_Ir100/singlepoint/beef_vdw,/kfs3/scratch/jcho5/goad-global-optimization/poscar/best/C2/Ir100_acetic_acid/singlepoint/beef_vdw,false,structure fingerprint missing or different,Perlmutter first
Ir100,ethane,pbe,SPE,0.07815157,0.61786328,-0.53971171,/pscratch/sd/j/jcho5/VASP/dft_jobs/C2H6_Ir100/singlepoint/PBE,/kfs3/scratch/jcho5/goad-global-optimization/poscar/best/C2/Ir100_ethane/singlepoint/PBE,false,structure fingerprint missing or different,Perlmutter first
Ir100,ethane,pbe_d3,SPE,-0.30913907,0.14336208,-0.45250115,/pscratch/sd/j/jcho5/VASP/dft_jobs/C2H6_Ir100/singlepoint/PBE_D3,/kfs3/scratch/jcho5/goad-global-optimization/poscar/best/C2/Ir100_ethane/singlepoint/PBE_D3,false,structure fingerprint missing or different,Perlmutter first
Ir100,ethane,beef_vdw,SPE,-0.17989859,0.32011239,-0.50001098,/pscratch/sd/j/jcho5/VASP/dft_jobs/C2H6_Ir100/singlepoint/beef_vdw,/kfs3/scratch/jcho5/goad-global-optimization/poscar/best/C2/Ir100_ethane/singlepoint/beef_vdw,false,structure fingerprint missing or different,Perlmutter first
Ir100,ethanol,pbe,SPE,-0.45563868,0.52749031,-0.98312899,/pscratch/sd/j/jcho5/VASP/dft_jobs/CH3CH2OH_Ir100/singlepoint/PBE,/kfs3/scratch/jcho5/goad-global-optimization/poscar/best/C2/Ir100_ethanol/singlepoint/PBE,false,structure fingerprint missing or different,Perlmutter first
Ir100,ethanol,pbe_d3,SPE,-0.95032646,-0.05138895,-0.89893751,/pscratch/sd/j/jcho5/VASP/dft_jobs/CH3CH2OH_Ir100/singlepoint/PBE_D3,/kfs3/scratch/jcho5/goad-global-optimization/poscar/best/C2/Ir100_ethanol/singlepoint/PBE_D3,false,structure fingerprint missing or different,Perlmutter first
Ir100,ethanol,beef_vdw,SPE,-0.67214811,0.21487361,-0.88702172,/pscratch/sd/j/jcho5/VASP/dft_jobs/CH3CH2OH_Ir100/singlepoint/beef_vdw,/kfs3/scratch/jcho5/goad-global-optimization/poscar/best/C2/Ir100_ethanol/singlepoint/beef_vdw,false,structure fingerprint missing or different,Perlmutter first
Ir100,ethene,pbe,SPE,-1.27408169,-1.40271951,0.12863782,/pscratch/sd/j/jcho5/VASP/dft_jobs/C2H4_Ir100/singlepoint/PBE,/kfs3/scratch/jcho5/goad-global-optimization/poscar/best/C2/Ir100_ethene/singlepoint/PBE,false,structure fingerprint missing or different,Perlmutter first
Ir100,ethene,pbe_d3,SPE,-1.77991331,-1.85924543,0.07933212,/pscratch/sd/j/jcho5/VASP/dft_jobs/C2H4_Ir100/singlepoint/PBE_D3,/kfs3/scratch/jcho5/goad-global-optimization/poscar/best/C2/Ir100_ethene/singlepoint/PBE_D3,false,structure fingerprint missing or different,Perlmutter first
Ir100,ethene,beef_vdw,SPE,-1.12376583,-1.44245838,0.31869255,/pscratch/sd/j/jcho5/VASP/dft_jobs/C2H4_Ir100/singlepoint/beef_vdw,/kfs3/scratch/jcho5/goad-global-optimization/poscar/best/C2/Ir100_ethene/singlepoint/beef_vdw,false,structure fingerprint missing or different,Perlmutter first
Ir100,methanol,pbe,SPE,-0.46603831,0.30390082,-0.76993913,/pscratch/sd/j/jcho5/VASP/dft_jobs/CH3OH_Ir100/singlepoint/PBE,/kfs3/scratch/jcho5/goad-global-optimization/poscar/best/C1/Ir100_methanol/singlepoint/PBE,false,structure fingerprint missing or different,Perlmutter first
Ir100,methanol,pbe_d3,SPE,-0.83610527,-0.09271323,-0.74339204,/pscratch/sd/j/jcho5/VASP/dft_jobs/CH3OH_Ir100/singlepoint/PBE_D3,/kfs3/scratch/jcho5/goad-global-optimization/poscar/best/C1/Ir100_methanol/singlepoint/PBE_D3,false,structure fingerprint missing or different,Perlmutter first
Ir100,methanol,beef_vdw,SPE,-0.59489061,0.12622010,-0.72111071,/pscratch/sd/j/jcho5/VASP/dft_jobs/CH3OH_Ir100/singlepoint/beef_vdw,/kfs3/scratch/jcho5/goad-global-optimization/poscar/best/C1/Ir100_methanol/singlepoint/beef_vdw,false,structure fingerprint missing or different,Perlmutter first
Ir110,CO,pbe,SPE,-2.15307618,-2.15308254,0.00000636,/pscratch/sd/j/jcho5/VASP/dft_jobs/CO_Ir110/singlepoint/PBE,/kfs3/scratch/jcho5/goad-global-optimization/poscar/best/C1/Ir110_CO/singlepoint/PBE,false,structure fingerprint missing or different,Perlmutter first
Ir110,CO,pbe_d3,SPE,-2.35561234,-2.35561889,0.00000655,/pscratch/sd/j/jcho5/VASP/dft_jobs/CO_Ir110/singlepoint/PBE_D3,/kfs3/scratch/jcho5/goad-global-optimization/poscar/best/C1/Ir110_CO/singlepoint/PBE_D3,false,structure fingerprint missing or different,Perlmutter first
Ir110,CO,r2scan,SPE,-1.94153454,-1.94148896,-0.00004558,/pscratch/sd/j/jcho5/VASP/dft_jobs/CO_Ir110/singlepoint/r2scan,/kfs3/scratch/jcho5/goad-global-optimization/poscar/best/C1/Ir110_CO/singlepoint/r2scan,false,structure fingerprint missing or different,Perlmutter first
Ir110,CO,beef_vdw,SPE,-2.04935150,-2.04939756,0.00004606,/pscratch/sd/j/jcho5/VASP/dft_jobs/CO_Ir110/singlepoint/beef_vdw,/kfs3/scratch/jcho5/goad-global-optimization/poscar/best/C1/Ir110_CO/singlepoint/beef_vdw,false,structure fingerprint missing or different,Perlmutter first
Ir110,CO2,pbe,SPE,0.01425373,0.01425020,0.00000353,/pscratch/sd/j/jcho5/VASP/dft_jobs/CO2_Ir110/singlepoint/PBE,/kfs3/scratch/jcho5/goad-global-optimization/poscar/best/C1/Ir110_CO2/singlepoint/PBE,false,structure fingerprint missing or different,Perlmutter first
Ir110,CO2,r2scan,SPE,-0.05939664,-0.05935679,-0.00003985,/pscratch/sd/j/jcho5/VASP/dft_jobs/CO2_Ir110/singlepoint/r2scan,/kfs3/scratch/jcho5/goad-global-optimization/poscar/best/C1/Ir110_CO2/singlepoint/r2scan,false,structure fingerprint missing or different,Perlmutter first
Ir110,CO2,beef_vdw,SPE,-0.26628873,-0.26629535,0.00000662,/pscratch/sd/j/jcho5/VASP/dft_jobs/CO2_Ir110/singlepoint/beef_vdw,/kfs3/scratch/jcho5/goad-global-optimization/poscar/best/C1/Ir110_CO2/singlepoint/beef_vdw,false,structure fingerprint missing or different,Perlmutter first
Ir110,DME,pbe,SPE,-0.49595715,0.83475791,-1.33071506,/pscratch/sd/j/jcho5/VASP/dft_jobs/CH3OCH3_Ir110/singlepoint/PBE,/kfs3/scratch/jcho5/goad-global-optimization/poscar/best/C2/Ir110_DME/singlepoint/PBE,false,structure fingerprint missing or different,Perlmutter first
Ir110,DME,pbe_d3,SPE,-1.01034103,0.20757729,-1.21791832,/pscratch/sd/j/jcho5/VASP/dft_jobs/CH3OCH3_Ir110/singlepoint/PBE_D3,/kfs3/scratch/jcho5/goad-global-optimization/poscar/best/C2/Ir110_DME/singlepoint/PBE_D3,false,structure fingerprint missing or different,Perlmutter first
Ir110,DME,r2scan,SPE,-0.69526785,0.84180753,-1.53707538,/pscratch/sd/j/jcho5/VASP/dft_jobs/CH3OCH3_Ir110/singlepoint/r2scan,/kfs3/scratch/jcho5/goad-global-optimization/poscar/best/C2/Ir110_DME/singlepoint/r2scan,false,structure fingerprint missing or different,Perlmutter first
Ir110,DME,beef_vdw,SPE,-0.89116866,0.61368417,-1.50485283,/pscratch/sd/j/jcho5/VASP/dft_jobs/CH3OCH3_Ir110/singlepoint/beef_vdw,/kfs3/scratch/jcho5/goad-global-optimization/poscar/best/C2/Ir110_DME/singlepoint/beef_vdw,false,structure fingerprint missing or different,Perlmutter first
Ir110,H2O,pbe,SPE,-0.54753202,-0.54752177,-0.00001025,/pscratch/sd/j/jcho5/VASP/dft_jobs/H2O_Ir110/singlepoint/PBE,/kfs3/scratch/jcho5/goad-global-optimization/poscar/best/C0/Ir110_H2O/singlepoint/PBE,false,structure fingerprint missing or different,Perlmutter first
Ir110,H2O,pbe_d3,SPE,-0.75146265,-0.75145248,-0.00001017,/pscratch/sd/j/jcho5/VASP/dft_jobs/H2O_Ir110/singlepoint/PBE_D3,/kfs3/scratch/jcho5/goad-global-optimization/poscar/best/C0/Ir110_H2O/singlepoint/PBE_D3,false,structure fingerprint missing or different,Perlmutter first
Ir110,H2O,r2scan,SPE,-0.58864480,-0.58865002,0.00000522,/pscratch/sd/j/jcho5/VASP/dft_jobs/H2O_Ir110/singlepoint/r2scan,/kfs3/scratch/jcho5/goad-global-optimization/poscar/best/C0/Ir110_H2O/singlepoint/r2scan,false,structure fingerprint missing or different,Perlmutter first
Ir110,H2O,beef_vdw,SPE,-0.59914013,-0.59913210,-0.00000803,/pscratch/sd/j/jcho5/VASP/dft_jobs/H2O_Ir110/singlepoint/beef_vdw,/kfs3/scratch/jcho5/goad-global-optimization/poscar/best/C0/Ir110_H2O/singlepoint/beef_vdw,false,structure fingerprint missing or different,Perlmutter first
Ir110,acetaldehyde,pbe,SPE,-0.70458460,-0.52793182,-0.17665278,/pscratch/sd/j/jcho5/VASP/dft_jobs/CH3CHO_Ir110/singlepoint/PBE,/kfs3/scratch/jcho5/goad-global-optimization/poscar/best/C2/Ir110_acetaldehyde/singlepoint/PBE,false,structure fingerprint missing or different,Perlmutter first
Ir110,acetaldehyde,pbe_d3,SPE,-0.98990775,-1.05708533,0.06717758,/pscratch/sd/j/jcho5/VASP/dft_jobs/CH3CHO_Ir110/singlepoint/PBE_D3,/kfs3/scratch/jcho5/goad-global-optimization/poscar/best/C2/Ir110_acetaldehyde/singlepoint/PBE_D3,false,structure fingerprint missing or different,Perlmutter first
Ir110,acetaldehyde,r2scan,SPE,-0.76953598,-0.66088717,-0.10864881,/pscratch/sd/j/jcho5/VASP/dft_jobs/CH3CHO_Ir110/singlepoint/r2scan,/kfs3/scratch/jcho5/goad-global-optimization/poscar/best/C2/Ir110_acetaldehyde/singlepoint/r2scan,false,structure fingerprint missing or different,Perlmutter first
Ir110,acetaldehyde,beef_vdw,SPE,-0.90172076,-0.66889145,-0.23282931,/pscratch/sd/j/jcho5/VASP/dft_jobs/CH3CHO_Ir110/singlepoint/beef_vdw,/kfs3/scratch/jcho5/goad-global-optimization/poscar/best/C2/Ir110_acetaldehyde/singlepoint/beef_vdw,false,structure fingerprint missing or different,Perlmutter first
Ir110,acetic_acid,beef_vdw,SPE,-1.01664711,0.80917882,-1.82582593,/pscratch/sd/j/jcho5/VASP/dft_jobs/CH3COOH_Ir110/singlepoint/beef_vdw,/kfs3/scratch/jcho5/goad-global-optimization/poscar/best/C2/Ir110_acetic_acid/singlepoint/beef_vdw,false,structure fingerprint missing or different,Perlmutter first
Ir110,ethane,pbe,SPE,-0.02136002,0.67869729,-0.70005731,/pscratch/sd/j/jcho5/VASP/dft_jobs/C2H6_Ir110/singlepoint/PBE,/kfs3/scratch/jcho5/goad-global-optimization/poscar/best/C2/Ir110_ethane/singlepoint/PBE,false,structure fingerprint missing or different,Perlmutter first
Ir110,ethane,pbe_d3,SPE,-0.37265304,0.10514580,-0.47779884,/pscratch/sd/j/jcho5/VASP/dft_jobs/C2H6_Ir110/singlepoint/PBE_D3,/kfs3/scratch/jcho5/goad-global-optimization/poscar/best/C2/Ir110_ethane/singlepoint/PBE_D3,false,structure fingerprint missing or different,Perlmutter first
Ir110,ethane,r2scan,SPE,-0.11159803,0.65710690,-0.76870493,/pscratch/sd/j/jcho5/VASP/dft_jobs/C2H6_Ir110/singlepoint/r2scan,/kfs3/scratch/jcho5/goad-global-optimization/poscar/best/C2/Ir110_ethane/singlepoint/r2scan,false,structure fingerprint missing or different,Perlmutter first
Ir110,ethane,beef_vdw,SPE,-0.36680554,0.42670197,-0.79350751,/pscratch/sd/j/jcho5/VASP/dft_jobs/C2H6_Ir110/singlepoint/beef_vdw,/kfs3/scratch/jcho5/goad-global-optimization/poscar/best/C2/Ir110_ethane/singlepoint/beef_vdw,false,structure fingerprint missing or different,Perlmutter first
Ir110,ethanol,pbe,SPE,-0.63087128,0.92703650,-1.55790778,/pscratch/sd/j/jcho5/VASP/dft_jobs/CH3CH2OH_Ir110/singlepoint/PBE,/kfs3/scratch/jcho5/goad-global-optimization/poscar/best/C2/Ir110_ethanol/singlepoint/PBE,false,structure fingerprint missing or different,Perlmutter first
Ir110,ethanol,pbe_d3,SPE,-1.09495918,0.32342150,-1.41838068,/pscratch/sd/j/jcho5/VASP/dft_jobs/CH3CH2OH_Ir110/singlepoint/PBE_D3,/kfs3/scratch/jcho5/goad-global-optimization/poscar/best/C2/Ir110_ethanol/singlepoint/PBE_D3,false,structure fingerprint missing or different,Perlmutter first
Ir110,ethanol,r2scan,SPE,-0.74324792,0.89772594,-1.64097386,/pscratch/sd/j/jcho5/VASP/dft_jobs/CH3CH2OH_Ir110/singlepoint/r2scan,/kfs3/scratch/jcho5/goad-global-optimization/poscar/best/C2/Ir110_ethanol/singlepoint/r2scan,false,structure fingerprint missing or different,Perlmutter first
Ir110,ethanol,beef_vdw,SPE,-0.94306851,0.66170806,-1.60477657,/pscratch/sd/j/jcho5/VASP/dft_jobs/CH3CH2OH_Ir110/singlepoint/beef_vdw,/kfs3/scratch/jcho5/goad-global-optimization/poscar/best/C2/Ir110_ethanol/singlepoint/beef_vdw,false,structure fingerprint missing or different,Perlmutter first
Ir110,ethene,pbe,SPE,-1.60123354,-1.59522776,-0.00600578,/pscratch/sd/j/jcho5/VASP/dft_jobs/C2H4_Ir110/singlepoint/PBE,/kfs3/scratch/jcho5/goad-global-optimization/poscar/best/C2/Ir110_ethene/singlepoint/PBE,false,structure fingerprint missing or different,Perlmutter first
Ir110,ethene,pbe_d3,SPE,-2.00771159,-2.00129814,-0.00641345,/pscratch/sd/j/jcho5/VASP/dft_jobs/C2H4_Ir110/singlepoint/PBE_D3,/kfs3/scratch/jcho5/goad-global-optimization/poscar/best/C2/Ir110_ethene/singlepoint/PBE_D3,false,structure fingerprint missing or different,Perlmutter first
Ir110,ethene,r2scan,SPE,-1.70577094,-1.70698697,0.00121603,/pscratch/sd/j/jcho5/VASP/dft_jobs/C2H4_Ir110/singlepoint/r2scan,/kfs3/scratch/jcho5/goad-global-optimization/poscar/best/C2/Ir110_ethene/singlepoint/r2scan,false,structure fingerprint missing or different,Perlmutter first
Ir110,ethene,beef_vdw,SPE,-1.72489856,-1.72469031,-0.00020825,/pscratch/sd/j/jcho5/VASP/dft_jobs/C2H4_Ir110/singlepoint/beef_vdw,/kfs3/scratch/jcho5/goad-global-optimization/poscar/best/C2/Ir110_ethylene/singlepoint/beef_vdw,false,structure fingerprint missing or different,Perlmutter first
Pd100,CO2,pbe,SPE,-0.01207989,-0.01208150,0.00000161,/pscratch/sd/j/jcho5/VASP/dft_jobs/CO2_Pd100/singlepoint/PBE,/kfs3/scratch/jcho5/goad-global-optimization/poscar/best/C1/Pd100_CO2/singlepoint/PBE,false,structure fingerprint missing or different,Perlmutter first
Pd100,CO2,r2scan,SPE,-0.01210155,-0.01199893,-0.00010262,/pscratch/sd/j/jcho5/VASP/dft_jobs/CO2_Pd100/singlepoint/r2scan,/kfs3/scratch/jcho5/goad-global-optimization/poscar/best/C1/Pd100_CO2/singlepoint/r2scan,false,structure fingerprint missing or different,Perlmutter first
Pd100,CO2,beef_vdw,SPE,-0.18688402,-0.18688652,0.00000250,/pscratch/sd/j/jcho5/VASP/dft_jobs/CO2_Pd100/singlepoint/beef_vdw,/kfs3/scratch/jcho5/goad-global-optimization/poscar/best/C1/Pd100_CO2/singlepoint/beef_vdw,false,structure fingerprint missing or different,Perlmutter first
Pd100,ethane,pbe,SPE,0.07715775,0.28621384,-0.20905609,/pscratch/sd/j/jcho5/VASP/dft_jobs/C2H6_Pd100/singlepoint/PBE,/kfs3/scratch/jcho5/goad-global-optimization/poscar/best/C2/Pd100_ethane/singlepoint/PBE,false,structure fingerprint missing or different,Perlmutter first
Pd100,ethane,pbe_d3,SPE,-0.21177963,0.00931611,-0.22109574,/pscratch/sd/j/jcho5/VASP/dft_jobs/C2H6_Pd100/singlepoint/PBE_D3,/kfs3/scratch/jcho5/goad-global-optimization/poscar/best/C2/Pd100_ethane/singlepoint/PBE_D3,false,structure fingerprint missing or different,Perlmutter first
Pd100,ethane,r2scan,SPE,-0.06338165,0.12438088,-0.18776253,/pscratch/sd/j/jcho5/VASP/dft_jobs/C2H6_Pd100/singlepoint/r2scan,/kfs3/scratch/jcho5/goad-global-optimization/poscar/best/C2/Pd100_ethane/singlepoint/r2scan,false,structure fingerprint missing or different,Perlmutter first
Pd100,ethane,beef_vdw,SPE,-0.09230295,0.06882841,-0.16113136,/pscratch/sd/j/jcho5/VASP/dft_jobs/C2H6_Pd100/singlepoint/beef_vdw,/kfs3/scratch/jcho5/goad-global-optimization/poscar/best/C2/Pd100_ethane/singlepoint/beef_vdw,false,structure fingerprint missing or different,Perlmutter first
Pd100,ethanol,pbe,SPE,-0.23061055,0.08195835,-0.31256890,/pscratch/sd/j/jcho5/VASP/dft_jobs/CH3CH2OH_Pd100/singlepoint/PBE,/kfs3/scratch/jcho5/goad-global-optimization/poscar/best/C2/Pd100_ethanol/singlepoint/PBE,false,structure fingerprint missing or different,Perlmutter first
Pd100,ethanol,pbe_d3,SPE,-0.56705121,-0.27157558,-0.29547563,/pscratch/sd/j/jcho5/VASP/dft_jobs/CH3CH2OH_Pd100/singlepoint/PBE_D3,/kfs3/scratch/jcho5/goad-global-optimization/poscar/best/C2/Pd100_ethanol/singlepoint/PBE_D3,false,structure fingerprint missing or different,Perlmutter first
Pd100,ethanol,r2scan,SPE,-0.41945253,-0.07357883,-0.34587370,/pscratch/sd/j/jcho5/VASP/dft_jobs/CH3CH2OH_Pd100/singlepoint/r2scan,/kfs3/scratch/jcho5/goad-global-optimization/poscar/best/C2/Pd100_ethanol/singlepoint/r2scan,false,structure fingerprint missing or different,Perlmutter first
Pd100,ethanol,beef_vdw,SPE,-0.43335996,-0.14622418,-0.28713578,/pscratch/sd/j/jcho5/VASP/dft_jobs/CH3CH2OH_Pd100/singlepoint/beef_vdw,/kfs3/scratch/jcho5/goad-global-optimization/poscar/best/C2/Pd100_ethanol/singlepoint/beef_vdw,false,structure fingerprint missing or different,Perlmutter first
Pd110,ethane,pbe,SPE,0.04235046,0.20328884,-0.16093838,/pscratch/sd/j/jcho5/VASP/dft_jobs/C2H6_Pd110/singlepoint/PBE,/kfs3/scratch/jcho5/goad-global-optimization/poscar/best/C2/Pd110_ethane/singlepoint/PBE,false,structure fingerprint missing or different,Perlmutter first
Pd110,ethane,pbe_d3,SPE,-0.31585503,-0.29937233,-0.01648270,/pscratch/sd/j/jcho5/VASP/dft_jobs/C2H6_Pd110/singlepoint/PBE_D3,/kfs3/scratch/jcho5/goad-global-optimization/poscar/best/C2/Pd110_ethane/singlepoint/PBE_D3,false,structure fingerprint missing or different,Perlmutter first
Pd110,ethane,r2scan,SPE,-0.05760706,-0.09876664,0.04115958,/pscratch/sd/j/jcho5/VASP/dft_jobs/C2H6_Pd110/singlepoint/r2scan,/kfs3/scratch/jcho5/goad-global-optimization/poscar/best/C2/Pd110_ethane/singlepoint/r2scan,false,structure fingerprint missing or different,Perlmutter first
Pd110,ethane,beef_vdw,SPE,-0.10134048,0.21677876,-0.31811924,/pscratch/sd/j/jcho5/VASP/dft_jobs/C2H6_Pd110/singlepoint/beef_vdw,/kfs3/scratch/jcho5/goad-global-optimization/poscar/best/C2/Pd110_ethane/singlepoint/beef_vdw,false,structure fingerprint missing or different,Perlmutter first
Pd110,ethanol,pbe,SPE,-0.40583903,0.30051520,-0.70635423,/pscratch/sd/j/jcho5/VASP/dft_jobs/CH3CH2OH_Pd110/singlepoint/PBE,/kfs3/scratch/jcho5/goad-global-optimization/poscar/best/C2/Pd110_ethanol/singlepoint/PBE,false,structure fingerprint missing or different,Perlmutter first
Pd110,ethanol,pbe_d3,SPE,-0.82610276,-0.25373042,-0.57237234,/pscratch/sd/j/jcho5/VASP/dft_jobs/CH3CH2OH_Pd110/singlepoint/PBE_D3,/kfs3/scratch/jcho5/goad-global-optimization/poscar/best/C2/Pd110_ethanol/singlepoint/PBE_D3,false,structure fingerprint missing or different,Perlmutter first
Pd110,ethanol,r2scan,SPE,-0.54225506,-0.01028683,-0.53196823,/pscratch/sd/j/jcho5/VASP/dft_jobs/CH3CH2OH_Pd110/singlepoint/r2scan,/kfs3/scratch/jcho5/goad-global-optimization/poscar/best/C2/Pd110_ethanol/singlepoint/r2scan,false,structure fingerprint missing or different,Perlmutter first
Pd110,ethanol,beef_vdw,SPE,-0.56335757,0.30648437,-0.86984194,/pscratch/sd/j/jcho5/VASP/dft_jobs/CH3CH2OH_Pd110/singlepoint/beef_vdw,/kfs3/scratch/jcho5/goad-global-optimization/poscar/best/C2/Pd110_ethanol/singlepoint/beef_vdw,false,structure fingerprint missing or different,Perlmutter first
Pd111,CO2,pbe,SPE,0.00288559,0.00288623,-6.4E-7,/pscratch/sd/j/jcho5/VASP/dft_jobs/CO2_Pd111/singlepoint/PBE,/kfs3/scratch/jcho5/goad-global-optimization/poscar/best/C1/Pd111_CO2/singlepoint/PBE,false,structure fingerprint missing or different,Perlmutter first
Pd111,CO2,r2scan,SPE,0.04733683,0.04732665,0.00001018,/pscratch/sd/j/jcho5/VASP/dft_jobs/CO2_Pd111/singlepoint/r2scan,/kfs3/scratch/jcho5/goad-global-optimization/poscar/best/C1/Pd111_CO2/singlepoint/r2scan,false,structure fingerprint missing or different,Perlmutter first
Pd111,CO2,beef_vdw,SPE,-0.21976068,-0.21976150,8.2E-7,/pscratch/sd/j/jcho5/VASP/dft_jobs/CO2_Pd111/singlepoint/beef_vdw,/kfs3/scratch/jcho5/goad-global-optimization/poscar/best/C1/Pd111_CO2/singlepoint/beef_vdw,false,structure fingerprint missing or different,Perlmutter first
Pd111,ethane,pbe,SPE,0.03023405,0.41703515,-0.38680110,/pscratch/sd/j/jcho5/VASP/dft_jobs/C2H6_Pd111/singlepoint/PBE,/kfs3/scratch/jcho5/goad-global-optimization/poscar/best/C2/Pd111_ethane/singlepoint/PBE,false,structure fingerprint missing or different,Perlmutter first
Pd111,ethane,pbe_d3,SPE,-0.17987457,0.29657579,-0.47645036,/pscratch/sd/j/jcho5/VASP/dft_jobs/C2H6_Pd111/singlepoint/PBE_D3,/kfs3/scratch/jcho5/goad-global-optimization/poscar/best/C2/Pd111_ethane/singlepoint/PBE_D3,false,structure fingerprint missing or different,Perlmutter first
Pd111,ethane,r2scan,SPE,-0.01475535,0.37247862,-0.38723397,/pscratch/sd/j/jcho5/VASP/dft_jobs/C2H6_Pd111/singlepoint/r2scan,/kfs3/scratch/jcho5/goad-global-optimization/poscar/best/C2/Pd111_ethane/singlepoint/r2scan,false,structure fingerprint missing or different,Perlmutter first
Pd111,ethane,beef_vdw,SPE,-0.21549926,0.11561009,-0.33110935,/pscratch/sd/j/jcho5/VASP/dft_jobs/C2H6_Pd111/singlepoint/beef_vdw,/kfs3/scratch/jcho5/goad-global-optimization/poscar/best/C2/Pd111_ethane/singlepoint/beef_vdw,false,structure fingerprint missing or different,Perlmutter first
Pd111,ethanol,pbe,SPE,-0.25968217,0.19986862,-0.45955079,/pscratch/sd/j/jcho5/VASP/dft_jobs/CH3CH2OH_Pd111/singlepoint/PBE,/kfs3/scratch/jcho5/goad-global-optimization/poscar/best/C2/Pd111_ethanol/singlepoint/PBE,false,structure fingerprint missing or different,Perlmutter first
Pd111,ethanol,pbe_d3,SPE,-0.55179483,0.01462465,-0.56641948,/pscratch/sd/j/jcho5/VASP/dft_jobs/CH3CH2OH_Pd111/singlepoint/PBE_D3,/kfs3/scratch/jcho5/goad-global-optimization/poscar/best/C2/Pd111_ethanol/singlepoint/PBE_D3,false,structure fingerprint missing or different,Perlmutter first
Pd111,ethanol,r2scan,SPE,-0.38604879,0.16698853,-0.55303732,/pscratch/sd/j/jcho5/VASP/dft_jobs/CH3CH2OH_Pd111/singlepoint/r2scan,/kfs3/scratch/jcho5/goad-global-optimization/poscar/best/C2/Pd111_ethanol/singlepoint/r2scan,false,structure fingerprint missing or different,Perlmutter first
Pd111,ethanol,beef_vdw,SPE,-0.52147357,-0.14274126,-0.37873231,/pscratch/sd/j/jcho5/VASP/dft_jobs/CH3CH2OH_Pd111/singlepoint/beef_vdw,/kfs3/scratch/jcho5/goad-global-optimization/poscar/best/C2/Pd111_ethanol/singlepoint/beef_vdw,false,structure fingerprint missing or different,Perlmutter first
