calculation,surface,functional,system,status,raw_binding_energy_eV,convergence,complex_source,slab_source,molecule_source,note
relaxed,Ag100,pbe,CH3OCH3_Ag100,unconverged,-5.343731749999989,complex: converged; slab: converged; molecule: unfinished,dft_jobs/CH3OCH3_Ag100/PBE/OUTCAR,vasp_slab/Ag100/PBE/OUTCAR,vasp_mol/CH3OCH3/PBE/OUTCAR,molecule: ZBRENT: fatal error in bracketing
relaxed,Ag110,pbe,CH3OCH3_Ag110,unconverged,-5.160090859999997,complex: converged; slab: converged; molecule: unfinished,dft_jobs/CH3OCH3_Ag110/PBE/OUTCAR,vasp_slab/Ag110/PBE/OUTCAR,vasp_mol/CH3OCH3/PBE/OUTCAR,molecule: ZBRENT: fatal error in bracketing
relaxed,Ag111,pbe,CH3OCH3_Ag111,slab_mismatch,65.17064489,complex: converged; slab: converged; molecule: unfinished,dft_jobs/CH3OCH3_Ag111/PBE/OUTCAR,vasp_slab/Ag111/PBE/OUTCAR,vasp_mol/CH3OCH3/PBE/OUTCAR,"slab size mismatch: complex has 36 Ag, reference has 64"
relaxed,Au100,pbe,CH3OCH3_Au100,slab_mismatch,-88.42056262000003,complex: converged; slab: converged; molecule: unfinished,dft_jobs/CH3OCH3_Au100/PBE/OUTCAR,vasp_slab/Au100/PBE/OUTCAR,vasp_mol/CH3OCH3/PBE/OUTCAR,"slab size mismatch: complex has 64 Au, reference has 36"
relaxed,Au110,pbe,CH3OCH3_Au110,slab_mismatch,-119.23177458999999,complex: converged; slab: converged; molecule: unfinished,dft_jobs/CH3OCH3_Au110/PBE/OUTCAR,vasp_slab/Au110/PBE/OUTCAR,vasp_mol/CH3OCH3/PBE/OUTCAR,"slab size mismatch: complex has 64 Au, reference has 24"
relaxed,Au111,pbe,CH3OCH3_Au111,slab_mismatch,81.30559733000001,complex: converged; slab: converged; molecule: unfinished,dft_jobs/CH3OCH3_Au111/PBE/OUTCAR,vasp_slab/Au111/PBE/OUTCAR,vasp_mol/CH3OCH3/PBE/OUTCAR,"slab size mismatch: complex has 36 Au, reference has 64"
relaxed,Cu100,pbe,CH3OCH3_Cu100,unconverged,-4.755773380000022,complex: converged; slab: converged; molecule: unfinished,dft_jobs/CH3OCH3_Cu100/PBE/OUTCAR,vasp_slab/Cu100/PBE/OUTCAR,vasp_mol/CH3OCH3/PBE/OUTCAR,molecule: ZBRENT: fatal error in bracketing
relaxed,Cu110,pbe,CH3OCH3_Cu110,unconverged,-4.337272999999996,complex: converged; slab: converged; molecule: unfinished,dft_jobs/CH3OCH3_Cu110/PBE/OUTCAR,vasp_slab/Cu110/PBE/OUTCAR,vasp_mol/CH3OCH3/PBE/OUTCAR,molecule: ZBRENT: fatal error in bracketing
relaxed,Cu111,pbe,CH3OCH3_Cu111,unconverged,-3.0592646700000046,complex: converged; slab: converged; molecule: unfinished,dft_jobs/CH3OCH3_Cu111/PBE/OUTCAR,vasp_slab/Cu111/PBE/OUTCAR,vasp_mol/CH3OCH3/PBE/OUTCAR,molecule: ZBRENT: fatal error in bracketing
relaxed,Ir100,pbe,CH3OCH3_Ir100,unconverged,-4.964792540000047,complex: converged; slab: converged; molecule: unfinished,dft_jobs/CH3OCH3_Ir100/PBE/OUTCAR,vasp_slab/Ir100/PBE/OUTCAR,vasp_mol/CH3OCH3/PBE/OUTCAR,molecule: ZBRENT: fatal error in bracketing
relaxed,Ir110,pbe,CH3OCH3_Ir110,unconverged,-5.160734099999985,complex: converged; slab: converged; molecule: unfinished,dft_jobs/CH3OCH3_Ir110/PBE/OUTCAR,vasp_slab/Ir110/PBE/OUTCAR,vasp_mol/CH3OCH3/PBE/OUTCAR,molecule: ZBRENT: fatal error in bracketing
relaxed,Ir111,pbe,CH3OCH3_Ir111,unconverged,-4.813887790000052,complex: converged; slab: converged; molecule: unfinished,dft_jobs/CH3OCH3_Ir111/PBE/OUTCAR,vasp_slab/Ir111/PBE/OUTCAR,vasp_mol/CH3OCH3/PBE/OUTCAR,molecule: ZBRENT: fatal error in bracketing
relaxed,Pd100,pbe,CH3OCH3_Pd100,unconverged,-4.980858130000001,complex: converged; slab: converged; molecule: unfinished,dft_jobs/CH3OCH3_Pd100/PBE/OUTCAR,vasp_slab/Pd100/PBE/OUTCAR,vasp_mol/CH3OCH3/PBE/OUTCAR,molecule: ZBRENT: fatal error in bracketing
relaxed,Pd110,pbe,CH3OCH3_Pd110,unconverged,-4.992772680000002,complex: converged; slab: converged; molecule: unfinished,dft_jobs/CH3OCH3_Pd110/PBE/OUTCAR,vasp_slab/Pd110/PBE/OUTCAR,vasp_mol/CH3OCH3/PBE/OUTCAR,molecule: ZBRENT: fatal error in bracketing
relaxed,Pd111,pbe,CH3OCH3_Pd111,slab_mismatch,133.0973979,complex: converged; slab: converged; molecule: unfinished,dft_jobs/CH3OCH3_Pd111/PBE/OUTCAR,vasp_slab/Pd111/PBE/OUTCAR,vasp_mol/CH3OCH3/PBE/OUTCAR,"slab size mismatch: complex has 36 Pd, reference has 64"
relaxed,Pt100,pbe,CH3OCH3_Pt100,unconverged,-5.287892290000002,complex: converged; slab: converged; molecule: unfinished,dft_jobs/CH3OCH3_Pt100/PBE/OUTCAR,vasp_slab/Pt100/PBE/OUTCAR,vasp_mol/CH3OCH3/PBE/OUTCAR,molecule: ZBRENT: fatal error in bracketing
relaxed,Pt110,pbe,CH3OCH3_Pt110,unconverged,-5.286651400000011,complex: converged; slab: converged; molecule: unfinished,dft_jobs/CH3OCH3_Pt110/PBE/OUTCAR,vasp_slab/Pt110/PBE/OUTCAR,vasp_mol/CH3OCH3/PBE/OUTCAR,molecule: ZBRENT: fatal error in bracketing
relaxed,Rh100,pbe,CH3OCH3_Rh100,unconverged,-5.284729609999971,complex: converged; slab: converged; molecule: unfinished,dft_jobs/CH3OCH3_Rh100/PBE/OUTCAR,vasp_slab/Rh100/PBE/OUTCAR,vasp_mol/CH3OCH3/PBE/OUTCAR,molecule: ZBRENT: fatal error in bracketing
relaxed,Rh110,pbe,CH3OCH3_Rh110,unconverged,-5.360872910000012,complex: converged; slab: converged; molecule: unfinished,dft_jobs/CH3OCH3_Rh110/PBE/OUTCAR,vasp_slab/Rh110/PBE/OUTCAR,vasp_mol/CH3OCH3/PBE/OUTCAR,molecule: ZBRENT: fatal error in bracketing
relaxed,Rh111,pbe,CH3OCH3_Rh111,unconverged,-5.542632300000008,complex: converged; slab: converged; molecule: unfinished,dft_jobs/CH3OCH3_Rh111/PBE/OUTCAR,vasp_slab/Rh111/PBE/OUTCAR,vasp_mol/CH3OCH3/PBE/OUTCAR,molecule: ZBRENT: fatal error in bracketing
relaxed,Pt111,pbe,DME_Pt111_top,error,,complex: missing; slab: converged; molecule: unfinished,dft_jobs/DME_Pt111_top/PBE/OUTCAR,vasp_slab/Pt111/PBE/OUTCAR,vasp_mol/DME/PBE/OUTCAR,Missing or non-finite component energy
relaxed,Ag100,pbe_d3,CH3OCH3_Ag100,unconverged,-38.401773099999986,complex: converged; slab: converged; molecule: unfinished,dft_jobs/CH3OCH3_Ag100/PBE_D3/OUTCAR,vasp_slab/Ag100/PBE_D3/OUTCAR,vasp_mol/CH3OCH3/PBE_D3/OUTCAR,molecule: ZBRENT: fatal error in bracketing
relaxed,Ag110,pbe_d3,CH3OCH3_Ag110,unconverged,-38.16823305999999,complex: converged; slab: converged; molecule: unfinished,dft_jobs/CH3OCH3_Ag110/PBE_D3/OUTCAR,vasp_slab/Ag110/PBE_D3/OUTCAR,vasp_mol/CH3OCH3/PBE_D3/OUTCAR,molecule: ZBRENT: fatal error in bracketing
relaxed,Ag111,pbe_d3,CH3OCH3_Ag111,slab_mismatch,42.173054140000005,complex: converged; slab: converged; molecule: unfinished,dft_jobs/CH3OCH3_Ag111/PBE_D3/OUTCAR,vasp_slab/Ag111/PBE_D3/OUTCAR,vasp_mol/CH3OCH3/PBE_D3/OUTCAR,"slab size mismatch: complex has 36 Ag, reference has 64"
relaxed,Au100,pbe_d3,CH3OCH3_Au100,slab_mismatch,-134.80824192999995,complex: converged; slab: converged; molecule: unfinished,dft_jobs/CH3OCH3_Au100/PBE_D3/OUTCAR,vasp_slab/Au100/PBE_D3/OUTCAR,vasp_mol/CH3OCH3/PBE_D3/OUTCAR,"slab size mismatch: complex has 64 Au, reference has 36"
relaxed,Au110,pbe_d3,CH3OCH3_Au110,slab_mismatch,-167.95691693000003,complex: converged; slab: converged; molecule: unfinished,dft_jobs/CH3OCH3_Au110/PBE_D3/OUTCAR,vasp_slab/Au110/PBE_D3/OUTCAR,vasp_mol/CH3OCH3/PBE_D3/OUTCAR,"slab size mismatch: complex has 64 Au, reference has 24"
relaxed,Au111,pbe_d3,CH3OCH3_Au111,slab_mismatch,61.87980891000001,complex: converged; slab: converged; molecule: unfinished,dft_jobs/CH3OCH3_Au111/PBE_D3/OUTCAR,vasp_slab/Au111/PBE_D3/OUTCAR,vasp_mol/CH3OCH3/PBE_D3/OUTCAR,"slab size mismatch: complex has 36 Au, reference has 64"
relaxed,Cu100,pbe_d3,CH3OCH3_Cu100,unconverged,-37.93455498,complex: converged; slab: converged; molecule: unfinished,dft_jobs/CH3OCH3_Cu100/PBE_D3/OUTCAR,vasp_slab/Cu100/PBE_D3/OUTCAR,vasp_mol/CH3OCH3/PBE_D3/OUTCAR,molecule: ZBRENT: fatal error in bracketing
relaxed,Cu110,pbe_d3,CH3OCH3_Cu110,unconverged,-37.53644195999999,complex: converged; slab: converged; molecule: unfinished,dft_jobs/CH3OCH3_Cu110/PBE_D3/OUTCAR,vasp_slab/Cu110/PBE_D3/OUTCAR,vasp_mol/CH3OCH3/PBE_D3/OUTCAR,molecule: ZBRENT: fatal error in bracketing
relaxed,Cu111,pbe_d3,CH3OCH3_Cu111,unconverged,-36.35409773000001,complex: converged; slab: converged; molecule: unfinished,dft_jobs/CH3OCH3_Cu111/PBE_D3/OUTCAR,vasp_slab/Cu111/PBE_D3/OUTCAR,vasp_mol/CH3OCH3/PBE_D3/OUTCAR,molecule: ZBRENT: fatal error in bracketing
relaxed,Ir100,pbe_d3,CH3OCH3_Ir100,unconverged,-38.19856007000004,complex: converged; slab: converged; molecule: unfinished,dft_jobs/CH3OCH3_Ir100/PBE_D3/OUTCAR,vasp_slab/Ir100/PBE_D3/OUTCAR,vasp_mol/CH3OCH3/PBE_D3/OUTCAR,molecule: ZBRENT: fatal error in bracketing
relaxed,Ir110,pbe_d3,CH3OCH3_Ir110,unconverged,-38.40737275000001,complex: converged; slab: converged; molecule: unfinished,dft_jobs/CH3OCH3_Ir110/PBE_D3/OUTCAR,vasp_slab/Ir110/PBE_D3/OUTCAR,vasp_mol/CH3OCH3/PBE_D3/OUTCAR,molecule: ZBRENT: fatal error in bracketing
relaxed,Ir111,pbe_d3,CH3OCH3_Ir111,unconverged,-38.05180703000002,complex: converged; slab: converged; molecule: unfinished,dft_jobs/CH3OCH3_Ir111/PBE_D3/OUTCAR,vasp_slab/Ir111/PBE_D3/OUTCAR,vasp_mol/CH3OCH3/PBE_D3/OUTCAR,molecule: ZBRENT: fatal error in bracketing
relaxed,Pd100,pbe_d3,CH3OCH3_Pd100,unconverged,-38.159889910000004,complex: converged; slab: converged; molecule: unfinished,dft_jobs/CH3OCH3_Pd100/PBE_D3/OUTCAR,vasp_slab/Pd100/PBE_D3/OUTCAR,vasp_mol/CH3OCH3/PBE_D3/OUTCAR,molecule: ZBRENT: fatal error in bracketing
relaxed,Pd110,pbe_d3,CH3OCH3_Pd110,unconverged,-38.15530767,complex: converged; slab: converged; molecule: unfinished,dft_jobs/CH3OCH3_Pd110/PBE_D3/OUTCAR,vasp_slab/Pd110/PBE_D3/OUTCAR,vasp_mol/CH3OCH3/PBE_D3/OUTCAR,molecule: ZBRENT: fatal error in bracketing
relaxed,Pd111,pbe_d3,CH3OCH3_Pd111,slab_mismatch,111.5637748,complex: converged; slab: converged; molecule: unfinished,dft_jobs/CH3OCH3_Pd111/PBE_D3/OUTCAR,vasp_slab/Pd111/PBE_D3/OUTCAR,vasp_mol/CH3OCH3/PBE_D3/OUTCAR,"slab size mismatch: complex has 36 Pd, reference has 64"
relaxed,Pt100,pbe_d3,CH3OCH3_Pt100,unconverged,-38.59251826000002,complex: converged; slab: converged; molecule: unfinished,dft_jobs/CH3OCH3_Pt100/PBE_D3/OUTCAR,vasp_slab/Pt100/PBE_D3/OUTCAR,vasp_mol/CH3OCH3/PBE_D3/OUTCAR,molecule: ZBRENT: fatal error in bracketing
relaxed,Pt110,pbe_d3,CH3OCH3_Pt110,unconverged,-38.650280529999975,complex: converged; slab: converged; molecule: unfinished,dft_jobs/CH3OCH3_Pt110/PBE_D3/OUTCAR,vasp_slab/Pt110/PBE_D3/OUTCAR,vasp_mol/CH3OCH3/PBE_D3/OUTCAR,molecule: ZBRENT: fatal error in bracketing
relaxed,Rh100,pbe_d3,CH3OCH3_Rh100,unconverged,-38.46415911999998,complex: converged; slab: converged; molecule: unfinished,dft_jobs/CH3OCH3_Rh100/PBE_D3/OUTCAR,vasp_slab/Rh100/PBE_D3/OUTCAR,vasp_mol/CH3OCH3/PBE_D3/OUTCAR,molecule: ZBRENT: fatal error in bracketing
relaxed,Rh110,pbe_d3,CH3OCH3_Rh110,unconverged,-38.590107939999996,complex: converged; slab: converged; molecule: unfinished,dft_jobs/CH3OCH3_Rh110/PBE_D3/OUTCAR,vasp_slab/Rh110/PBE_D3/OUTCAR,vasp_mol/CH3OCH3/PBE_D3/OUTCAR,molecule: ZBRENT: fatal error in bracketing
relaxed,Rh111,pbe_d3,CH3OCH3_Rh111,unconverged,-38.771590669999966,complex: converged; slab: converged; molecule: unfinished,dft_jobs/CH3OCH3_Rh111/PBE_D3/OUTCAR,vasp_slab/Rh111/PBE_D3/OUTCAR,vasp_mol/CH3OCH3/PBE_D3/OUTCAR,molecule: ZBRENT: fatal error in bracketing
relaxed,Pt111,pbe_d3,DME_Pt111_top,error,,complex: missing; slab: converged; molecule: unfinished,dft_jobs/DME_Pt111_top/PBE_D3/OUTCAR,vasp_slab/Pt111/PBE_D3/OUTCAR,vasp_mol/DME/PBE_D3/OUTCAR,Missing or non-finite component energy
relaxed,Ag100,r2scan,CH3OCH3_Ag100,unconverged,-1.3327517899999393,complex: unfinished; slab: converged; molecule: converged,dft_jobs/CH3OCH3_Ag100/r2scan/OUTCAR,vasp_slab/Ag100/r2scan/OUTCAR,vasp_mol/CH3OCH3/r2scan/OUTCAR,See component convergence statuses
relaxed,Ag110,r2scan,CH3OCH3_Ag110,ok,-1.0183908199999436,complex: converged; slab: converged; molecule: converged,dft_jobs/CH3OCH3_Ag110/r2scan/OUTCAR,vasp_slab/Ag110/r2scan/OUTCAR,vasp_mol/CH3OCH3/r2scan/OUTCAR,
relaxed,Ag111,r2scan,CH3OCH3_Ag111,slab_mismatch,589.6385403,complex: converged; slab: converged; molecule: converged,dft_jobs/CH3OCH3_Ag111/r2scan/OUTCAR,vasp_slab/Ag111/r2scan/OUTCAR,vasp_mol/CH3OCH3/r2scan/OUTCAR,"slab size mismatch: complex has 36 Ag, reference has 64"
relaxed,Au100,r2scan,CH3OCH3_Au100,slab_mismatch,-1409.13370266,complex: unfinished; slab: converged; molecule: converged,dft_jobs/CH3OCH3_Au100/r2scan/OUTCAR,vasp_slab/Au100/r2scan/OUTCAR,vasp_mol/CH3OCH3/r2scan/OUTCAR,"slab size mismatch: complex has 64 Au, reference has 36"
relaxed,Au110,r2scan,CH3OCH3_Au110,slab_mismatch,-2006.94481723,complex: unfinished; slab: converged; molecule: converged,dft_jobs/CH3OCH3_Au110/r2scan/OUTCAR,vasp_slab/Au110/r2scan/OUTCAR,vasp_mol/CH3OCH3/r2scan/OUTCAR,"slab size mismatch: complex has 64 Au, reference has 24"
relaxed,Au111,r2scan,CH3OCH3_Au111,slab_mismatch,1411.44164968,complex: unfinished; slab: converged; molecule: converged,dft_jobs/CH3OCH3_Au111/r2scan/OUTCAR,vasp_slab/Au111/r2scan/OUTCAR,vasp_mol/CH3OCH3/r2scan/OUTCAR,"slab size mismatch: complex has 36 Au, reference has 64"
relaxed,Cu100,r2scan,CH3OCH3_Cu100,unconverged,-0.22565353000000954,complex: unfinished; slab: converged; molecule: converged,dft_jobs/CH3OCH3_Cu100/r2scan/OUTCAR,vasp_slab/Cu100/r2scan/OUTCAR,vasp_mol/CH3OCH3/r2scan/OUTCAR,See component convergence statuses
relaxed,Cu110,r2scan,CH3OCH3_Cu110,ok,-0.028456149999975366,complex: converged; slab: converged; molecule: converged,dft_jobs/CH3OCH3_Cu110/r2scan/OUTCAR,vasp_slab/Cu110/r2scan/OUTCAR,vasp_mol/CH3OCH3/r2scan/OUTCAR,
relaxed,Cu111,r2scan,CH3OCH3_Cu111,unconverged,1.330768950000028,complex: unfinished; slab: converged; molecule: converged,dft_jobs/CH3OCH3_Cu111/r2scan/OUTCAR,vasp_slab/Cu111/r2scan/OUTCAR,vasp_mol/CH3OCH3/r2scan/OUTCAR,See component convergence statuses
relaxed,Ir100,r2scan,CH3OCH3_Ir100,ok,-0.6933254700001825,complex: converged; slab: converged; molecule: converged,dft_jobs/CH3OCH3_Ir100/r2scan/OUTCAR,completion_runs/site_gapfill_20260914/slab/C2H4_Ir100/r2scan/OUTCAR,vasp_mol/CH3OCH3/r2scan/OUTCAR,Isolated completion slab reference
relaxed,Ir110,r2scan,CH3OCH3_Ir110,ok,-0.7513049800001781,complex: converged; slab: converged; molecule: converged,dft_jobs/CH3OCH3_Ir110/r2scan/OUTCAR,vasp_slab/Ir110/r2scan/OUTCAR,vasp_mol/CH3OCH3/r2scan/OUTCAR,
relaxed,Ir111,r2scan,CH3OCH3_Ir111,unconverged,-0.49461971000024363,complex: unfinished; slab: converged; molecule: converged,dft_jobs/CH3OCH3_Ir111/r2scan/OUTCAR,vasp_slab/Ir111/r2scan/OUTCAR,vasp_mol/CH3OCH3/r2scan/OUTCAR,See component convergence statuses
relaxed,Pd100,r2scan,CH3OCH3_Pd100,ok,-0.6882722800000565,complex: converged; slab: converged; molecule: converged,dft_jobs/CH3OCH3_Pd100/r2scan/OUTCAR,vasp_slab/Pd100/r2scan/OUTCAR,vasp_mol/CH3OCH3/r2scan/OUTCAR,
relaxed,Pd110,r2scan,CH3OCH3_Pd110,ok,-0.710711840000009,complex: converged; slab: converged; molecule: converged,dft_jobs/CH3OCH3_Pd110/r2scan/OUTCAR,vasp_slab/Pd110/r2scan/OUTCAR,vasp_mol/CH3OCH3/r2scan/OUTCAR,
relaxed,Pd111,r2scan,CH3OCH3_Pd111,slab_mismatch,633.09886016,complex: unfinished; slab: converged; molecule: converged,dft_jobs/CH3OCH3_Pd111/r2scan/OUTCAR,vasp_slab/Pd111/r2scan/OUTCAR,vasp_mol/CH3OCH3/r2scan/OUTCAR,"slab size mismatch: complex has 36 Pd, reference has 64"
relaxed,Pt100,r2scan,CH3OCH3_Pt100,ok,-1.2203649400000458,complex: converged; slab: converged; molecule: converged,dft_jobs/CH3OCH3_Pt100/r2scan/OUTCAR,vasp_slab/Pt100/r2scan/OUTCAR,vasp_mol/CH3OCH3/r2scan/OUTCAR,
relaxed,Pt110,r2scan,CH3OCH3_Pt110,unconverged,-1.1409051699999608,complex: unfinished; slab: converged; molecule: converged,dft_jobs/CH3OCH3_Pt110/r2scan/OUTCAR,vasp_slab/Pt110/r2scan/OUTCAR,vasp_mol/CH3OCH3/r2scan/OUTCAR,See component convergence statuses
relaxed,Rh100,r2scan,CH3OCH3_Rh100,ok,-0.967830070000069,complex: converged; slab: converged; molecule: converged,dft_jobs/CH3OCH3_Rh100/r2scan/OUTCAR,vasp_slab/Rh100/r2scan/OUTCAR,vasp_mol/CH3OCH3/r2scan/OUTCAR,
relaxed,Rh110,r2scan,CH3OCH3_Rh110,ok,-0.8698518799999064,complex: converged; slab: converged; molecule: converged,dft_jobs/CH3OCH3_Rh110/r2scan/OUTCAR,vasp_slab/Rh110/r2scan/OUTCAR,vasp_mol/CH3OCH3/r2scan/OUTCAR,
relaxed,Rh111,r2scan,CH3OCH3_Rh111,unconverged,-1.406647109999959,complex: unfinished; slab: converged; molecule: converged,dft_jobs/CH3OCH3_Rh111/r2scan/OUTCAR,vasp_slab/Rh111/r2scan/OUTCAR,vasp_mol/CH3OCH3/r2scan/OUTCAR,See component convergence statuses
relaxed,Pt111,r2scan,DME_Pt111_top,error,,complex: missing; slab: converged; molecule: converged,dft_jobs/DME_Pt111_top/r2scan/OUTCAR,vasp_slab/Pt111/r2scan/OUTCAR,vasp_mol/DME/r2scan/OUTCAR,Missing or non-finite component energy
relaxed,Ag100,beef_vdw,CH3OCH3_Ag100,energy_review,-25.26139518,complex: converged; slab: converged; molecule: converged,dft_jobs/CH3OCH3_Ag100/beef_vdw/OUTCAR,vasp_slab/Ag100/beef_vdw/OUTCAR,vasp_mol/CH3OCH3/beef_vdw/OUTCAR,|E_ads| > 5 eV: review required; not evidence of failed convergence
relaxed,Ag110,beef_vdw,CH3OCH3_Ag110,energy_review,-16.98092047,complex: converged; slab: converged; molecule: converged,dft_jobs/CH3OCH3_Ag110/beef_vdw/OUTCAR,vasp_slab/Ag110/beef_vdw/OUTCAR,vasp_mol/CH3OCH3/beef_vdw/OUTCAR,|E_ads| > 5 eV: review required; not evidence of failed convergence
relaxed,Ag111,beef_vdw,CH3OCH3_Ag111,slab_mismatch,-70.06004121999999,complex: converged; slab: converged; molecule: converged,dft_jobs/CH3OCH3_Ag111/beef_vdw/OUTCAR,vasp_slab/Ag111/beef_vdw/OUTCAR,vasp_mol/CH3OCH3/beef_vdw/OUTCAR,"slab size mismatch: complex has 36 Ag, reference has 64"
relaxed,Au100,beef_vdw,CH3OCH3_Au100,slab_mismatch,2.0353230300000007,complex: converged; slab: converged; molecule: converged,dft_jobs/CH3OCH3_Au100/beef_vdw/OUTCAR,vasp_slab/Au100/beef_vdw/OUTCAR,vasp_mol/CH3OCH3/beef_vdw/OUTCAR,"slab size mismatch: complex has 64 Au, reference has 36"
relaxed,Au110,beef_vdw,CH3OCH3_Au110,slab_mismatch,8.312330780000003,complex: converged; slab: converged; molecule: converged,dft_jobs/CH3OCH3_Au110/beef_vdw/OUTCAR,vasp_slab/Au110/beef_vdw/OUTCAR,vasp_mol/CH3OCH3/beef_vdw/OUTCAR,"slab size mismatch: complex has 64 Au, reference has 24"
relaxed,Au111,beef_vdw,CH3OCH3_Au111,slab_mismatch,-0.6903883700000009,complex: converged; slab: converged; molecule: converged,dft_jobs/CH3OCH3_Au111/beef_vdw/OUTCAR,vasp_slab/Au111/beef_vdw/OUTCAR,vasp_mol/CH3OCH3/beef_vdw/OUTCAR,"slab size mismatch: complex has 36 Au, reference has 64"
relaxed,Cu100,beef_vdw,CH3OCH3_Cu100,ok,-0.4863197700000015,complex: converged; slab: converged; molecule: converged,dft_jobs/CH3OCH3_Cu100/beef_vdw/OUTCAR,completion_runs/site_gapfill_20260914/slab/C2H4_Cu100/beef_vdw/OUTCAR,vasp_mol/CH3OCH3/beef_vdw/OUTCAR,Isolated completion slab reference
relaxed,Cu110,beef_vdw,CH3OCH3_Cu110,energy_review,-31.289139389999995,complex: converged; slab: converged; molecule: converged,dft_jobs/CH3OCH3_Cu110/beef_vdw/OUTCAR,vasp_slab/Cu110/beef_vdw/OUTCAR,vasp_mol/CH3OCH3/beef_vdw/OUTCAR,|E_ads| > 5 eV: review required; not evidence of failed convergence
relaxed,Cu111,beef_vdw,CH3OCH3_Cu111,energy_review,-82.09876800999999,complex: converged; slab: converged; molecule: converged,dft_jobs/CH3OCH3_Cu111/beef_vdw/OUTCAR,vasp_slab/Cu111/beef_vdw/OUTCAR,vasp_mol/CH3OCH3/beef_vdw/OUTCAR,|E_ads| > 5 eV: review required; not evidence of failed convergence
relaxed,Ir100,beef_vdw,CH3OCH3_Ir100,ok,-0.7362783899999883,complex: converged; slab: converged; molecule: converged,dft_jobs/CH3OCH3_Ir100/beef_vdw/OUTCAR,vasp_slab/Ir100/beef_vdw/OUTCAR,vasp_mol/CH3OCH3/beef_vdw/OUTCAR,
relaxed,Ir110,beef_vdw,CH3OCH3_Ir110,ok,-0.9518804800000069,complex: converged; slab: converged; molecule: converged,dft_jobs/CH3OCH3_Ir110/beef_vdw/OUTCAR,vasp_slab/Ir110/beef_vdw/OUTCAR,vasp_mol/CH3OCH3/beef_vdw/OUTCAR,
relaxed,Ir111,beef_vdw,CH3OCH3_Ir111,ok,-0.6263810900000166,complex: converged; slab: converged; molecule: converged,dft_jobs/CH3OCH3_Ir111/beef_vdw/OUTCAR,vasp_slab/Ir111/beef_vdw/OUTCAR,vasp_mol/CH3OCH3/beef_vdw/OUTCAR,
relaxed,Pd100,beef_vdw,CH3OCH3_Pd100,energy_review,-18.348847139999997,complex: converged; slab: converged; molecule: converged,dft_jobs/CH3OCH3_Pd100/beef_vdw/OUTCAR,vasp_slab/Pd100/beef_vdw/OUTCAR,vasp_mol/CH3OCH3/beef_vdw/OUTCAR,|E_ads| > 5 eV: review required; not evidence of failed convergence
relaxed,Pd110,beef_vdw,CH3OCH3_Pd110,energy_review,-12.455043179999997,complex: converged; slab: converged; molecule: converged,dft_jobs/CH3OCH3_Pd110/beef_vdw/OUTCAR,vasp_slab/Pd110/beef_vdw/OUTCAR,vasp_mol/CH3OCH3/beef_vdw/OUTCAR,|E_ads| > 5 eV: review required; not evidence of failed convergence
relaxed,Pd111,beef_vdw,CH3OCH3_Pd111,slab_mismatch,10.422527379999998,complex: converged; slab: converged; molecule: converged,dft_jobs/CH3OCH3_Pd111/beef_vdw/OUTCAR,vasp_slab/Pd111/beef_vdw/OUTCAR,vasp_mol/CH3OCH3/beef_vdw/OUTCAR,"slab size mismatch: complex has 36 Pd, reference has 64"
relaxed,Pt100,beef_vdw,CH3OCH3_Pt100,energy_review,-34.48678683000001,complex: converged; slab: converged; molecule: converged,dft_jobs/CH3OCH3_Pt100/beef_vdw/OUTCAR,vasp_slab/Pt100/beef_vdw/OUTCAR,vasp_mol/CH3OCH3/beef_vdw/OUTCAR,|E_ads| > 5 eV: review required; not evidence of failed convergence
relaxed,Pt110,beef_vdw,CH3OCH3_Pt110,energy_review,-23.32744632,complex: converged; slab: converged; molecule: converged,dft_jobs/CH3OCH3_Pt110/beef_vdw/OUTCAR,vasp_slab/Pt110/beef_vdw/OUTCAR,vasp_mol/CH3OCH3/beef_vdw/OUTCAR,|E_ads| > 5 eV: review required; not evidence of failed convergence
relaxed,Rh100,beef_vdw,CH3OCH3_Rh100,energy_review,-27.079501150000006,complex: converged; slab: converged; molecule: converged,dft_jobs/CH3OCH3_Rh100/beef_vdw/OUTCAR,vasp_slab/Rh100/beef_vdw/OUTCAR,vasp_mol/CH3OCH3/beef_vdw/OUTCAR,|E_ads| > 5 eV: review required; not evidence of failed convergence
relaxed,Rh110,beef_vdw,CH3OCH3_Rh110,energy_review,-18.396907389999996,complex: converged; slab: converged; molecule: converged,dft_jobs/CH3OCH3_Rh110/beef_vdw/OUTCAR,vasp_slab/Rh110/beef_vdw/OUTCAR,vasp_mol/CH3OCH3/beef_vdw/OUTCAR,|E_ads| > 5 eV: review required; not evidence of failed convergence
relaxed,Rh111,beef_vdw,CH3OCH3_Rh111,energy_review,-47.60689539,complex: converged; slab: converged; molecule: converged,dft_jobs/CH3OCH3_Rh111/beef_vdw/OUTCAR,vasp_slab/Rh111/beef_vdw/OUTCAR,vasp_mol/CH3OCH3/beef_vdw/OUTCAR,|E_ads| > 5 eV: review required; not evidence of failed convergence
relaxed,Pt111,beef_vdw,DME_Pt111_top,error,,complex: missing; slab: converged; molecule: converged,dft_jobs/DME_Pt111_top/beef_vdw/OUTCAR,vasp_slab/Pt111/beef_vdw/OUTCAR,vasp_mol/DME/beef_vdw/OUTCAR,Missing or non-finite component energy
SPE,Ag100,pbe,CH3OCH3_Ag100,potential_mismatch,-0.72949841,converged,/pscratch/sd/j/jcho5/VASP/dft_jobs/CH3OCH3_Ag100/singlepoint/PBE,/pscratch/sd/j/jcho5/VASP/vasp_slab/Ag100/PBE,/pscratch/sd/j/jcho5/VASP/completion_runs/dme_references_davidson_20260915/molecule/DME/PBE,Complex and reference PAW potential identities differ or are missing; energy retained only as diagnostic
SPE,Ag100,pbe_d3,CH3OCH3_Ag100,potential_mismatch,-0.95664831,converged,/pscratch/sd/j/jcho5/VASP/dft_jobs/CH3OCH3_Ag100/singlepoint/PBE_D3,/pscratch/sd/j/jcho5/VASP/vasp_slab/Ag100/PBE_D3,/pscratch/sd/j/jcho5/VASP/completion_runs/dme_references_davidson_20260915/molecule/DME/PBE_D3,Complex and reference PAW potential identities differ or are missing; energy retained only as diagnostic
SPE,Ag100,r2scan,CH3OCH3_Ag100,potential_mismatch,-1.2288311,converged,/pscratch/sd/j/jcho5/VASP/dft_jobs/CH3OCH3_Ag100/singlepoint/r2scan,/pscratch/sd/j/jcho5/VASP/vasp_slab/Ag100/r2scan,/pscratch/sd/j/jcho5/VASP/vasp_mol/CH3OCH3/r2scan,Complex and reference PAW potential identities differ or are missing; energy retained only as diagnostic
SPE,Ag100,beef_vdw,CH3OCH3_Ag100,potential_mismatch,-25.18966691,converged,/pscratch/sd/j/jcho5/VASP/dft_jobs/CH3OCH3_Ag100/singlepoint/beef_vdw,/pscratch/sd/j/jcho5/VASP/vasp_slab/Ag100/beef_vdw,/pscratch/sd/j/jcho5/VASP/vasp_mol/CH3OCH3/beef_vdw,Complex and reference PAW potential identities differ or are missing; energy retained only as diagnostic
SPE,Ag110,pbe,CH3OCH3_Ag110,potential_mismatch,-0.54294323,converged,/pscratch/sd/j/jcho5/VASP/dft_jobs/CH3OCH3_Ag110/singlepoint/PBE,/pscratch/sd/j/jcho5/VASP/vasp_slab/Ag110/PBE,/pscratch/sd/j/jcho5/VASP/completion_runs/dme_references_davidson_20260915/molecule/DME/PBE,Complex and reference PAW potential identities differ or are missing; energy retained only as diagnostic
SPE,Ag110,pbe_d3,CH3OCH3_Ag110,potential_mismatch,-0.83724539,converged,/pscratch/sd/j/jcho5/VASP/dft_jobs/CH3OCH3_Ag110/singlepoint/PBE_D3,/pscratch/sd/j/jcho5/VASP/vasp_slab/Ag110/PBE_D3,/pscratch/sd/j/jcho5/VASP/completion_runs/dme_references_davidson_20260915/molecule/DME/PBE_D3,Complex and reference PAW potential identities differ or are missing; energy retained only as diagnostic
SPE,Ag110,r2scan,CH3OCH3_Ag110,potential_mismatch,-0.94755321,converged,/pscratch/sd/j/jcho5/VASP/dft_jobs/CH3OCH3_Ag110/singlepoint/r2scan,/pscratch/sd/j/jcho5/VASP/vasp_slab/Ag110/r2scan,/pscratch/sd/j/jcho5/VASP/vasp_mol/CH3OCH3/r2scan,Complex and reference PAW potential identities differ or are missing; energy retained only as diagnostic
SPE,Ag110,beef_vdw,CH3OCH3_Ag110,potential_mismatch,-16.89922738,converged,/pscratch/sd/j/jcho5/VASP/dft_jobs/CH3OCH3_Ag110/singlepoint/beef_vdw,/pscratch/sd/j/jcho5/VASP/vasp_slab/Ag110/beef_vdw,/pscratch/sd/j/jcho5/VASP/vasp_mol/CH3OCH3/beef_vdw,Complex and reference PAW potential identities differ or are missing; energy retained only as diagnostic
SPE,Ag111,pbe,CH3OCH3_Ag111,reference_unavailable,,converged,/pscratch/sd/j/jcho5/VASP/dft_jobs/CH3OCH3_Ag111/singlepoint/PBE,,/pscratch/sd/j/jcho5/VASP/completion_runs/dme_references_davidson_20260915/molecule/DME/PBE,No converged relaxed references with matching functional/composition
SPE,Ag111,pbe_d3,CH3OCH3_Ag111,reference_unavailable,,converged,/pscratch/sd/j/jcho5/VASP/dft_jobs/CH3OCH3_Ag111/singlepoint/PBE_D3,,/pscratch/sd/j/jcho5/VASP/completion_runs/dme_references_davidson_20260915/molecule/DME/PBE_D3,No converged relaxed references with matching functional/composition
SPE,Ag111,r2scan,CH3OCH3_Ag111,reference_unavailable,,converged,/pscratch/sd/j/jcho5/VASP/dft_jobs/CH3OCH3_Ag111/singlepoint/r2scan,,/pscratch/sd/j/jcho5/VASP/vasp_mol/CH3OCH3/r2scan,No converged relaxed references with matching functional/composition
SPE,Ag111,beef_vdw,CH3OCH3_Ag111,reference_unavailable,,converged,/pscratch/sd/j/jcho5/VASP/dft_jobs/CH3OCH3_Ag111/singlepoint/beef_vdw,,/pscratch/sd/j/jcho5/VASP/vasp_mol/CH3OCH3/beef_vdw,No converged relaxed references with matching functional/composition
SPE,Au100,pbe,CH3OCH3_Au100,reference_unavailable,,converged,/pscratch/sd/j/jcho5/VASP/dft_jobs/CH3OCH3_Au100/singlepoint/PBE,,/pscratch/sd/j/jcho5/VASP/completion_runs/dme_references_davidson_20260915/molecule/DME/PBE,No converged relaxed references with matching functional/composition
SPE,Au100,pbe_d3,CH3OCH3_Au100,reference_unavailable,,converged,/pscratch/sd/j/jcho5/VASP/dft_jobs/CH3OCH3_Au100/singlepoint/PBE_D3,,/pscratch/sd/j/jcho5/VASP/completion_runs/dme_references_davidson_20260915/molecule/DME/PBE_D3,No converged relaxed references with matching functional/composition
SPE,Au100,r2scan,CH3OCH3_Au100,reference_unavailable,,converged,/pscratch/sd/j/jcho5/VASP/dft_jobs/CH3OCH3_Au100/singlepoint/r2scan,,/pscratch/sd/j/jcho5/VASP/vasp_mol/CH3OCH3/r2scan,No converged relaxed references with matching functional/composition
SPE,Au100,beef_vdw,CH3OCH3_Au100,reference_unavailable,,converged,/pscratch/sd/j/jcho5/VASP/dft_jobs/CH3OCH3_Au100/singlepoint/beef_vdw,,/pscratch/sd/j/jcho5/VASP/vasp_mol/CH3OCH3/beef_vdw,No converged relaxed references with matching functional/composition
SPE,Au110,pbe,CH3OCH3_Au110,reference_unavailable,,converged,/pscratch/sd/j/jcho5/VASP/dft_jobs/CH3OCH3_Au110/singlepoint/PBE,,/pscratch/sd/j/jcho5/VASP/completion_runs/dme_references_davidson_20260915/molecule/DME/PBE,No converged relaxed references with matching functional/composition
SPE,Au110,pbe_d3,CH3OCH3_Au110,reference_unavailable,,converged,/pscratch/sd/j/jcho5/VASP/dft_jobs/CH3OCH3_Au110/singlepoint/PBE_D3,,/pscratch/sd/j/jcho5/VASP/completion_runs/dme_references_davidson_20260915/molecule/DME/PBE_D3,No converged relaxed references with matching functional/composition
SPE,Au110,r2scan,CH3OCH3_Au110,reference_unavailable,,converged,/pscratch/sd/j/jcho5/VASP/dft_jobs/CH3OCH3_Au110/singlepoint/r2scan,,/pscratch/sd/j/jcho5/VASP/vasp_mol/CH3OCH3/r2scan,No converged relaxed references with matching functional/composition
SPE,Au110,beef_vdw,CH3OCH3_Au110,reference_unavailable,,converged,/pscratch/sd/j/jcho5/VASP/dft_jobs/CH3OCH3_Au110/singlepoint/beef_vdw,,/pscratch/sd/j/jcho5/VASP/vasp_mol/CH3OCH3/beef_vdw,No converged relaxed references with matching functional/composition
SPE,Au111,pbe,CH3OCH3_Au111,reference_unavailable,,converged,/pscratch/sd/j/jcho5/VASP/dft_jobs/CH3OCH3_Au111/singlepoint/PBE,,/pscratch/sd/j/jcho5/VASP/completion_runs/dme_references_davidson_20260915/molecule/DME/PBE,No converged relaxed references with matching functional/composition
SPE,Au111,pbe_d3,CH3OCH3_Au111,reference_unavailable,,converged,/pscratch/sd/j/jcho5/VASP/dft_jobs/CH3OCH3_Au111/singlepoint/PBE_D3,,/pscratch/sd/j/jcho5/VASP/completion_runs/dme_references_davidson_20260915/molecule/DME/PBE_D3,No converged relaxed references with matching functional/composition
SPE,Au111,r2scan,CH3OCH3_Au111,reference_unavailable,,converged,/pscratch/sd/j/jcho5/VASP/dft_jobs/CH3OCH3_Au111/singlepoint/r2scan,,/pscratch/sd/j/jcho5/VASP/vasp_mol/CH3OCH3/r2scan,No converged relaxed references with matching functional/composition
SPE,Au111,beef_vdw,CH3OCH3_Au111,reference_unavailable,,converged,/pscratch/sd/j/jcho5/VASP/dft_jobs/CH3OCH3_Au111/singlepoint/beef_vdw,,/pscratch/sd/j/jcho5/VASP/vasp_mol/CH3OCH3/beef_vdw,No converged relaxed references with matching functional/composition
SPE,Cu100,pbe,CH3OCH3_Cu100,ok,-0.13396879,converged,/pscratch/sd/j/jcho5/VASP/dft_jobs/CH3OCH3_Cu100/singlepoint/PBE,/pscratch/sd/j/jcho5/VASP/vasp_slab/Cu100/PBE,/pscratch/sd/j/jcho5/VASP/completion_runs/dme_references_davidson_20260915/molecule/DME/PBE,NSW=0 complex; converged relaxed references; matching composition
SPE,Cu100,pbe_d3,CH3OCH3_Cu100,ok,-0.43964251,converged,/pscratch/sd/j/jcho5/VASP/dft_jobs/CH3OCH3_Cu100/singlepoint/PBE_D3,/pscratch/sd/j/jcho5/VASP/vasp_slab/Cu100/PBE_D3,/pscratch/sd/j/jcho5/VASP/completion_runs/dme_references_davidson_20260915/molecule/DME/PBE_D3,NSW=0 complex; converged relaxed references; matching composition
SPE,Cu100,r2scan,CH3OCH3_Cu100,ok,-0.04250435,converged,/pscratch/sd/j/jcho5/VASP/dft_jobs/CH3OCH3_Cu100/singlepoint/r2scan,/pscratch/sd/j/jcho5/VASP/vasp_slab/Cu100/r2scan,/pscratch/sd/j/jcho5/VASP/vasp_mol/CH3OCH3/r2scan,NSW=0 complex; converged relaxed references; matching composition
SPE,Cu100,beef_vdw,CH3OCH3_Cu100,ok,-0.41529782,converged,/pscratch/sd/j/jcho5/VASP/dft_jobs/CH3OCH3_Cu100/singlepoint/beef_vdw,/pscratch/sd/j/jcho5/VASP/completion_runs/site_gapfill_20260914/slab/C2H4_Cu100/beef_vdw,/pscratch/sd/j/jcho5/VASP/vasp_mol/CH3OCH3/beef_vdw,NSW=0 complex; converged relaxed references; matching composition
SPE,Cu110,pbe,CH3OCH3_Cu110,potential_mismatch,0.28311427,converged,/pscratch/sd/j/jcho5/VASP/dft_jobs/CH3OCH3_Cu110/singlepoint/PBE,/pscratch/sd/j/jcho5/VASP/vasp_slab/Cu110/PBE,/pscratch/sd/j/jcho5/VASP/completion_runs/dme_references_davidson_20260915/molecule/DME/PBE,Complex and reference PAW potential identities differ or are missing; energy retained only as diagnostic
SPE,Cu110,pbe_d3,CH3OCH3_Cu110,potential_mismatch,-0.1747244,converged,/pscratch/sd/j/jcho5/VASP/dft_jobs/CH3OCH3_Cu110/singlepoint/PBE_D3,/pscratch/sd/j/jcho5/VASP/vasp_slab/Cu110/PBE_D3,/pscratch/sd/j/jcho5/VASP/completion_runs/dme_references_davidson_20260915/molecule/DME/PBE_D3,Complex and reference PAW potential identities differ or are missing; energy retained only as diagnostic
SPE,Cu110,r2scan,CH3OCH3_Cu110,potential_mismatch,0.0961706,converged,/pscratch/sd/j/jcho5/VASP/dft_jobs/CH3OCH3_Cu110/singlepoint/r2scan,/pscratch/sd/j/jcho5/VASP/vasp_slab/Cu110/r2scan,/pscratch/sd/j/jcho5/VASP/vasp_mol/CH3OCH3/r2scan,Complex and reference PAW potential identities differ or are missing; energy retained only as diagnostic
SPE,Cu110,beef_vdw,CH3OCH3_Cu110,potential_mismatch,-31.24475886,converged,/pscratch/sd/j/jcho5/VASP/dft_jobs/CH3OCH3_Cu110/singlepoint/beef_vdw,/pscratch/sd/j/jcho5/VASP/vasp_slab/Cu110/beef_vdw,/pscratch/sd/j/jcho5/VASP/vasp_mol/CH3OCH3/beef_vdw,Complex and reference PAW potential identities differ or are missing; energy retained only as diagnostic
SPE,Cu111,pbe,CH3OCH3_Cu111,potential_mismatch,1.56845055,converged,/pscratch/sd/j/jcho5/VASP/dft_jobs/CH3OCH3_Cu111/singlepoint/PBE,/pscratch/sd/j/jcho5/VASP/vasp_slab/Cu111/PBE,/pscratch/sd/j/jcho5/VASP/completion_runs/dme_references_davidson_20260915/molecule/DME/PBE,Complex and reference PAW potential identities differ or are missing; energy retained only as diagnostic
SPE,Cu111,pbe_d3,CH3OCH3_Cu111,potential_mismatch,1.35361409,converged,/pscratch/sd/j/jcho5/VASP/dft_jobs/CH3OCH3_Cu111/singlepoint/PBE_D3,/pscratch/sd/j/jcho5/VASP/vasp_slab/Cu111/PBE_D3,/pscratch/sd/j/jcho5/VASP/completion_runs/dme_references_davidson_20260915/molecule/DME/PBE_D3,Complex and reference PAW potential identities differ or are missing; energy retained only as diagnostic
SPE,Cu111,r2scan,CH3OCH3_Cu111,potential_mismatch,1.55428926,converged,/pscratch/sd/j/jcho5/VASP/dft_jobs/CH3OCH3_Cu111/singlepoint/r2scan,/pscratch/sd/j/jcho5/VASP/vasp_slab/Cu111/r2scan,/pscratch/sd/j/jcho5/VASP/vasp_mol/CH3OCH3/r2scan,Complex and reference PAW potential identities differ or are missing; energy retained only as diagnostic
SPE,Cu111,beef_vdw,CH3OCH3_Cu111,potential_mismatch,-81.96401936,converged,/pscratch/sd/j/jcho5/VASP/dft_jobs/CH3OCH3_Cu111/singlepoint/beef_vdw,/pscratch/sd/j/jcho5/VASP/vasp_slab/Cu111/beef_vdw,/pscratch/sd/j/jcho5/VASP/vasp_mol/CH3OCH3/beef_vdw,Complex and reference PAW potential identities differ or are missing; energy retained only as diagnostic
SPE,Ir100,pbe,CH3OCH3_Ir100,ok,-0.30723141,converged,/pscratch/sd/j/jcho5/VASP/dft_jobs/CH3OCH3_Ir100/singlepoint/PBE,/pscratch/sd/j/jcho5/VASP/vasp_slab/Ir100/PBE,/pscratch/sd/j/jcho5/VASP/completion_runs/dme_references_davidson_20260915/molecule/DME/PBE,NSW=0 complex; converged relaxed references; matching composition
SPE,Ir100,pbe_d3,CH3OCH3_Ir100,ok,-0.83829914,converged,/pscratch/sd/j/jcho5/VASP/dft_jobs/CH3OCH3_Ir100/singlepoint/PBE_D3,/pscratch/sd/j/jcho5/VASP/vasp_slab/Ir100/PBE_D3,/pscratch/sd/j/jcho5/VASP/completion_runs/dme_references_davidson_20260915/molecule/DME/PBE_D3,NSW=0 complex; converged relaxed references; matching composition
SPE,Ir100,r2scan,CH3OCH3_Ir100,ok,-0.62889232,converged,/pscratch/sd/j/jcho5/VASP/dft_jobs/CH3OCH3_Ir100/singlepoint/r2scan,/pscratch/sd/j/jcho5/VASP/completion_runs/site_gapfill_20260914/slab/C2H4_Ir100/r2scan,/pscratch/sd/j/jcho5/VASP/vasp_mol/CH3OCH3/r2scan,NSW=0 complex; converged relaxed references; matching composition
SPE,Ir100,beef_vdw,CH3OCH3_Ir100,ok,-0.61456426,converged,/pscratch/sd/j/jcho5/VASP/dft_jobs/CH3OCH3_Ir100/singlepoint/beef_vdw,/pscratch/sd/j/jcho5/VASP/vasp_slab/Ir100/beef_vdw,/pscratch/sd/j/jcho5/VASP/vasp_mol/CH3OCH3/beef_vdw,NSW=0 complex; converged relaxed references; matching composition
SPE,Ir110,pbe,CH3OCH3_Ir110,ok,-0.49595715,converged,/pscratch/sd/j/jcho5/VASP/dft_jobs/CH3OCH3_Ir110/singlepoint/PBE,/pscratch/sd/j/jcho5/VASP/vasp_slab/Ir110/PBE,/pscratch/sd/j/jcho5/VASP/completion_runs/dme_references_davidson_20260915/molecule/DME/PBE,NSW=0 complex; converged relaxed references; matching composition
SPE,Ir110,pbe_d3,CH3OCH3_Ir110,ok,-1.01034103,converged,/pscratch/sd/j/jcho5/VASP/dft_jobs/CH3OCH3_Ir110/singlepoint/PBE_D3,/pscratch/sd/j/jcho5/VASP/vasp_slab/Ir110/PBE_D3,/pscratch/sd/j/jcho5/VASP/completion_runs/dme_references_davidson_20260915/molecule/DME/PBE_D3,NSW=0 complex; converged relaxed references; matching composition
SPE,Ir110,r2scan,CH3OCH3_Ir110,ok,-0.69526785,converged,/pscratch/sd/j/jcho5/VASP/dft_jobs/CH3OCH3_Ir110/singlepoint/r2scan,/pscratch/sd/j/jcho5/VASP/vasp_slab/Ir110/r2scan,/pscratch/sd/j/jcho5/VASP/vasp_mol/CH3OCH3/r2scan,NSW=0 complex; converged relaxed references; matching composition
SPE,Ir110,beef_vdw,CH3OCH3_Ir110,ok,-0.89116866,converged,/pscratch/sd/j/jcho5/VASP/dft_jobs/CH3OCH3_Ir110/singlepoint/beef_vdw,/pscratch/sd/j/jcho5/VASP/vasp_slab/Ir110/beef_vdw,/pscratch/sd/j/jcho5/VASP/vasp_mol/CH3OCH3/beef_vdw,NSW=0 complex; converged relaxed references; matching composition
SPE,Ir111,pbe,CH3OCH3_Ir111,ok,-0.16653728,converged,/pscratch/sd/j/jcho5/VASP/dft_jobs/CH3OCH3_Ir111/singlepoint/PBE,/pscratch/sd/j/jcho5/VASP/vasp_slab/Ir111/PBE,/pscratch/sd/j/jcho5/VASP/completion_runs/dme_references_davidson_20260915/molecule/DME/PBE,NSW=0 complex; converged relaxed references; matching composition
SPE,Ir111,pbe_d3,CH3OCH3_Ir111,ok,-0.53503094,converged,/pscratch/sd/j/jcho5/VASP/dft_jobs/CH3OCH3_Ir111/singlepoint/PBE_D3,/pscratch/sd/j/jcho5/VASP/vasp_slab/Ir111/PBE_D3,/pscratch/sd/j/jcho5/VASP/completion_runs/dme_references_davidson_20260915/molecule/DME/PBE_D3,NSW=0 complex; converged relaxed references; matching composition
SPE,Ir111,r2scan,CH3OCH3_Ir111,ok,-0.28281186,converged,/pscratch/sd/j/jcho5/VASP/dft_jobs/CH3OCH3_Ir111/singlepoint/r2scan,/pscratch/sd/j/jcho5/VASP/vasp_slab/Ir111/r2scan,/pscratch/sd/j/jcho5/VASP/vasp_mol/CH3OCH3/r2scan,NSW=0 complex; converged relaxed references; matching composition
SPE,Ir111,beef_vdw,CH3OCH3_Ir111,ok,-0.58705258,converged,/pscratch/sd/j/jcho5/VASP/dft_jobs/CH3OCH3_Ir111/singlepoint/beef_vdw,/pscratch/sd/j/jcho5/VASP/vasp_slab/Ir111/beef_vdw,/pscratch/sd/j/jcho5/VASP/vasp_mol/CH3OCH3/beef_vdw,NSW=0 complex; converged relaxed references; matching composition
SPE,Pd100,pbe,CH3OCH3_Pd100,potential_mismatch,-0.31054726,converged,/pscratch/sd/j/jcho5/VASP/dft_jobs/CH3OCH3_Pd100/singlepoint/PBE,/pscratch/sd/j/jcho5/VASP/vasp_slab/Pd100/PBE,/pscratch/sd/j/jcho5/VASP/completion_runs/dme_references_davidson_20260915/molecule/DME/PBE,Complex and reference PAW potential identities differ or are missing; energy retained only as diagnostic
SPE,Pd100,pbe_d3,CH3OCH3_Pd100,potential_mismatch,-0.76416275,converged,/pscratch/sd/j/jcho5/VASP/dft_jobs/CH3OCH3_Pd100/singlepoint/PBE_D3,/pscratch/sd/j/jcho5/VASP/vasp_slab/Pd100/PBE_D3,/pscratch/sd/j/jcho5/VASP/completion_runs/dme_references_davidson_20260915/molecule/DME/PBE_D3,Complex and reference PAW potential identities differ or are missing; energy retained only as diagnostic
SPE,Pd100,r2scan,CH3OCH3_Pd100,potential_mismatch,-0.61594217,converged,/pscratch/sd/j/jcho5/VASP/dft_jobs/CH3OCH3_Pd100/singlepoint/r2scan,/pscratch/sd/j/jcho5/VASP/vasp_slab/Pd100/r2scan,/pscratch/sd/j/jcho5/VASP/vasp_mol/CH3OCH3/r2scan,Complex and reference PAW potential identities differ or are missing; energy retained only as diagnostic
SPE,Pd100,beef_vdw,CH3OCH3_Pd100,potential_mismatch,-18.19651834,converged,/pscratch/sd/j/jcho5/VASP/dft_jobs/CH3OCH3_Pd100/singlepoint/beef_vdw,/pscratch/sd/j/jcho5/VASP/vasp_slab/Pd100/beef_vdw,/pscratch/sd/j/jcho5/VASP/vasp_mol/CH3OCH3/beef_vdw,Complex and reference PAW potential identities differ or are missing; energy retained only as diagnostic
SPE,Pd110,pbe,CH3OCH3_Pd110,potential_mismatch,-0.33259143,converged,/pscratch/sd/j/jcho5/VASP/dft_jobs/CH3OCH3_Pd110/singlepoint/PBE,/pscratch/sd/j/jcho5/VASP/vasp_slab/Pd110/PBE,/pscratch/sd/j/jcho5/VASP/completion_runs/dme_references_davidson_20260915/molecule/DME/PBE,Complex and reference PAW potential identities differ or are missing; energy retained only as diagnostic
SPE,Pd110,pbe_d3,CH3OCH3_Pd110,potential_mismatch,-0.82039592,converged,/pscratch/sd/j/jcho5/VASP/dft_jobs/CH3OCH3_Pd110/singlepoint/PBE_D3,/pscratch/sd/j/jcho5/VASP/vasp_slab/Pd110/PBE_D3,/pscratch/sd/j/jcho5/VASP/completion_runs/dme_references_davidson_20260915/molecule/DME/PBE_D3,Complex and reference PAW potential identities differ or are missing; energy retained only as diagnostic
SPE,Pd110,r2scan,CH3OCH3_Pd110,potential_mismatch,-0.63859028,converged,/pscratch/sd/j/jcho5/VASP/dft_jobs/CH3OCH3_Pd110/singlepoint/r2scan,/pscratch/sd/j/jcho5/VASP/vasp_slab/Pd110/r2scan,/pscratch/sd/j/jcho5/VASP/vasp_mol/CH3OCH3/r2scan,Complex and reference PAW potential identities differ or are missing; energy retained only as diagnostic
SPE,Pd110,beef_vdw,CH3OCH3_Pd110,potential_mismatch,-12.35181471,converged,/pscratch/sd/j/jcho5/VASP/dft_jobs/CH3OCH3_Pd110/singlepoint/beef_vdw,/pscratch/sd/j/jcho5/VASP/vasp_slab/Pd110/beef_vdw,/pscratch/sd/j/jcho5/VASP/vasp_mol/CH3OCH3/beef_vdw,Complex and reference PAW potential identities differ or are missing; energy retained only as diagnostic
SPE,Pd111,pbe,CH3OCH3_Pd111,reference_unavailable,,converged,/pscratch/sd/j/jcho5/VASP/dft_jobs/CH3OCH3_Pd111/singlepoint/PBE,,/pscratch/sd/j/jcho5/VASP/completion_runs/dme_references_davidson_20260915/molecule/DME/PBE,No converged relaxed references with matching functional/composition
SPE,Pd111,pbe_d3,CH3OCH3_Pd111,reference_unavailable,,converged,/pscratch/sd/j/jcho5/VASP/dft_jobs/CH3OCH3_Pd111/singlepoint/PBE_D3,,/pscratch/sd/j/jcho5/VASP/completion_runs/dme_references_davidson_20260915/molecule/DME/PBE_D3,No converged relaxed references with matching functional/composition
SPE,Pd111,r2scan,CH3OCH3_Pd111,reference_unavailable,,converged,/pscratch/sd/j/jcho5/VASP/dft_jobs/CH3OCH3_Pd111/singlepoint/r2scan,,/pscratch/sd/j/jcho5/VASP/vasp_mol/CH3OCH3/r2scan,No converged relaxed references with matching functional/composition
SPE,Pd111,beef_vdw,CH3OCH3_Pd111,reference_unavailable,,converged,/pscratch/sd/j/jcho5/VASP/dft_jobs/CH3OCH3_Pd111/singlepoint/beef_vdw,,/pscratch/sd/j/jcho5/VASP/vasp_mol/CH3OCH3/beef_vdw,No converged relaxed references with matching functional/composition
SPE,Pt100,pbe,CH3OCH3_Pt100,potential_mismatch,-0.63513,converged,/pscratch/sd/j/jcho5/VASP/dft_jobs/CH3OCH3_Pt100/singlepoint/PBE,/pscratch/sd/j/jcho5/VASP/vasp_slab/Pt100/PBE,/pscratch/sd/j/jcho5/VASP/completion_runs/dme_references_davidson_20260915/molecule/DME/PBE,Complex and reference PAW potential identities differ or are missing; energy retained only as diagnostic
SPE,Pt100,pbe_d3,CH3OCH3_Pt100,potential_mismatch,-1.18584605,converged,/pscratch/sd/j/jcho5/VASP/dft_jobs/CH3OCH3_Pt100/singlepoint/PBE_D3,/pscratch/sd/j/jcho5/VASP/vasp_slab/Pt100/PBE_D3,/pscratch/sd/j/jcho5/VASP/completion_runs/dme_references_davidson_20260915/molecule/DME/PBE_D3,Complex and reference PAW potential identities differ or are missing; energy retained only as diagnostic
SPE,Pt100,r2scan,CH3OCH3_Pt100,potential_mismatch,-1.16011469,converged,/pscratch/sd/j/jcho5/VASP/dft_jobs/CH3OCH3_Pt100/singlepoint/r2scan,/pscratch/sd/j/jcho5/VASP/vasp_slab/Pt100/r2scan,/pscratch/sd/j/jcho5/VASP/vasp_mol/CH3OCH3/r2scan,Complex and reference PAW potential identities differ or are missing; energy retained only as diagnostic
SPE,Pt100,beef_vdw,CH3OCH3_Pt100,potential_mismatch,-34.3205486,converged,/pscratch/sd/j/jcho5/VASP/dft_jobs/CH3OCH3_Pt100/singlepoint/beef_vdw,/pscratch/sd/j/jcho5/VASP/vasp_slab/Pt100/beef_vdw,/pscratch/sd/j/jcho5/VASP/vasp_mol/CH3OCH3/beef_vdw,Complex and reference PAW potential identities differ or are missing; energy retained only as diagnostic
SPE,Pt110,pbe,CH3OCH3_Pt110,potential_mismatch,-0.60267227,converged,/pscratch/sd/j/jcho5/VASP/dft_jobs/CH3OCH3_Pt110/singlepoint/PBE,/pscratch/sd/j/jcho5/VASP/vasp_slab/Pt110/PBE,/pscratch/sd/j/jcho5/VASP/completion_runs/dme_references_davidson_20260915/molecule/DME/PBE,Complex and reference PAW potential identities differ or are missing; energy retained only as diagnostic
SPE,Pt110,pbe_d3,CH3OCH3_Pt110,potential_mismatch,-1.23148258,converged,/pscratch/sd/j/jcho5/VASP/dft_jobs/CH3OCH3_Pt110/singlepoint/PBE_D3,/pscratch/sd/j/jcho5/VASP/vasp_slab/Pt110/PBE_D3,/pscratch/sd/j/jcho5/VASP/completion_runs/dme_references_davidson_20260915/molecule/DME/PBE_D3,Complex and reference PAW potential identities differ or are missing; energy retained only as diagnostic
SPE,Pt110,r2scan,CH3OCH3_Pt110,potential_mismatch,-0.98026857,converged,/pscratch/sd/j/jcho5/VASP/dft_jobs/CH3OCH3_Pt110/singlepoint/r2scan,/pscratch/sd/j/jcho5/VASP/vasp_slab/Pt110/r2scan,/pscratch/sd/j/jcho5/VASP/vasp_mol/CH3OCH3/r2scan,Complex and reference PAW potential identities differ or are missing; energy retained only as diagnostic
SPE,Pt110,beef_vdw,CH3OCH3_Pt110,potential_mismatch,-23.25618684,converged,/pscratch/sd/j/jcho5/VASP/dft_jobs/CH3OCH3_Pt110/singlepoint/beef_vdw,/pscratch/sd/j/jcho5/VASP/vasp_slab/Pt110/beef_vdw,/pscratch/sd/j/jcho5/VASP/vasp_mol/CH3OCH3/beef_vdw,Complex and reference PAW potential identities differ or are missing; energy retained only as diagnostic
SPE,Rh100,pbe,CH3OCH3_Rh100,potential_mismatch,-0.60058257,converged,/pscratch/sd/j/jcho5/VASP/dft_jobs/CH3OCH3_Rh100/singlepoint/PBE,/pscratch/sd/j/jcho5/VASP/vasp_slab/Rh100/PBE,/pscratch/sd/j/jcho5/VASP/completion_runs/dme_references_davidson_20260915/molecule/DME/PBE,Complex and reference PAW potential identities differ or are missing; energy retained only as diagnostic
SPE,Rh100,pbe_d3,CH3OCH3_Rh100,potential_mismatch,-1.06909558,converged,/pscratch/sd/j/jcho5/VASP/dft_jobs/CH3OCH3_Rh100/singlepoint/PBE_D3,/pscratch/sd/j/jcho5/VASP/vasp_slab/Rh100/PBE_D3,/pscratch/sd/j/jcho5/VASP/completion_runs/dme_references_davidson_20260915/molecule/DME/PBE_D3,Complex and reference PAW potential identities differ or are missing; energy retained only as diagnostic
SPE,Rh100,r2scan,CH3OCH3_Rh100,potential_mismatch,-0.93279263,converged,/pscratch/sd/j/jcho5/VASP/dft_jobs/CH3OCH3_Rh100/singlepoint/r2scan,/pscratch/sd/j/jcho5/VASP/vasp_slab/Rh100/r2scan,/pscratch/sd/j/jcho5/VASP/vasp_mol/CH3OCH3/r2scan,Complex and reference PAW potential identities differ or are missing; energy retained only as diagnostic
SPE,Rh100,beef_vdw,CH3OCH3_Rh100,complex_unconverged,,electronic_unconverged,/pscratch/sd/j/jcho5/VASP/dft_jobs/CH3OCH3_Rh100/singlepoint/beef_vdw,/pscratch/sd/j/jcho5/VASP/vasp_slab/Rh100/beef_vdw,/pscratch/sd/j/jcho5/VASP/vasp_mol/CH3OCH3/beef_vdw,electronic_unconverged
SPE,Rh110,pbe,CH3OCH3_Rh110,potential_mismatch,-0.61641523,converged,/pscratch/sd/j/jcho5/VASP/dft_jobs/CH3OCH3_Rh110/singlepoint/PBE,/pscratch/sd/j/jcho5/VASP/vasp_slab/Rh110/PBE,/pscratch/sd/j/jcho5/VASP/completion_runs/dme_references_davidson_20260915/molecule/DME/PBE,Complex and reference PAW potential identities differ or are missing; energy retained only as diagnostic
SPE,Rh110,pbe_d3,CH3OCH3_Rh110,potential_mismatch,-1.13499984,converged,/pscratch/sd/j/jcho5/VASP/dft_jobs/CH3OCH3_Rh110/singlepoint/PBE_D3,/pscratch/sd/j/jcho5/VASP/vasp_slab/Rh110/PBE_D3,/pscratch/sd/j/jcho5/VASP/completion_runs/dme_references_davidson_20260915/molecule/DME/PBE_D3,Complex and reference PAW potential identities differ or are missing; energy retained only as diagnostic
SPE,Rh110,r2scan,CH3OCH3_Rh110,potential_mismatch,-0.76020355,converged,/pscratch/sd/j/jcho5/VASP/dft_jobs/CH3OCH3_Rh110/singlepoint/r2scan,/pscratch/sd/j/jcho5/VASP/vasp_slab/Rh110/r2scan,/pscratch/sd/j/jcho5/VASP/vasp_mol/CH3OCH3/r2scan,Complex and reference PAW potential identities differ or are missing; energy retained only as diagnostic
SPE,Rh110,beef_vdw,CH3OCH3_Rh110,potential_mismatch,-18.3316263,converged,/pscratch/sd/j/jcho5/VASP/dft_jobs/CH3OCH3_Rh110/singlepoint/beef_vdw,/pscratch/sd/j/jcho5/VASP/vasp_slab/Rh110/beef_vdw,/pscratch/sd/j/jcho5/VASP/vasp_mol/CH3OCH3/beef_vdw,Complex and reference PAW potential identities differ or are missing; energy retained only as diagnostic
SPE,Rh111,pbe,CH3OCH3_Rh111,potential_mismatch,-0.83265029,converged,/pscratch/sd/j/jcho5/VASP/dft_jobs/CH3OCH3_Rh111/singlepoint/PBE,/pscratch/sd/j/jcho5/VASP/vasp_slab/Rh111/PBE,/pscratch/sd/j/jcho5/VASP/completion_runs/dme_references_davidson_20260915/molecule/DME/PBE,Complex and reference PAW potential identities differ or are missing; energy retained only as diagnostic
SPE,Rh111,pbe_d3,CH3OCH3_Rh111,potential_mismatch,-1.14127235,converged,/pscratch/sd/j/jcho5/VASP/dft_jobs/CH3OCH3_Rh111/singlepoint/PBE_D3,/pscratch/sd/j/jcho5/VASP/vasp_slab/Rh111/PBE_D3,/pscratch/sd/j/jcho5/VASP/completion_runs/dme_references_davidson_20260915/molecule/DME/PBE_D3,Complex and reference PAW potential identities differ or are missing; energy retained only as diagnostic
SPE,Rh111,r2scan,CH3OCH3_Rh111,potential_mismatch,-1.1232631,converged,/pscratch/sd/j/jcho5/VASP/dft_jobs/CH3OCH3_Rh111/singlepoint/r2scan,/pscratch/sd/j/jcho5/VASP/vasp_slab/Rh111/r2scan,/pscratch/sd/j/jcho5/VASP/vasp_mol/CH3OCH3/r2scan,Complex and reference PAW potential identities differ or are missing; energy retained only as diagnostic
SPE,Rh111,beef_vdw,CH3OCH3_Rh111,potential_mismatch,-47.5456619,converged,/pscratch/sd/j/jcho5/VASP/dft_jobs/CH3OCH3_Rh111/singlepoint/beef_vdw,/pscratch/sd/j/jcho5/VASP/vasp_slab/Rh111/beef_vdw,/pscratch/sd/j/jcho5/VASP/vasp_mol/CH3OCH3/beef_vdw,Complex and reference PAW potential identities differ or are missing; energy retained only as diagnostic
SPE,Pt111,pbe,DME_Pt111_top,reference_unavailable,,converged,/pscratch/sd/j/jcho5/VASP/dft_jobs/DME_Pt111_top/singlepoint/PBE,,/pscratch/sd/j/jcho5/VASP/completion_runs/dme_references_davidson_20260915/molecule/DME/PBE,No converged relaxed references with matching functional/composition
SPE,Pt111,pbe_d3,DME_Pt111_top,reference_unavailable,,converged,/pscratch/sd/j/jcho5/VASP/dft_jobs/DME_Pt111_top/singlepoint/PBE_D3,,/pscratch/sd/j/jcho5/VASP/completion_runs/dme_references_davidson_20260915/molecule/DME/PBE_D3,No converged relaxed references with matching functional/composition
SPE,Pt111,r2scan,DME_Pt111_top,reference_unavailable,,converged,/pscratch/sd/j/jcho5/VASP/dft_jobs/DME_Pt111_top/singlepoint/r2scan,,/pscratch/sd/j/jcho5/VASP/vasp_mol/DME/r2scan,No converged relaxed references with matching functional/composition
SPE,Pt111,beef_vdw,DME_Pt111_top,reference_unavailable,,converged,/pscratch/sd/j/jcho5/VASP/dft_jobs/DME_Pt111_top/singlepoint/beef_vdw,,/pscratch/sd/j/jcho5/VASP/vasp_mol/DME/beef_vdw,No converged relaxed references with matching functional/composition
