tree,directory,molecule_token,canonical_molecule,appears_on_page
dft_jobs,/pscratch/sd/j/jcho5/VASP/dft_jobs/C2H2_Ag100,C2H2,acetylene,False
dft_jobs,/pscratch/sd/j/jcho5/VASP/dft_jobs/C2H2_Ag110,C2H2,acetylene,False
dft_jobs,/pscratch/sd/j/jcho5/VASP/dft_jobs/C2H2_Ag111,C2H2,acetylene,False
dft_jobs,/pscratch/sd/j/jcho5/VASP/dft_jobs/C2H2_Au100,C2H2,acetylene,False
dft_jobs,/pscratch/sd/j/jcho5/VASP/dft_jobs/C2H2_Au110,C2H2,acetylene,False
dft_jobs,/pscratch/sd/j/jcho5/VASP/dft_jobs/C2H2_Au111,C2H2,acetylene,False
dft_jobs,/pscratch/sd/j/jcho5/VASP/dft_jobs/C2H2_Ir100,C2H2,acetylene,False
dft_jobs,/pscratch/sd/j/jcho5/VASP/dft_jobs/C2H2_Ir110,C2H2,acetylene,False
dft_jobs,/pscratch/sd/j/jcho5/VASP/dft_jobs/C2H2_Ir111,C2H2,acetylene,False
dft_jobs,/pscratch/sd/j/jcho5/VASP/dft_jobs/C2H2_Pd111_bri,C2H2,acetylene,False
dft_jobs,/pscratch/sd/j/jcho5/VASP/dft_jobs/C2H2_Rh100,C2H2,acetylene,False
dft_jobs,/pscratch/sd/j/jcho5/VASP/dft_jobs/C2H2_Rh110,C2H2,acetylene,False
dft_jobs,/pscratch/sd/j/jcho5/VASP/dft_jobs/C2H2_Rh111,C2H2,acetylene,False
dft_jobs,/pscratch/sd/j/jcho5/VASP/dft_jobs/C2H4_Ag100,C2H4,ethene,True
dft_jobs,/pscratch/sd/j/jcho5/VASP/dft_jobs/C2H4_Ag110,C2H4,ethene,True
dft_jobs,/pscratch/sd/j/jcho5/VASP/dft_jobs/C2H4_Ag111,C2H4,ethene,True
dft_jobs,/pscratch/sd/j/jcho5/VASP/dft_jobs/C2H4_Au100,C2H4,ethene,True
dft_jobs,/pscratch/sd/j/jcho5/VASP/dft_jobs/C2H4_Au110,C2H4,ethene,True
dft_jobs,/pscratch/sd/j/jcho5/VASP/dft_jobs/C2H4_Au111,C2H4,ethene,True
dft_jobs,/pscratch/sd/j/jcho5/VASP/dft_jobs/C2H4_Cu100,C2H4,ethene,True
dft_jobs,/pscratch/sd/j/jcho5/VASP/dft_jobs/C2H4_Cu110,C2H4,ethene,True
dft_jobs,/pscratch/sd/j/jcho5/VASP/dft_jobs/C2H4_Cu111,C2H4,ethene,True
dft_jobs,/pscratch/sd/j/jcho5/VASP/dft_jobs/C2H4_Ir100,C2H4,ethene,True
dft_jobs,/pscratch/sd/j/jcho5/VASP/dft_jobs/C2H4_Ir110,C2H4,ethene,True
dft_jobs,/pscratch/sd/j/jcho5/VASP/dft_jobs/C2H4_Ir111,C2H4,ethene,True
dft_jobs,/pscratch/sd/j/jcho5/VASP/dft_jobs/C2H4_Pd100,C2H4,ethene,True
dft_jobs,/pscratch/sd/j/jcho5/VASP/dft_jobs/C2H4_Pd110,C2H4,ethene,True
dft_jobs,/pscratch/sd/j/jcho5/VASP/dft_jobs/C2H4_Pd111,C2H4,ethene,True
dft_jobs,/pscratch/sd/j/jcho5/VASP/dft_jobs/C2H4_Pt100,C2H4,ethene,True
dft_jobs,/pscratch/sd/j/jcho5/VASP/dft_jobs/C2H4_Pt110,C2H4,ethene,True
dft_jobs,/pscratch/sd/j/jcho5/VASP/dft_jobs/C2H4_Pt111_bri,C2H4,ethene,True
dft_jobs,/pscratch/sd/j/jcho5/VASP/dft_jobs/C2H4_Rh100,C2H4,ethene,True
dft_jobs,/pscratch/sd/j/jcho5/VASP/dft_jobs/C2H4_Rh110,C2H4,ethene,True
dft_jobs,/pscratch/sd/j/jcho5/VASP/dft_jobs/C2H4_Rh111,C2H4,ethene,True
dft_jobs,/pscratch/sd/j/jcho5/VASP/dft_jobs/C2H5OH_Pt111_top,C2H5OH,ethanol,True
dft_jobs,/pscratch/sd/j/jcho5/VASP/dft_jobs/C2H6_Ag100,C2H6,ethane,True
dft_jobs,/pscratch/sd/j/jcho5/VASP/dft_jobs/C2H6_Ag110,C2H6,ethane,True
dft_jobs,/pscratch/sd/j/jcho5/VASP/dft_jobs/C2H6_Ag111,C2H6,ethane,True
dft_jobs,/pscratch/sd/j/jcho5/VASP/dft_jobs/C2H6_Au100,C2H6,ethane,True
dft_jobs,/pscratch/sd/j/jcho5/VASP/dft_jobs/C2H6_Au110,C2H6,ethane,True
dft_jobs,/pscratch/sd/j/jcho5/VASP/dft_jobs/C2H6_Au111,C2H6,ethane,True
dft_jobs,/pscratch/sd/j/jcho5/VASP/dft_jobs/C2H6_Cu100,C2H6,ethane,True
dft_jobs,/pscratch/sd/j/jcho5/VASP/dft_jobs/C2H6_Cu110,C2H6,ethane,True
dft_jobs,/pscratch/sd/j/jcho5/VASP/dft_jobs/C2H6_Cu111,C2H6,ethane,True
dft_jobs,/pscratch/sd/j/jcho5/VASP/dft_jobs/C2H6_Ir100,C2H6,ethane,True
dft_jobs,/pscratch/sd/j/jcho5/VASP/dft_jobs/C2H6_Ir110,C2H6,ethane,True
dft_jobs,/pscratch/sd/j/jcho5/VASP/dft_jobs/C2H6_Ir111,C2H6,ethane,True
dft_jobs,/pscratch/sd/j/jcho5/VASP/dft_jobs/C2H6_Pd100,C2H6,ethane,True
dft_jobs,/pscratch/sd/j/jcho5/VASP/dft_jobs/C2H6_Pd110,C2H6,ethane,True
dft_jobs,/pscratch/sd/j/jcho5/VASP/dft_jobs/C2H6_Pd111,C2H6,ethane,True
dft_jobs,/pscratch/sd/j/jcho5/VASP/dft_jobs/C2H6_Pt100,C2H6,ethane,True
dft_jobs,/pscratch/sd/j/jcho5/VASP/dft_jobs/C2H6_Pt110,C2H6,ethane,True
dft_jobs,/pscratch/sd/j/jcho5/VASP/dft_jobs/C2H6_Rh100,C2H6,ethane,True
dft_jobs,/pscratch/sd/j/jcho5/VASP/dft_jobs/C2H6_Rh110,C2H6,ethane,True
dft_jobs,/pscratch/sd/j/jcho5/VASP/dft_jobs/C2H6_Rh111,C2H6,ethane,True
dft_jobs,/pscratch/sd/j/jcho5/VASP/dft_jobs/CH3CH2OH_Ag100,CH3CH2OH,ethanol,True
dft_jobs,/pscratch/sd/j/jcho5/VASP/dft_jobs/CH3CH2OH_Ag110,CH3CH2OH,ethanol,True
dft_jobs,/pscratch/sd/j/jcho5/VASP/dft_jobs/CH3CH2OH_Ag111,CH3CH2OH,ethanol,True
dft_jobs,/pscratch/sd/j/jcho5/VASP/dft_jobs/CH3CH2OH_Au100,CH3CH2OH,ethanol,True
dft_jobs,/pscratch/sd/j/jcho5/VASP/dft_jobs/CH3CH2OH_Au110,CH3CH2OH,ethanol,True
dft_jobs,/pscratch/sd/j/jcho5/VASP/dft_jobs/CH3CH2OH_Au111,CH3CH2OH,ethanol,True
dft_jobs,/pscratch/sd/j/jcho5/VASP/dft_jobs/CH3CH2OH_Cu100,CH3CH2OH,ethanol,True
dft_jobs,/pscratch/sd/j/jcho5/VASP/dft_jobs/CH3CH2OH_Cu110,CH3CH2OH,ethanol,True
dft_jobs,/pscratch/sd/j/jcho5/VASP/dft_jobs/CH3CH2OH_Cu111,CH3CH2OH,ethanol,True
dft_jobs,/pscratch/sd/j/jcho5/VASP/dft_jobs/CH3CH2OH_Ir100,CH3CH2OH,ethanol,True
dft_jobs,/pscratch/sd/j/jcho5/VASP/dft_jobs/CH3CH2OH_Ir110,CH3CH2OH,ethanol,True
dft_jobs,/pscratch/sd/j/jcho5/VASP/dft_jobs/CH3CH2OH_Ir111,CH3CH2OH,ethanol,True
dft_jobs,/pscratch/sd/j/jcho5/VASP/dft_jobs/CH3CH2OH_Pd100,CH3CH2OH,ethanol,True
dft_jobs,/pscratch/sd/j/jcho5/VASP/dft_jobs/CH3CH2OH_Pd110,CH3CH2OH,ethanol,True
dft_jobs,/pscratch/sd/j/jcho5/VASP/dft_jobs/CH3CH2OH_Pd111,CH3CH2OH,ethanol,True
dft_jobs,/pscratch/sd/j/jcho5/VASP/dft_jobs/CH3CH2OH_Pt100,CH3CH2OH,ethanol,True
dft_jobs,/pscratch/sd/j/jcho5/VASP/dft_jobs/CH3CH2OH_Pt110,CH3CH2OH,ethanol,True
dft_jobs,/pscratch/sd/j/jcho5/VASP/dft_jobs/CH3CH2OH_Rh100,CH3CH2OH,ethanol,True
dft_jobs,/pscratch/sd/j/jcho5/VASP/dft_jobs/CH3CH2OH_Rh110,CH3CH2OH,ethanol,True
dft_jobs,/pscratch/sd/j/jcho5/VASP/dft_jobs/CH3CH2OH_Rh111,CH3CH2OH,ethanol,True
dft_jobs,/pscratch/sd/j/jcho5/VASP/dft_jobs/CH3CHO_Ag100,CH3CHO,acetaldehyde,True
dft_jobs,/pscratch/sd/j/jcho5/VASP/dft_jobs/CH3CHO_Ag110,CH3CHO,acetaldehyde,True
dft_jobs,/pscratch/sd/j/jcho5/VASP/dft_jobs/CH3CHO_Ag111,CH3CHO,acetaldehyde,True
dft_jobs,/pscratch/sd/j/jcho5/VASP/dft_jobs/CH3CHO_Au100,CH3CHO,acetaldehyde,True
dft_jobs,/pscratch/sd/j/jcho5/VASP/dft_jobs/CH3CHO_Au110,CH3CHO,acetaldehyde,True
dft_jobs,/pscratch/sd/j/jcho5/VASP/dft_jobs/CH3CHO_Au111,CH3CHO,acetaldehyde,True
dft_jobs,/pscratch/sd/j/jcho5/VASP/dft_jobs/CH3CHO_Cu100,CH3CHO,acetaldehyde,True
dft_jobs,/pscratch/sd/j/jcho5/VASP/dft_jobs/CH3CHO_Cu110,CH3CHO,acetaldehyde,True
dft_jobs,/pscratch/sd/j/jcho5/VASP/dft_jobs/CH3CHO_Cu111,CH3CHO,acetaldehyde,True
dft_jobs,/pscratch/sd/j/jcho5/VASP/dft_jobs/CH3CHO_Ir100,CH3CHO,acetaldehyde,True
dft_jobs,/pscratch/sd/j/jcho5/VASP/dft_jobs/CH3CHO_Ir110,CH3CHO,acetaldehyde,True
dft_jobs,/pscratch/sd/j/jcho5/VASP/dft_jobs/CH3CHO_Ir111,CH3CHO,acetaldehyde,True
dft_jobs,/pscratch/sd/j/jcho5/VASP/dft_jobs/CH3CHO_Pd100,CH3CHO,acetaldehyde,True
dft_jobs,/pscratch/sd/j/jcho5/VASP/dft_jobs/CH3CHO_Pd110,CH3CHO,acetaldehyde,True
dft_jobs,/pscratch/sd/j/jcho5/VASP/dft_jobs/CH3CHO_Pd111,CH3CHO,acetaldehyde,True
dft_jobs,/pscratch/sd/j/jcho5/VASP/dft_jobs/CH3CHO_Pt100,CH3CHO,acetaldehyde,True
dft_jobs,/pscratch/sd/j/jcho5/VASP/dft_jobs/CH3CHO_Pt110,CH3CHO,acetaldehyde,True
dft_jobs,/pscratch/sd/j/jcho5/VASP/dft_jobs/CH3CHO_Pt111_top,CH3CHO,acetaldehyde,True
dft_jobs,/pscratch/sd/j/jcho5/VASP/dft_jobs/CH3CHO_Rh100,CH3CHO,acetaldehyde,True
dft_jobs,/pscratch/sd/j/jcho5/VASP/dft_jobs/CH3CHO_Rh110,CH3CHO,acetaldehyde,True
dft_jobs,/pscratch/sd/j/jcho5/VASP/dft_jobs/CH3CHO_Rh111,CH3CHO,acetaldehyde,True
dft_jobs,/pscratch/sd/j/jcho5/VASP/dft_jobs/CH3COOH_Ag100,CH3COOH,acetic_acid,True
dft_jobs,/pscratch/sd/j/jcho5/VASP/dft_jobs/CH3COOH_Ag110,CH3COOH,acetic_acid,True
dft_jobs,/pscratch/sd/j/jcho5/VASP/dft_jobs/CH3COOH_Ag111,CH3COOH,acetic_acid,True
dft_jobs,/pscratch/sd/j/jcho5/VASP/dft_jobs/CH3COOH_Au100,CH3COOH,acetic_acid,True
dft_jobs,/pscratch/sd/j/jcho5/VASP/dft_jobs/CH3COOH_Au110,CH3COOH,acetic_acid,True
dft_jobs,/pscratch/sd/j/jcho5/VASP/dft_jobs/CH3COOH_Au111,CH3COOH,acetic_acid,True
dft_jobs,/pscratch/sd/j/jcho5/VASP/dft_jobs/CH3COOH_Cu100,CH3COOH,acetic_acid,True
dft_jobs,/pscratch/sd/j/jcho5/VASP/dft_jobs/CH3COOH_Cu110,CH3COOH,acetic_acid,True
dft_jobs,/pscratch/sd/j/jcho5/VASP/dft_jobs/CH3COOH_Cu111,CH3COOH,acetic_acid,True
dft_jobs,/pscratch/sd/j/jcho5/VASP/dft_jobs/CH3COOH_Ir100,CH3COOH,acetic_acid,True
dft_jobs,/pscratch/sd/j/jcho5/VASP/dft_jobs/CH3COOH_Ir110,CH3COOH,acetic_acid,True
dft_jobs,/pscratch/sd/j/jcho5/VASP/dft_jobs/CH3COOH_Ir111,CH3COOH,acetic_acid,True
dft_jobs,/pscratch/sd/j/jcho5/VASP/dft_jobs/CH3COOH_Pd100,CH3COOH,acetic_acid,True
dft_jobs,/pscratch/sd/j/jcho5/VASP/dft_jobs/CH3COOH_Pd110,CH3COOH,acetic_acid,True
dft_jobs,/pscratch/sd/j/jcho5/VASP/dft_jobs/CH3COOH_Pd111,CH3COOH,acetic_acid,True
dft_jobs,/pscratch/sd/j/jcho5/VASP/dft_jobs/CH3COOH_Pt100,CH3COOH,acetic_acid,True
dft_jobs,/pscratch/sd/j/jcho5/VASP/dft_jobs/CH3COOH_Pt110,CH3COOH,acetic_acid,True
dft_jobs,/pscratch/sd/j/jcho5/VASP/dft_jobs/CH3COOH_Pt111_top,CH3COOH,acetic_acid,True
dft_jobs,/pscratch/sd/j/jcho5/VASP/dft_jobs/CH3COOH_Rh100,CH3COOH,acetic_acid,True
dft_jobs,/pscratch/sd/j/jcho5/VASP/dft_jobs/CH3COOH_Rh110,CH3COOH,acetic_acid,True
dft_jobs,/pscratch/sd/j/jcho5/VASP/dft_jobs/CH3COOH_Rh111,CH3COOH,acetic_acid,True
dft_jobs,/pscratch/sd/j/jcho5/VASP/dft_jobs/CH3OCH3_Ag100,CH3OCH3,DME,True
dft_jobs,/pscratch/sd/j/jcho5/VASP/dft_jobs/CH3OCH3_Ag110,CH3OCH3,DME,True
dft_jobs,/pscratch/sd/j/jcho5/VASP/dft_jobs/CH3OCH3_Ag111,CH3OCH3,DME,True
dft_jobs,/pscratch/sd/j/jcho5/VASP/dft_jobs/CH3OCH3_Au100,CH3OCH3,DME,True
dft_jobs,/pscratch/sd/j/jcho5/VASP/dft_jobs/CH3OCH3_Au110,CH3OCH3,DME,True
dft_jobs,/pscratch/sd/j/jcho5/VASP/dft_jobs/CH3OCH3_Au111,CH3OCH3,DME,True
dft_jobs,/pscratch/sd/j/jcho5/VASP/dft_jobs/CH3OCH3_Cu100,CH3OCH3,DME,True
dft_jobs,/pscratch/sd/j/jcho5/VASP/dft_jobs/CH3OCH3_Cu110,CH3OCH3,DME,True
dft_jobs,/pscratch/sd/j/jcho5/VASP/dft_jobs/CH3OCH3_Cu111,CH3OCH3,DME,True
dft_jobs,/pscratch/sd/j/jcho5/VASP/dft_jobs/CH3OCH3_Ir100,CH3OCH3,DME,True
dft_jobs,/pscratch/sd/j/jcho5/VASP/dft_jobs/CH3OCH3_Ir110,CH3OCH3,DME,True
dft_jobs,/pscratch/sd/j/jcho5/VASP/dft_jobs/CH3OCH3_Ir111,CH3OCH3,DME,True
dft_jobs,/pscratch/sd/j/jcho5/VASP/dft_jobs/CH3OCH3_Pd100,CH3OCH3,DME,True
dft_jobs,/pscratch/sd/j/jcho5/VASP/dft_jobs/CH3OCH3_Pd110,CH3OCH3,DME,True
dft_jobs,/pscratch/sd/j/jcho5/VASP/dft_jobs/CH3OCH3_Pd111,CH3OCH3,DME,True
dft_jobs,/pscratch/sd/j/jcho5/VASP/dft_jobs/CH3OCH3_Pt100,CH3OCH3,DME,True
dft_jobs,/pscratch/sd/j/jcho5/VASP/dft_jobs/CH3OCH3_Pt110,CH3OCH3,DME,True
dft_jobs,/pscratch/sd/j/jcho5/VASP/dft_jobs/CH3OCH3_Rh100,CH3OCH3,DME,True
dft_jobs,/pscratch/sd/j/jcho5/VASP/dft_jobs/CH3OCH3_Rh110,CH3OCH3,DME,True
dft_jobs,/pscratch/sd/j/jcho5/VASP/dft_jobs/CH3OCH3_Rh111,CH3OCH3,DME,True
dft_jobs,/pscratch/sd/j/jcho5/VASP/dft_jobs/CH3OH_Ag100,CH3OH,methanol,True
dft_jobs,/pscratch/sd/j/jcho5/VASP/dft_jobs/CH3OH_Ag110,CH3OH,methanol,True
dft_jobs,/pscratch/sd/j/jcho5/VASP/dft_jobs/CH3OH_Ag111,CH3OH,methanol,True
dft_jobs,/pscratch/sd/j/jcho5/VASP/dft_jobs/CH3OH_Au100,CH3OH,methanol,True
dft_jobs,/pscratch/sd/j/jcho5/VASP/dft_jobs/CH3OH_Au110,CH3OH,methanol,True
dft_jobs,/pscratch/sd/j/jcho5/VASP/dft_jobs/CH3OH_Au111,CH3OH,methanol,True
dft_jobs,/pscratch/sd/j/jcho5/VASP/dft_jobs/CH3OH_Cu100,CH3OH,methanol,True
dft_jobs,/pscratch/sd/j/jcho5/VASP/dft_jobs/CH3OH_Cu110,CH3OH,methanol,True
dft_jobs,/pscratch/sd/j/jcho5/VASP/dft_jobs/CH3OH_Cu111_top,CH3OH,methanol,True
dft_jobs,/pscratch/sd/j/jcho5/VASP/dft_jobs/CH3OH_Ir100,CH3OH,methanol,True
dft_jobs,/pscratch/sd/j/jcho5/VASP/dft_jobs/CH3OH_Ir110,CH3OH,methanol,True
dft_jobs,/pscratch/sd/j/jcho5/VASP/dft_jobs/CH3OH_Ir111,CH3OH,methanol,True
dft_jobs,/pscratch/sd/j/jcho5/VASP/dft_jobs/CH3OH_Pd100,CH3OH,methanol,True
dft_jobs,/pscratch/sd/j/jcho5/VASP/dft_jobs/CH3OH_Pd110,CH3OH,methanol,True
dft_jobs,/pscratch/sd/j/jcho5/VASP/dft_jobs/CH3OH_Pd111,CH3OH,methanol,True
dft_jobs,/pscratch/sd/j/jcho5/VASP/dft_jobs/CH3OH_Pt100,CH3OH,methanol,True
dft_jobs,/pscratch/sd/j/jcho5/VASP/dft_jobs/CH3OH_Pt110,CH3OH,methanol,True
dft_jobs,/pscratch/sd/j/jcho5/VASP/dft_jobs/CH3OH_Pt111,CH3OH,methanol,True
dft_jobs,/pscratch/sd/j/jcho5/VASP/dft_jobs/CH3OH_Rh100,CH3OH,methanol,True
dft_jobs,/pscratch/sd/j/jcho5/VASP/dft_jobs/CH3OH_Rh110,CH3OH,methanol,True
dft_jobs,/pscratch/sd/j/jcho5/VASP/dft_jobs/CH3OH_Rh111,CH3OH,methanol,True
dft_jobs,/pscratch/sd/j/jcho5/VASP/dft_jobs/CH3O_Ag100,CH3O,methoxy,False
dft_jobs,/pscratch/sd/j/jcho5/VASP/dft_jobs/CH3O_Ag110,CH3O,methoxy,False
dft_jobs,/pscratch/sd/j/jcho5/VASP/dft_jobs/CH3O_Ag111,CH3O,methoxy,False
dft_jobs,/pscratch/sd/j/jcho5/VASP/dft_jobs/CH3O_Au100,CH3O,methoxy,False
dft_jobs,/pscratch/sd/j/jcho5/VASP/dft_jobs/CH3O_Au110,CH3O,methoxy,False
dft_jobs,/pscratch/sd/j/jcho5/VASP/dft_jobs/CH3O_Au111,CH3O,methoxy,False
dft_jobs,/pscratch/sd/j/jcho5/VASP/dft_jobs/CH3O_Cu111_fcc,CH3O,methoxy,False
dft_jobs,/pscratch/sd/j/jcho5/VASP/dft_jobs/CH3O_Ir100,CH3O,methoxy,False
dft_jobs,/pscratch/sd/j/jcho5/VASP/dft_jobs/CH3O_Ir110,CH3O,methoxy,False
dft_jobs,/pscratch/sd/j/jcho5/VASP/dft_jobs/CH3O_Ir111,CH3O,methoxy,False
dft_jobs,/pscratch/sd/j/jcho5/VASP/dft_jobs/CH3O_Rh100,CH3O,methoxy,False
dft_jobs,/pscratch/sd/j/jcho5/VASP/dft_jobs/CH3O_Rh110,CH3O,methoxy,False
dft_jobs,/pscratch/sd/j/jcho5/VASP/dft_jobs/CH3O_Rh111,CH3O,methoxy,False
dft_jobs,/pscratch/sd/j/jcho5/VASP/dft_jobs/CH3_Ag100,CH3,CH3,True
dft_jobs,/pscratch/sd/j/jcho5/VASP/dft_jobs/CH3_Ag110,CH3,CH3,True
dft_jobs,/pscratch/sd/j/jcho5/VASP/dft_jobs/CH3_Ag111,CH3,CH3,True
dft_jobs,/pscratch/sd/j/jcho5/VASP/dft_jobs/CH3_Au100,CH3,CH3,True
dft_jobs,/pscratch/sd/j/jcho5/VASP/dft_jobs/CH3_Au110,CH3,CH3,True
dft_jobs,/pscratch/sd/j/jcho5/VASP/dft_jobs/CH3_Au111,CH3,CH3,True
dft_jobs,/pscratch/sd/j/jcho5/VASP/dft_jobs/CH3_Cu100,CH3,CH3,True
dft_jobs,/pscratch/sd/j/jcho5/VASP/dft_jobs/CH3_Cu110,CH3,CH3,True
dft_jobs,/pscratch/sd/j/jcho5/VASP/dft_jobs/CH3_Cu111,CH3,CH3,True
dft_jobs,/pscratch/sd/j/jcho5/VASP/dft_jobs/CH3_Ir100,CH3,CH3,True
dft_jobs,/pscratch/sd/j/jcho5/VASP/dft_jobs/CH3_Ir110,CH3,CH3,True
dft_jobs,/pscratch/sd/j/jcho5/VASP/dft_jobs/CH3_Ir111,CH3,CH3,True
dft_jobs,/pscratch/sd/j/jcho5/VASP/dft_jobs/CH3_Pd100,CH3,CH3,True
dft_jobs,/pscratch/sd/j/jcho5/VASP/dft_jobs/CH3_Pd110,CH3,CH3,True
dft_jobs,/pscratch/sd/j/jcho5/VASP/dft_jobs/CH3_Pd111,CH3,CH3,True
dft_jobs,/pscratch/sd/j/jcho5/VASP/dft_jobs/CH3_Pt100,CH3,CH3,True
dft_jobs,/pscratch/sd/j/jcho5/VASP/dft_jobs/CH3_Pt110,CH3,CH3,True
dft_jobs,/pscratch/sd/j/jcho5/VASP/dft_jobs/CH3_Pt111_top,CH3,CH3,True
dft_jobs,/pscratch/sd/j/jcho5/VASP/dft_jobs/CH3_Rh100,CH3,CH3,True
dft_jobs,/pscratch/sd/j/jcho5/VASP/dft_jobs/CH3_Rh110,CH3,CH3,True
dft_jobs,/pscratch/sd/j/jcho5/VASP/dft_jobs/CH3_Rh111,CH3,CH3,True
dft_jobs,/pscratch/sd/j/jcho5/VASP/dft_jobs/CH4_Ag100,CH4,methane,True
dft_jobs,/pscratch/sd/j/jcho5/VASP/dft_jobs/CH4_Ag110,CH4,methane,True
dft_jobs,/pscratch/sd/j/jcho5/VASP/dft_jobs/CH4_Ag111,CH4,methane,True
dft_jobs,/pscratch/sd/j/jcho5/VASP/dft_jobs/CH4_Au100,CH4,methane,True
dft_jobs,/pscratch/sd/j/jcho5/VASP/dft_jobs/CH4_Au110,CH4,methane,True
dft_jobs,/pscratch/sd/j/jcho5/VASP/dft_jobs/CH4_Au111,CH4,methane,True
dft_jobs,/pscratch/sd/j/jcho5/VASP/dft_jobs/CH4_Cu100,CH4,methane,True
dft_jobs,/pscratch/sd/j/jcho5/VASP/dft_jobs/CH4_Cu110,CH4,methane,True
dft_jobs,/pscratch/sd/j/jcho5/VASP/dft_jobs/CH4_Cu111,CH4,methane,True
dft_jobs,/pscratch/sd/j/jcho5/VASP/dft_jobs/CH4_Ir100,CH4,methane,True
dft_jobs,/pscratch/sd/j/jcho5/VASP/dft_jobs/CH4_Ir110,CH4,methane,True
dft_jobs,/pscratch/sd/j/jcho5/VASP/dft_jobs/CH4_Ir111,CH4,methane,True
dft_jobs,/pscratch/sd/j/jcho5/VASP/dft_jobs/CH4_Pd100,CH4,methane,True
dft_jobs,/pscratch/sd/j/jcho5/VASP/dft_jobs/CH4_Pd110,CH4,methane,True
dft_jobs,/pscratch/sd/j/jcho5/VASP/dft_jobs/CH4_Pd111,CH4,methane,True
dft_jobs,/pscratch/sd/j/jcho5/VASP/dft_jobs/CH4_Pt100,CH4,methane,True
dft_jobs,/pscratch/sd/j/jcho5/VASP/dft_jobs/CH4_Pt110,CH4,methane,True
dft_jobs,/pscratch/sd/j/jcho5/VASP/dft_jobs/CH4_Pt111_top,CH4,methane,True
dft_jobs,/pscratch/sd/j/jcho5/VASP/dft_jobs/CH4_Rh100,CH4,methane,True
dft_jobs,/pscratch/sd/j/jcho5/VASP/dft_jobs/CH4_Rh110,CH4,methane,True
dft_jobs,/pscratch/sd/j/jcho5/VASP/dft_jobs/CH4_Rh111,CH4,methane,True
dft_jobs,/pscratch/sd/j/jcho5/VASP/dft_jobs/CO2_Ag100,CO2,CO2,True
dft_jobs,/pscratch/sd/j/jcho5/VASP/dft_jobs/CO2_Ag110,CO2,CO2,True
dft_jobs,/pscratch/sd/j/jcho5/VASP/dft_jobs/CO2_Ag111,CO2,CO2,True
dft_jobs,/pscratch/sd/j/jcho5/VASP/dft_jobs/CO2_Au100,CO2,CO2,True
dft_jobs,/pscratch/sd/j/jcho5/VASP/dft_jobs/CO2_Au110,CO2,CO2,True
dft_jobs,/pscratch/sd/j/jcho5/VASP/dft_jobs/CO2_Au111,CO2,CO2,True
dft_jobs,/pscratch/sd/j/jcho5/VASP/dft_jobs/CO2_Cu100,CO2,CO2,True
dft_jobs,/pscratch/sd/j/jcho5/VASP/dft_jobs/CO2_Cu110,CO2,CO2,True
dft_jobs,/pscratch/sd/j/jcho5/VASP/dft_jobs/CO2_Cu111_top,CO2,CO2,True
dft_jobs,/pscratch/sd/j/jcho5/VASP/dft_jobs/CO2_Ir100,CO2,CO2,True
dft_jobs,/pscratch/sd/j/jcho5/VASP/dft_jobs/CO2_Ir110,CO2,CO2,True
dft_jobs,/pscratch/sd/j/jcho5/VASP/dft_jobs/CO2_Ir111,CO2,CO2,True
dft_jobs,/pscratch/sd/j/jcho5/VASP/dft_jobs/CO2_Pd100,CO2,CO2,True
dft_jobs,/pscratch/sd/j/jcho5/VASP/dft_jobs/CO2_Pd110,CO2,CO2,True
dft_jobs,/pscratch/sd/j/jcho5/VASP/dft_jobs/CO2_Pd111,CO2,CO2,True
dft_jobs,/pscratch/sd/j/jcho5/VASP/dft_jobs/CO2_Pt100,CO2,CO2,True
dft_jobs,/pscratch/sd/j/jcho5/VASP/dft_jobs/CO2_Pt110,CO2,CO2,True
dft_jobs,/pscratch/sd/j/jcho5/VASP/dft_jobs/CO2_Pt111,CO2,CO2,True
dft_jobs,/pscratch/sd/j/jcho5/VASP/dft_jobs/CO2_Rh100,CO2,CO2,True
dft_jobs,/pscratch/sd/j/jcho5/VASP/dft_jobs/CO2_Rh110,CO2,CO2,True
dft_jobs,/pscratch/sd/j/jcho5/VASP/dft_jobs/CO2_Rh111,CO2,CO2,True
dft_jobs,/pscratch/sd/j/jcho5/VASP/dft_jobs/CO_Ag100,CO,CO,True
dft_jobs,/pscratch/sd/j/jcho5/VASP/dft_jobs/CO_Ag110,CO,CO,True
dft_jobs,/pscratch/sd/j/jcho5/VASP/dft_jobs/CO_Ag111,CO,CO,True
dft_jobs,/pscratch/sd/j/jcho5/VASP/dft_jobs/CO_Au100,CO,CO,True
dft_jobs,/pscratch/sd/j/jcho5/VASP/dft_jobs/CO_Au110,CO,CO,True
dft_jobs,/pscratch/sd/j/jcho5/VASP/dft_jobs/CO_Au111,CO,CO,True
dft_jobs,/pscratch/sd/j/jcho5/VASP/dft_jobs/CO_Cu100,CO,CO,True
dft_jobs,/pscratch/sd/j/jcho5/VASP/dft_jobs/CO_Cu110,CO,CO,True
dft_jobs,/pscratch/sd/j/jcho5/VASP/dft_jobs/CO_Cu111_atop,CO,CO,True
dft_jobs,/pscratch/sd/j/jcho5/VASP/dft_jobs/CO_Ir100,CO,CO,True
dft_jobs,/pscratch/sd/j/jcho5/VASP/dft_jobs/CO_Ir110,CO,CO,True
dft_jobs,/pscratch/sd/j/jcho5/VASP/dft_jobs/CO_Ir111,CO,CO,True
dft_jobs,/pscratch/sd/j/jcho5/VASP/dft_jobs/CO_Pd100,CO,CO,True
dft_jobs,/pscratch/sd/j/jcho5/VASP/dft_jobs/CO_Pd110,CO,CO,True
dft_jobs,/pscratch/sd/j/jcho5/VASP/dft_jobs/CO_Pd111_fcc,CO,CO,True
dft_jobs,/pscratch/sd/j/jcho5/VASP/dft_jobs/CO_Pt100,CO,CO,True
dft_jobs,/pscratch/sd/j/jcho5/VASP/dft_jobs/CO_Pt110,CO,CO,True
dft_jobs,/pscratch/sd/j/jcho5/VASP/dft_jobs/CO_Pt111_atop,CO,CO,True
dft_jobs,/pscratch/sd/j/jcho5/VASP/dft_jobs/CO_Rh100,CO,CO,True
dft_jobs,/pscratch/sd/j/jcho5/VASP/dft_jobs/CO_Rh110,CO,CO,True
dft_jobs,/pscratch/sd/j/jcho5/VASP/dft_jobs/CO_Rh111,CO,CO,True
dft_jobs,/pscratch/sd/j/jcho5/VASP/dft_jobs/DME_Pt111_top,DME,DME,True
dft_jobs,/pscratch/sd/j/jcho5/VASP/dft_jobs/H2CO_Ag100,H2CO,formaldehyde,True
dft_jobs,/pscratch/sd/j/jcho5/VASP/dft_jobs/H2CO_Ag110,H2CO,formaldehyde,True
dft_jobs,/pscratch/sd/j/jcho5/VASP/dft_jobs/H2CO_Ag111,H2CO,formaldehyde,True
dft_jobs,/pscratch/sd/j/jcho5/VASP/dft_jobs/H2CO_Au100,H2CO,formaldehyde,True
dft_jobs,/pscratch/sd/j/jcho5/VASP/dft_jobs/H2CO_Au110,H2CO,formaldehyde,True
dft_jobs,/pscratch/sd/j/jcho5/VASP/dft_jobs/H2CO_Au111,H2CO,formaldehyde,True
dft_jobs,/pscratch/sd/j/jcho5/VASP/dft_jobs/H2CO_Cu100,H2CO,formaldehyde,True
dft_jobs,/pscratch/sd/j/jcho5/VASP/dft_jobs/H2CO_Cu110,H2CO,formaldehyde,True
dft_jobs,/pscratch/sd/j/jcho5/VASP/dft_jobs/H2CO_Cu111,H2CO,formaldehyde,True
dft_jobs,/pscratch/sd/j/jcho5/VASP/dft_jobs/H2CO_Ir100,H2CO,formaldehyde,True
dft_jobs,/pscratch/sd/j/jcho5/VASP/dft_jobs/H2CO_Ir110,H2CO,formaldehyde,True
dft_jobs,/pscratch/sd/j/jcho5/VASP/dft_jobs/H2CO_Ir111,H2CO,formaldehyde,True
dft_jobs,/pscratch/sd/j/jcho5/VASP/dft_jobs/H2CO_Pd100,H2CO,formaldehyde,True
dft_jobs,/pscratch/sd/j/jcho5/VASP/dft_jobs/H2CO_Pd110,H2CO,formaldehyde,True
dft_jobs,/pscratch/sd/j/jcho5/VASP/dft_jobs/H2CO_Pd111,H2CO,formaldehyde,True
dft_jobs,/pscratch/sd/j/jcho5/VASP/dft_jobs/H2CO_Pt100,H2CO,formaldehyde,True
dft_jobs,/pscratch/sd/j/jcho5/VASP/dft_jobs/H2CO_Pt110,H2CO,formaldehyde,True
dft_jobs,/pscratch/sd/j/jcho5/VASP/dft_jobs/H2CO_Pt111_top,H2CO,formaldehyde,True
dft_jobs,/pscratch/sd/j/jcho5/VASP/dft_jobs/H2CO_Rh100,H2CO,formaldehyde,True
dft_jobs,/pscratch/sd/j/jcho5/VASP/dft_jobs/H2CO_Rh110,H2CO,formaldehyde,True
dft_jobs,/pscratch/sd/j/jcho5/VASP/dft_jobs/H2CO_Rh111,H2CO,formaldehyde,True
dft_jobs,/pscratch/sd/j/jcho5/VASP/dft_jobs/H2O_Ag100,H2O,H2O,True
dft_jobs,/pscratch/sd/j/jcho5/VASP/dft_jobs/H2O_Ag110,H2O,H2O,True
dft_jobs,/pscratch/sd/j/jcho5/VASP/dft_jobs/H2O_Ag111,H2O,H2O,True
dft_jobs,/pscratch/sd/j/jcho5/VASP/dft_jobs/H2O_Au100,H2O,H2O,True
dft_jobs,/pscratch/sd/j/jcho5/VASP/dft_jobs/H2O_Au110,H2O,H2O,True
dft_jobs,/pscratch/sd/j/jcho5/VASP/dft_jobs/H2O_Au111,H2O,H2O,True
dft_jobs,/pscratch/sd/j/jcho5/VASP/dft_jobs/H2O_Cu100,H2O,H2O,True
dft_jobs,/pscratch/sd/j/jcho5/VASP/dft_jobs/H2O_Cu110,H2O,H2O,True
dft_jobs,/pscratch/sd/j/jcho5/VASP/dft_jobs/H2O_Cu111,H2O,H2O,True
dft_jobs,/pscratch/sd/j/jcho5/VASP/dft_jobs/H2O_Ir100,H2O,H2O,True
dft_jobs,/pscratch/sd/j/jcho5/VASP/dft_jobs/H2O_Ir110,H2O,H2O,True
dft_jobs,/pscratch/sd/j/jcho5/VASP/dft_jobs/H2O_Ir111,H2O,H2O,True
dft_jobs,/pscratch/sd/j/jcho5/VASP/dft_jobs/H2O_Pd100,H2O,H2O,True
dft_jobs,/pscratch/sd/j/jcho5/VASP/dft_jobs/H2O_Pd110,H2O,H2O,True
dft_jobs,/pscratch/sd/j/jcho5/VASP/dft_jobs/H2O_Pd111,H2O,H2O,True
dft_jobs,/pscratch/sd/j/jcho5/VASP/dft_jobs/H2O_Pt100,H2O,H2O,True
dft_jobs,/pscratch/sd/j/jcho5/VASP/dft_jobs/H2O_Pt110,H2O,H2O,True
dft_jobs,/pscratch/sd/j/jcho5/VASP/dft_jobs/H2O_Pt111_top,H2O,H2O,True
dft_jobs,/pscratch/sd/j/jcho5/VASP/dft_jobs/H2O_Rh100,H2O,H2O,True
dft_jobs,/pscratch/sd/j/jcho5/VASP/dft_jobs/H2O_Rh110,H2O,H2O,True
dft_jobs,/pscratch/sd/j/jcho5/VASP/dft_jobs/H2O_Rh111,H2O,H2O,True
dft_jobs,/pscratch/sd/j/jcho5/VASP/dft_jobs/H2S_Ag100,H2S,H2S,True
dft_jobs,/pscratch/sd/j/jcho5/VASP/dft_jobs/H2S_Ag110,H2S,H2S,True
dft_jobs,/pscratch/sd/j/jcho5/VASP/dft_jobs/H2S_Ag111,H2S,H2S,True
dft_jobs,/pscratch/sd/j/jcho5/VASP/dft_jobs/H2S_Au100,H2S,H2S,True
dft_jobs,/pscratch/sd/j/jcho5/VASP/dft_jobs/H2S_Au110,H2S,H2S,True
dft_jobs,/pscratch/sd/j/jcho5/VASP/dft_jobs/H2S_Au111,H2S,H2S,True
dft_jobs,/pscratch/sd/j/jcho5/VASP/dft_jobs/H2S_Cu100,H2S,H2S,True
dft_jobs,/pscratch/sd/j/jcho5/VASP/dft_jobs/H2S_Cu110,H2S,H2S,True
dft_jobs,/pscratch/sd/j/jcho5/VASP/dft_jobs/H2S_Cu111,H2S,H2S,True
dft_jobs,/pscratch/sd/j/jcho5/VASP/dft_jobs/H2S_Ir100,H2S,H2S,True
dft_jobs,/pscratch/sd/j/jcho5/VASP/dft_jobs/H2S_Ir110,H2S,H2S,True
dft_jobs,/pscratch/sd/j/jcho5/VASP/dft_jobs/H2S_Ir111,H2S,H2S,True
dft_jobs,/pscratch/sd/j/jcho5/VASP/dft_jobs/H2S_Pd100,H2S,H2S,True
dft_jobs,/pscratch/sd/j/jcho5/VASP/dft_jobs/H2S_Pd110,H2S,H2S,True
dft_jobs,/pscratch/sd/j/jcho5/VASP/dft_jobs/H2S_Pd111,H2S,H2S,True
dft_jobs,/pscratch/sd/j/jcho5/VASP/dft_jobs/H2S_Pt100,H2S,H2S,True
dft_jobs,/pscratch/sd/j/jcho5/VASP/dft_jobs/H2S_Pt110,H2S,H2S,True
dft_jobs,/pscratch/sd/j/jcho5/VASP/dft_jobs/H2S_Pt111_top,H2S,H2S,True
dft_jobs,/pscratch/sd/j/jcho5/VASP/dft_jobs/H2S_Rh100,H2S,H2S,True
dft_jobs,/pscratch/sd/j/jcho5/VASP/dft_jobs/H2S_Rh110,H2S,H2S,True
dft_jobs,/pscratch/sd/j/jcho5/VASP/dft_jobs/H2S_Rh111,H2S,H2S,True
dft_jobs,/pscratch/sd/j/jcho5/VASP/dft_jobs/HCN_Ag100,HCN,HCN,False
dft_jobs,/pscratch/sd/j/jcho5/VASP/dft_jobs/HCN_Ag110,HCN,HCN,False
dft_jobs,/pscratch/sd/j/jcho5/VASP/dft_jobs/HCN_Ag111,HCN,HCN,False
dft_jobs,/pscratch/sd/j/jcho5/VASP/dft_jobs/HCN_Au100,HCN,HCN,False
dft_jobs,/pscratch/sd/j/jcho5/VASP/dft_jobs/HCN_Au110,HCN,HCN,False
dft_jobs,/pscratch/sd/j/jcho5/VASP/dft_jobs/HCN_Au111,HCN,HCN,False
dft_jobs,/pscratch/sd/j/jcho5/VASP/dft_jobs/HCN_Ir100,HCN,HCN,False
dft_jobs,/pscratch/sd/j/jcho5/VASP/dft_jobs/HCN_Ir110,HCN,HCN,False
dft_jobs,/pscratch/sd/j/jcho5/VASP/dft_jobs/HCN_Ir111,HCN,HCN,False
dft_jobs,/pscratch/sd/j/jcho5/VASP/dft_jobs/HCN_Pt111_top,HCN,HCN,False
dft_jobs,/pscratch/sd/j/jcho5/VASP/dft_jobs/HCN_Rh100,HCN,HCN,False
dft_jobs,/pscratch/sd/j/jcho5/VASP/dft_jobs/HCN_Rh110,HCN,HCN,False
dft_jobs,/pscratch/sd/j/jcho5/VASP/dft_jobs/HCN_Rh111,HCN,HCN,False
dft_jobs,/pscratch/sd/j/jcho5/VASP/dft_jobs/HCOOH_Ag100,HCOOH,formic_acid,True
dft_jobs,/pscratch/sd/j/jcho5/VASP/dft_jobs/HCOOH_Ag110,HCOOH,formic_acid,True
dft_jobs,/pscratch/sd/j/jcho5/VASP/dft_jobs/HCOOH_Ag111,HCOOH,formic_acid,True
dft_jobs,/pscratch/sd/j/jcho5/VASP/dft_jobs/HCOOH_Au100,HCOOH,formic_acid,True
dft_jobs,/pscratch/sd/j/jcho5/VASP/dft_jobs/HCOOH_Au110,HCOOH,formic_acid,True
dft_jobs,/pscratch/sd/j/jcho5/VASP/dft_jobs/HCOOH_Au111,HCOOH,formic_acid,True
dft_jobs,/pscratch/sd/j/jcho5/VASP/dft_jobs/HCOOH_Cu100,HCOOH,formic_acid,True
dft_jobs,/pscratch/sd/j/jcho5/VASP/dft_jobs/HCOOH_Cu110,HCOOH,formic_acid,True
dft_jobs,/pscratch/sd/j/jcho5/VASP/dft_jobs/HCOOH_Cu111_top,HCOOH,formic_acid,True
dft_jobs,/pscratch/sd/j/jcho5/VASP/dft_jobs/HCOOH_Ir100,HCOOH,formic_acid,True
dft_jobs,/pscratch/sd/j/jcho5/VASP/dft_jobs/HCOOH_Ir110,HCOOH,formic_acid,True
dft_jobs,/pscratch/sd/j/jcho5/VASP/dft_jobs/HCOOH_Ir111,HCOOH,formic_acid,True
dft_jobs,/pscratch/sd/j/jcho5/VASP/dft_jobs/HCOOH_Pd100,HCOOH,formic_acid,True
dft_jobs,/pscratch/sd/j/jcho5/VASP/dft_jobs/HCOOH_Pd110,HCOOH,formic_acid,True
dft_jobs,/pscratch/sd/j/jcho5/VASP/dft_jobs/HCOOH_Pd111,HCOOH,formic_acid,True
dft_jobs,/pscratch/sd/j/jcho5/VASP/dft_jobs/HCOOH_Pt100,HCOOH,formic_acid,True
dft_jobs,/pscratch/sd/j/jcho5/VASP/dft_jobs/HCOOH_Pt110,HCOOH,formic_acid,True
dft_jobs,/pscratch/sd/j/jcho5/VASP/dft_jobs/HCOOH_Pt111,HCOOH,formic_acid,True
dft_jobs,/pscratch/sd/j/jcho5/VASP/dft_jobs/HCOOH_Rh100,HCOOH,formic_acid,True
dft_jobs,/pscratch/sd/j/jcho5/VASP/dft_jobs/HCOOH_Rh110,HCOOH,formic_acid,True
dft_jobs,/pscratch/sd/j/jcho5/VASP/dft_jobs/HCOOH_Rh111,HCOOH,formic_acid,True
dft_jobs,/pscratch/sd/j/jcho5/VASP/dft_jobs/H_Ag100,H,H,False
dft_jobs,/pscratch/sd/j/jcho5/VASP/dft_jobs/H_Ag110,H,H,False
dft_jobs,/pscratch/sd/j/jcho5/VASP/dft_jobs/H_Ag111,H,H,False
dft_jobs,/pscratch/sd/j/jcho5/VASP/dft_jobs/H_Au100,H,H,False
dft_jobs,/pscratch/sd/j/jcho5/VASP/dft_jobs/H_Au110,H,H,False
dft_jobs,/pscratch/sd/j/jcho5/VASP/dft_jobs/H_Au111,H,H,False
dft_jobs,/pscratch/sd/j/jcho5/VASP/dft_jobs/H_Ir100,H,H,False
dft_jobs,/pscratch/sd/j/jcho5/VASP/dft_jobs/H_Ir110,H,H,False
dft_jobs,/pscratch/sd/j/jcho5/VASP/dft_jobs/H_Ir111,H,H,False
dft_jobs,/pscratch/sd/j/jcho5/VASP/dft_jobs/H_Pt111_fcc,H,H,False
dft_jobs,/pscratch/sd/j/jcho5/VASP/dft_jobs/H_Rh100,H,H,False
dft_jobs,/pscratch/sd/j/jcho5/VASP/dft_jobs/H_Rh110,H,H,False
dft_jobs,/pscratch/sd/j/jcho5/VASP/dft_jobs/H_Rh111,H,H,False
dft_jobs,/pscratch/sd/j/jcho5/VASP/dft_jobs/N2_Ag100,N2,N2,True
dft_jobs,/pscratch/sd/j/jcho5/VASP/dft_jobs/N2_Ag110,N2,N2,True
dft_jobs,/pscratch/sd/j/jcho5/VASP/dft_jobs/N2_Ag111,N2,N2,True
dft_jobs,/pscratch/sd/j/jcho5/VASP/dft_jobs/N2_Au100,N2,N2,True
dft_jobs,/pscratch/sd/j/jcho5/VASP/dft_jobs/N2_Au110,N2,N2,True
dft_jobs,/pscratch/sd/j/jcho5/VASP/dft_jobs/N2_Au111,N2,N2,True
dft_jobs,/pscratch/sd/j/jcho5/VASP/dft_jobs/N2_Cu100,N2,N2,True
dft_jobs,/pscratch/sd/j/jcho5/VASP/dft_jobs/N2_Cu110,N2,N2,True
dft_jobs,/pscratch/sd/j/jcho5/VASP/dft_jobs/N2_Cu111,N2,N2,True
dft_jobs,/pscratch/sd/j/jcho5/VASP/dft_jobs/N2_Ir100,N2,N2,True
dft_jobs,/pscratch/sd/j/jcho5/VASP/dft_jobs/N2_Ir110,N2,N2,True
dft_jobs,/pscratch/sd/j/jcho5/VASP/dft_jobs/N2_Ir111,N2,N2,True
dft_jobs,/pscratch/sd/j/jcho5/VASP/dft_jobs/N2_Pd100,N2,N2,True
dft_jobs,/pscratch/sd/j/jcho5/VASP/dft_jobs/N2_Pd110,N2,N2,True
dft_jobs,/pscratch/sd/j/jcho5/VASP/dft_jobs/N2_Pd111,N2,N2,True
dft_jobs,/pscratch/sd/j/jcho5/VASP/dft_jobs/N2_Pt100,N2,N2,True
dft_jobs,/pscratch/sd/j/jcho5/VASP/dft_jobs/N2_Pt110,N2,N2,True
dft_jobs,/pscratch/sd/j/jcho5/VASP/dft_jobs/N2_Pt111_top,N2,N2,True
dft_jobs,/pscratch/sd/j/jcho5/VASP/dft_jobs/N2_Rh100,N2,N2,True
dft_jobs,/pscratch/sd/j/jcho5/VASP/dft_jobs/N2_Rh110,N2,N2,True
dft_jobs,/pscratch/sd/j/jcho5/VASP/dft_jobs/N2_Rh111,N2,N2,True
dft_jobs,/pscratch/sd/j/jcho5/VASP/dft_jobs/NH3_Ag100,NH3,NH3,True
dft_jobs,/pscratch/sd/j/jcho5/VASP/dft_jobs/NH3_Ag110,NH3,NH3,True
dft_jobs,/pscratch/sd/j/jcho5/VASP/dft_jobs/NH3_Ag111,NH3,NH3,True
dft_jobs,/pscratch/sd/j/jcho5/VASP/dft_jobs/NH3_Au100,NH3,NH3,True
dft_jobs,/pscratch/sd/j/jcho5/VASP/dft_jobs/NH3_Au110,NH3,NH3,True
dft_jobs,/pscratch/sd/j/jcho5/VASP/dft_jobs/NH3_Au111,NH3,NH3,True
dft_jobs,/pscratch/sd/j/jcho5/VASP/dft_jobs/NH3_Cu100,NH3,NH3,True
dft_jobs,/pscratch/sd/j/jcho5/VASP/dft_jobs/NH3_Cu110,NH3,NH3,True
dft_jobs,/pscratch/sd/j/jcho5/VASP/dft_jobs/NH3_Cu111,NH3,NH3,True
dft_jobs,/pscratch/sd/j/jcho5/VASP/dft_jobs/NH3_Ir100,NH3,NH3,True
dft_jobs,/pscratch/sd/j/jcho5/VASP/dft_jobs/NH3_Ir110,NH3,NH3,True
dft_jobs,/pscratch/sd/j/jcho5/VASP/dft_jobs/NH3_Ir111,NH3,NH3,True
dft_jobs,/pscratch/sd/j/jcho5/VASP/dft_jobs/NH3_Pd100,NH3,NH3,True
dft_jobs,/pscratch/sd/j/jcho5/VASP/dft_jobs/NH3_Pd110,NH3,NH3,True
dft_jobs,/pscratch/sd/j/jcho5/VASP/dft_jobs/NH3_Pd111,NH3,NH3,True
dft_jobs,/pscratch/sd/j/jcho5/VASP/dft_jobs/NH3_Pt100,NH3,NH3,True
dft_jobs,/pscratch/sd/j/jcho5/VASP/dft_jobs/NH3_Pt110,NH3,NH3,True
dft_jobs,/pscratch/sd/j/jcho5/VASP/dft_jobs/NH3_Pt111_top,NH3,NH3,True
dft_jobs,/pscratch/sd/j/jcho5/VASP/dft_jobs/NH3_Rh100,NH3,NH3,True
dft_jobs,/pscratch/sd/j/jcho5/VASP/dft_jobs/NH3_Rh110,NH3,NH3,True
dft_jobs,/pscratch/sd/j/jcho5/VASP/dft_jobs/NH3_Rh111,NH3,NH3,True
dft_jobs,/pscratch/sd/j/jcho5/VASP/dft_jobs/NO_Ag100,NO,NO,True
dft_jobs,/pscratch/sd/j/jcho5/VASP/dft_jobs/NO_Ag110,NO,NO,True
dft_jobs,/pscratch/sd/j/jcho5/VASP/dft_jobs/NO_Ag111,NO,NO,True
dft_jobs,/pscratch/sd/j/jcho5/VASP/dft_jobs/NO_Au100,NO,NO,True
dft_jobs,/pscratch/sd/j/jcho5/VASP/dft_jobs/NO_Au110,NO,NO,True
dft_jobs,/pscratch/sd/j/jcho5/VASP/dft_jobs/NO_Au111,NO,NO,True
dft_jobs,/pscratch/sd/j/jcho5/VASP/dft_jobs/NO_Cu100,NO,NO,True
dft_jobs,/pscratch/sd/j/jcho5/VASP/dft_jobs/NO_Cu110,NO,NO,True
dft_jobs,/pscratch/sd/j/jcho5/VASP/dft_jobs/NO_Cu111,NO,NO,True
dft_jobs,/pscratch/sd/j/jcho5/VASP/dft_jobs/NO_Ir100,NO,NO,True
dft_jobs,/pscratch/sd/j/jcho5/VASP/dft_jobs/NO_Ir110,NO,NO,True
dft_jobs,/pscratch/sd/j/jcho5/VASP/dft_jobs/NO_Ir111,NO,NO,True
dft_jobs,/pscratch/sd/j/jcho5/VASP/dft_jobs/NO_Pd100,NO,NO,True
dft_jobs,/pscratch/sd/j/jcho5/VASP/dft_jobs/NO_Pd110,NO,NO,True
dft_jobs,/pscratch/sd/j/jcho5/VASP/dft_jobs/NO_Pd111,NO,NO,True
dft_jobs,/pscratch/sd/j/jcho5/VASP/dft_jobs/NO_Pt100,NO,NO,True
dft_jobs,/pscratch/sd/j/jcho5/VASP/dft_jobs/NO_Pt110,NO,NO,True
dft_jobs,/pscratch/sd/j/jcho5/VASP/dft_jobs/NO_Pt111_fcc,NO,NO,True
dft_jobs,/pscratch/sd/j/jcho5/VASP/dft_jobs/NO_Rh100,NO,NO,True
dft_jobs,/pscratch/sd/j/jcho5/VASP/dft_jobs/NO_Rh110,NO,NO,True
dft_jobs,/pscratch/sd/j/jcho5/VASP/dft_jobs/NO_Rh111,NO,NO,True
dft_jobs,/pscratch/sd/j/jcho5/VASP/dft_jobs/OH_Ag100,OH,OH,False
dft_jobs,/pscratch/sd/j/jcho5/VASP/dft_jobs/OH_Ag110,OH,OH,False
dft_jobs,/pscratch/sd/j/jcho5/VASP/dft_jobs/OH_Ag111,OH,OH,False
dft_jobs,/pscratch/sd/j/jcho5/VASP/dft_jobs/OH_Au100,OH,OH,False
dft_jobs,/pscratch/sd/j/jcho5/VASP/dft_jobs/OH_Au110,OH,OH,False
dft_jobs,/pscratch/sd/j/jcho5/VASP/dft_jobs/OH_Au111,OH,OH,False
dft_jobs,/pscratch/sd/j/jcho5/VASP/dft_jobs/OH_Ir100,OH,OH,False
dft_jobs,/pscratch/sd/j/jcho5/VASP/dft_jobs/OH_Ir110,OH,OH,False
dft_jobs,/pscratch/sd/j/jcho5/VASP/dft_jobs/OH_Ir111,OH,OH,False
dft_jobs,/pscratch/sd/j/jcho5/VASP/dft_jobs/OH_Pt111_top,OH,OH,False
dft_jobs,/pscratch/sd/j/jcho5/VASP/dft_jobs/OH_Rh100,OH,OH,False
dft_jobs,/pscratch/sd/j/jcho5/VASP/dft_jobs/OH_Rh110,OH,OH,False
dft_jobs,/pscratch/sd/j/jcho5/VASP/dft_jobs/OH_Rh111,OH,OH,False
dft_jobs,/pscratch/sd/j/jcho5/VASP/dft_jobs/O_Ag100,O,O,False
dft_jobs,/pscratch/sd/j/jcho5/VASP/dft_jobs/O_Ag110,O,O,False
dft_jobs,/pscratch/sd/j/jcho5/VASP/dft_jobs/O_Ag111,O,O,False
dft_jobs,/pscratch/sd/j/jcho5/VASP/dft_jobs/O_Au100,O,O,False
dft_jobs,/pscratch/sd/j/jcho5/VASP/dft_jobs/O_Au110,O,O,False
dft_jobs,/pscratch/sd/j/jcho5/VASP/dft_jobs/O_Au111,O,O,False
dft_jobs,/pscratch/sd/j/jcho5/VASP/dft_jobs/O_Ir100,O,O,False
dft_jobs,/pscratch/sd/j/jcho5/VASP/dft_jobs/O_Ir110,O,O,False
dft_jobs,/pscratch/sd/j/jcho5/VASP/dft_jobs/O_Ir111,O,O,False
dft_jobs,/pscratch/sd/j/jcho5/VASP/dft_jobs/O_Pt111_fcc,O,O,False
dft_jobs,/pscratch/sd/j/jcho5/VASP/dft_jobs/O_Rh100,O,O,False
dft_jobs,/pscratch/sd/j/jcho5/VASP/dft_jobs/O_Rh110,O,O,False
dft_jobs,/pscratch/sd/j/jcho5/VASP/dft_jobs/O_Rh111,O,O,False
dft_jobs,/pscratch/sd/j/jcho5/VASP/dft_jobs/SO2_Ag100,SO2,SO2,True
dft_jobs,/pscratch/sd/j/jcho5/VASP/dft_jobs/SO2_Ag110,SO2,SO2,True
dft_jobs,/pscratch/sd/j/jcho5/VASP/dft_jobs/SO2_Ag111,SO2,SO2,True
dft_jobs,/pscratch/sd/j/jcho5/VASP/dft_jobs/SO2_Au100,SO2,SO2,True
dft_jobs,/pscratch/sd/j/jcho5/VASP/dft_jobs/SO2_Au110,SO2,SO2,True
dft_jobs,/pscratch/sd/j/jcho5/VASP/dft_jobs/SO2_Au111,SO2,SO2,True
dft_jobs,/pscratch/sd/j/jcho5/VASP/dft_jobs/SO2_Cu100,SO2,SO2,True
dft_jobs,/pscratch/sd/j/jcho5/VASP/dft_jobs/SO2_Cu110,SO2,SO2,True
dft_jobs,/pscratch/sd/j/jcho5/VASP/dft_jobs/SO2_Cu111,SO2,SO2,True
dft_jobs,/pscratch/sd/j/jcho5/VASP/dft_jobs/SO2_Ir100,SO2,SO2,True
dft_jobs,/pscratch/sd/j/jcho5/VASP/dft_jobs/SO2_Ir110,SO2,SO2,True
dft_jobs,/pscratch/sd/j/jcho5/VASP/dft_jobs/SO2_Ir111,SO2,SO2,True
dft_jobs,/pscratch/sd/j/jcho5/VASP/dft_jobs/SO2_Pd100,SO2,SO2,True
dft_jobs,/pscratch/sd/j/jcho5/VASP/dft_jobs/SO2_Pd110,SO2,SO2,True
dft_jobs,/pscratch/sd/j/jcho5/VASP/dft_jobs/SO2_Pd111,SO2,SO2,True
dft_jobs,/pscratch/sd/j/jcho5/VASP/dft_jobs/SO2_Pt100,SO2,SO2,True
dft_jobs,/pscratch/sd/j/jcho5/VASP/dft_jobs/SO2_Pt110,SO2,SO2,True
dft_jobs,/pscratch/sd/j/jcho5/VASP/dft_jobs/SO2_Pt111_top,SO2,SO2,True
dft_jobs,/pscratch/sd/j/jcho5/VASP/dft_jobs/SO2_Rh100,SO2,SO2,True
dft_jobs,/pscratch/sd/j/jcho5/VASP/dft_jobs/SO2_Rh110,SO2,SO2,True
dft_jobs,/pscratch/sd/j/jcho5/VASP/dft_jobs/SO2_Rh111,SO2,SO2,True
vasp_mol,"/pscratch/sd/j/jcho5/VASP/vasp_mol/1,6-anhydroglucofuranose","1,6-anhydroglucofuranose","1,6-anhydroglucofuranose",False
vasp_mol,/pscratch/sd/j/jcho5/VASP/vasp_mol/1-butanol,1-butanol,1-butanol,False
vasp_mol,/pscratch/sd/j/jcho5/VASP/vasp_mol/1-butene,1-butene,1-butene,False
vasp_mol,/pscratch/sd/j/jcho5/VASP/vasp_mol/1-pentene,1-pentene,1-pentene,False
vasp_mol,/pscratch/sd/j/jcho5/VASP/vasp_mol/2-butanol,2-butanol,2-butanol,False
vasp_mol,/pscratch/sd/j/jcho5/VASP/vasp_mol/2-butene,2-butene,2-butene,False
vasp_mol,/pscratch/sd/j/jcho5/VASP/vasp_mol/2-ethylphenol,2-ethylphenol,2-ethylphenol,False
vasp_mol,/pscratch/sd/j/jcho5/VASP/vasp_mol/2-furanone,2-furanone,2-furanone,False
vasp_mol,/pscratch/sd/j/jcho5/VASP/vasp_mol/2-heptanone,2-heptanone,2-heptanone,False
vasp_mol,/pscratch/sd/j/jcho5/VASP/vasp_mol/2-hexanone,2-hexanone,2-hexanone,False
vasp_mol,/pscratch/sd/j/jcho5/VASP/vasp_mol/2-pentanone,2-pentanone,2-pentanone,False
vasp_mol,/pscratch/sd/j/jcho5/VASP/vasp_mol/3-MTHF,3-MTHF,3-MTHF,False
vasp_mol,/pscratch/sd/j/jcho5/VASP/vasp_mol/3-hydroxypropionic_acid,3-hydroxypropionic_acid,3-hydroxypropionic_acid,False
vasp_mol,/pscratch/sd/j/jcho5/VASP/vasp_mol/4-methylguaiacol,4-methylguaiacol,4-methylguaiacol,False
vasp_mol,/pscratch/sd/j/jcho5/VASP/vasp_mol/5-HMF,5-HMF,5-HMF,False
vasp_mol,/pscratch/sd/j/jcho5/VASP/vasp_mol/5-heptanone,5-heptanone,5-heptanone,False
vasp_mol,/pscratch/sd/j/jcho5/VASP/vasp_mol/5-methylfurfural,5-methylfurfural,5-methylfurfural,False
vasp_mol,/pscratch/sd/j/jcho5/VASP/vasp_mol/C2H4,C2H4,ethene,True
vasp_mol,/pscratch/sd/j/jcho5/VASP/vasp_mol/C2H6,C2H6,ethane,True
vasp_mol,/pscratch/sd/j/jcho5/VASP/vasp_mol/CH3,CH3,CH3,True
vasp_mol,/pscratch/sd/j/jcho5/VASP/vasp_mol/CH3CH2OH,CH3CH2OH,ethanol,True
vasp_mol,/pscratch/sd/j/jcho5/VASP/vasp_mol/CH3CHO,CH3CHO,acetaldehyde,True
vasp_mol,/pscratch/sd/j/jcho5/VASP/vasp_mol/CH3COOH,CH3COOH,acetic_acid,True
vasp_mol,/pscratch/sd/j/jcho5/VASP/vasp_mol/CH3OCH3,CH3OCH3,DME,True
vasp_mol,/pscratch/sd/j/jcho5/VASP/vasp_mol/CH3OH,CH3OH,methanol,True
vasp_mol,/pscratch/sd/j/jcho5/VASP/vasp_mol/CH4,CH4,methane,True
vasp_mol,/pscratch/sd/j/jcho5/VASP/vasp_mol/CO,CO,CO,True
vasp_mol,/pscratch/sd/j/jcho5/VASP/vasp_mol/CO2,CO2,CO2,True
vasp_mol,/pscratch/sd/j/jcho5/VASP/vasp_mol/D-fructofuranose,D-fructofuranose,D-fructofuranose,False
vasp_mol,/pscratch/sd/j/jcho5/VASP/vasp_mol/D-xylopyranose,D-xylopyranose,D-xylopyranose,False
vasp_mol,/pscratch/sd/j/jcho5/VASP/vasp_mol/DME,DME,DME,True
vasp_mol,/pscratch/sd/j/jcho5/VASP/vasp_mol/DMSO,DMSO,DMSO,False
vasp_mol,/pscratch/sd/j/jcho5/VASP/vasp_mol/H2,H2,H2,True
vasp_mol,/pscratch/sd/j/jcho5/VASP/vasp_mol/H2CO,H2CO,formaldehyde,True
vasp_mol,/pscratch/sd/j/jcho5/VASP/vasp_mol/H2O,H2O,H2O,True
vasp_mol,/pscratch/sd/j/jcho5/VASP/vasp_mol/H2S,H2S,H2S,True
vasp_mol,/pscratch/sd/j/jcho5/VASP/vasp_mol/HCOOH,HCOOH,formic_acid,True
vasp_mol,/pscratch/sd/j/jcho5/VASP/vasp_mol/N2,N2,N2,True
vasp_mol,/pscratch/sd/j/jcho5/VASP/vasp_mol/NH3,NH3,NH3,True
vasp_mol,/pscratch/sd/j/jcho5/VASP/vasp_mol/NO,NO,NO,True
vasp_mol,/pscratch/sd/j/jcho5/VASP/vasp_mol/NO2,NO2,NO2,False
vasp_mol,/pscratch/sd/j/jcho5/VASP/vasp_mol/O2,O2,O2,True
vasp_mol,/pscratch/sd/j/jcho5/VASP/vasp_mol/SO2,SO2,SO2,True
vasp_mol,/pscratch/sd/j/jcho5/VASP/vasp_mol/THF,THF,THF,False
vasp_mol,/pscratch/sd/j/jcho5/VASP/vasp_mol/acetal,acetal,acetal,False
vasp_mol,/pscratch/sd/j/jcho5/VASP/vasp_mol/acetaldehyde,acetaldehyde,acetaldehyde,True
vasp_mol,/pscratch/sd/j/jcho5/VASP/vasp_mol/acetic_acid,acetic_acid,acetic_acid,True
vasp_mol,/pscratch/sd/j/jcho5/VASP/vasp_mol/acetone,acetone,acetone,False
vasp_mol,/pscratch/sd/j/jcho5/VASP/vasp_mol/acetophenone,acetophenone,acetophenone,False
vasp_mol,/pscratch/sd/j/jcho5/VASP/vasp_mol/alpha-D-glucopyranose,alpha-D-glucopyranose,alpha-D-glucopyranose,False
vasp_mol,/pscratch/sd/j/jcho5/VASP/vasp_mol/angelica_lactone,angelica_lactone,angelica_lactone,False
vasp_mol,/pscratch/sd/j/jcho5/VASP/vasp_mol/aniline,aniline,aniline,False
vasp_mol,/pscratch/sd/j/jcho5/VASP/vasp_mol/benzaldehyde,benzaldehyde,benzaldehyde,False
vasp_mol,/pscratch/sd/j/jcho5/VASP/vasp_mol/benzene,benzene,benzene,False
vasp_mol,/pscratch/sd/j/jcho5/VASP/vasp_mol/butadiene,butadiene,butadiene,False
vasp_mol,/pscratch/sd/j/jcho5/VASP/vasp_mol/butanal,butanal,butanal,False
vasp_mol,/pscratch/sd/j/jcho5/VASP/vasp_mol/butane,butane,butane,False
vasp_mol,/pscratch/sd/j/jcho5/VASP/vasp_mol/butyric_acid,butyric_acid,butyric_acid,False
vasp_mol,/pscratch/sd/j/jcho5/VASP/vasp_mol/caproic_acid,caproic_acid,caproic_acid,False
vasp_mol,/pscratch/sd/j/jcho5/VASP/vasp_mol/citric_acid,citric_acid,citric_acid,False
vasp_mol,/pscratch/sd/j/jcho5/VASP/vasp_mol/cyclobutanone,cyclobutanone,cyclobutanone,False
vasp_mol,/pscratch/sd/j/jcho5/VASP/vasp_mol/cyclohexanone,cyclohexanone,cyclohexanone,False
vasp_mol,/pscratch/sd/j/jcho5/VASP/vasp_mol/cyclopentanone,cyclopentanone,cyclopentanone,False
vasp_mol,/pscratch/sd/j/jcho5/VASP/vasp_mol/diethyl_ether,diethyl_ether,diethyl_ether,False
vasp_mol,/pscratch/sd/j/jcho5/VASP/vasp_mol/dimethyl_succinate,dimethyl_succinate,dimethyl_succinate,False
vasp_mol,/pscratch/sd/j/jcho5/VASP/vasp_mol/ethane,ethane,ethane,True
vasp_mol,/pscratch/sd/j/jcho5/VASP/vasp_mol/ethanol,ethanol,ethanol,True
vasp_mol,/pscratch/sd/j/jcho5/VASP/vasp_mol/ethene,ethene,ethene,True
vasp_mol,/pscratch/sd/j/jcho5/VASP/vasp_mol/ethyl_acetate,ethyl_acetate,ethyl_acetate,False
vasp_mol,/pscratch/sd/j/jcho5/VASP/vasp_mol/ethylene,ethylene,ethene,True
vasp_mol,/pscratch/sd/j/jcho5/VASP/vasp_mol/ethylene_glycol,ethylene_glycol,ethylene_glycol,False
vasp_mol,/pscratch/sd/j/jcho5/VASP/vasp_mol/eugenol,eugenol,eugenol,False
vasp_mol,/pscratch/sd/j/jcho5/VASP/vasp_mol/formaldehyde,formaldehyde,formaldehyde,True
vasp_mol,/pscratch/sd/j/jcho5/VASP/vasp_mol/formate,formate,formate,True
vasp_mol,/pscratch/sd/j/jcho5/VASP/vasp_mol/formic_acid,formic_acid,formic_acid,True
vasp_mol,/pscratch/sd/j/jcho5/VASP/vasp_mol/furan,furan,furan,False
vasp_mol,/pscratch/sd/j/jcho5/VASP/vasp_mol/furfural,furfural,furfural,False
vasp_mol,/pscratch/sd/j/jcho5/VASP/vasp_mol/furfuryl_alcohol,furfuryl_alcohol,furfuryl_alcohol,False
vasp_mol,/pscratch/sd/j/jcho5/VASP/vasp_mol/gamma_butyrolactone,gamma_butyrolactone,gamma_butyrolactone,False
vasp_mol,/pscratch/sd/j/jcho5/VASP/vasp_mol/gamma_valerolactone,gamma_valerolactone,gamma_valerolactone,False
vasp_mol,/pscratch/sd/j/jcho5/VASP/vasp_mol/gluconic_acid,gluconic_acid,gluconic_acid,False
vasp_mol,/pscratch/sd/j/jcho5/VASP/vasp_mol/glutaric_acid,glutaric_acid,glutaric_acid,False
vasp_mol,/pscratch/sd/j/jcho5/VASP/vasp_mol/glycerol,glycerol,glycerol,True
vasp_mol,/pscratch/sd/j/jcho5/VASP/vasp_mol/glycolic_acid,glycolic_acid,glycolic_acid,False
vasp_mol,/pscratch/sd/j/jcho5/VASP/vasp_mol/glyoxal,glyoxal,glyoxal,False
vasp_mol,/pscratch/sd/j/jcho5/VASP/vasp_mol/guaiacol,guaiacol,guaiacol,False
vasp_mol,/pscratch/sd/j/jcho5/VASP/vasp_mol/heptane,heptane,heptane,False
vasp_mol,/pscratch/sd/j/jcho5/VASP/vasp_mol/hexanal,hexanal,hexanal,False
vasp_mol,/pscratch/sd/j/jcho5/VASP/vasp_mol/hexane,hexane,hexane,False
vasp_mol,/pscratch/sd/j/jcho5/VASP/vasp_mol/hydroquinone,hydroquinone,hydroquinone,False
vasp_mol,/pscratch/sd/j/jcho5/VASP/vasp_mol/hydroxyacetaldehyde,hydroxyacetaldehyde,hydroxyacetaldehyde,False
vasp_mol,/pscratch/sd/j/jcho5/VASP/vasp_mol/isobutane,isobutane,isobutane,False
vasp_mol,/pscratch/sd/j/jcho5/VASP/vasp_mol/isobutene,isobutene,isobutene,False
vasp_mol,/pscratch/sd/j/jcho5/VASP/vasp_mol/isoeugenol,isoeugenol,isoeugenol,False
vasp_mol,/pscratch/sd/j/jcho5/VASP/vasp_mol/isopentane,isopentane,isopentane,False
vasp_mol,/pscratch/sd/j/jcho5/VASP/vasp_mol/isoprene,isoprene,isoprene,False
vasp_mol,/pscratch/sd/j/jcho5/VASP/vasp_mol/isopropanol,isopropanol,isopropanol,True
vasp_mol,/pscratch/sd/j/jcho5/VASP/vasp_mol/itaconic_acid,itaconic_acid,itaconic_acid,False
vasp_mol,/pscratch/sd/j/jcho5/VASP/vasp_mol/lactic_acid,lactic_acid,lactic_acid,False
vasp_mol,/pscratch/sd/j/jcho5/VASP/vasp_mol/levoglucosan,levoglucosan,levoglucosan,False
vasp_mol,/pscratch/sd/j/jcho5/VASP/vasp_mol/levulinic_acid,levulinic_acid,levulinic_acid,False
vasp_mol,/pscratch/sd/j/jcho5/VASP/vasp_mol/malic_acid,malic_acid,malic_acid,False
vasp_mol,/pscratch/sd/j/jcho5/VASP/vasp_mol/malonic_acid,malonic_acid,malonic_acid,False
vasp_mol,/pscratch/sd/j/jcho5/VASP/vasp_mol/methane,methane,methane,True
vasp_mol,/pscratch/sd/j/jcho5/VASP/vasp_mol/methanol,methanol,methanol,True
vasp_mol,/pscratch/sd/j/jcho5/VASP/vasp_mol/methyl_formate,methyl_formate,methyl_formate,False
vasp_mol,/pscratch/sd/j/jcho5/VASP/vasp_mol/methylcyclopentenolone,methylcyclopentenolone,methylcyclopentenolone,False
vasp_mol,/pscratch/sd/j/jcho5/VASP/vasp_mol/methylethylketone,methylethylketone,methylethylketone,False
vasp_mol,/pscratch/sd/j/jcho5/VASP/vasp_mol/methylmethacrylate,methylmethacrylate,methylmethacrylate,False
vasp_mol,/pscratch/sd/j/jcho5/VASP/vasp_mol/muconic_acid,muconic_acid,muconic_acid,False
vasp_mol,/pscratch/sd/j/jcho5/VASP/vasp_mol/naphthalene,naphthalene,naphthalene,False
vasp_mol,/pscratch/sd/j/jcho5/VASP/vasp_mol/octane,octane,octane,False
vasp_mol,/pscratch/sd/j/jcho5/VASP/vasp_mol/oxalic_acid,oxalic_acid,oxalic_acid,False
vasp_mol,/pscratch/sd/j/jcho5/VASP/vasp_mol/pentane,pentane,pentane,False
vasp_mol,/pscratch/sd/j/jcho5/VASP/vasp_mol/pentanol,pentanol,pentanol,False
vasp_mol,/pscratch/sd/j/jcho5/VASP/vasp_mol/phenol,phenol,phenol,False
vasp_mol,/pscratch/sd/j/jcho5/VASP/vasp_mol/propanal,propanal,propanal,False
vasp_mol,/pscratch/sd/j/jcho5/VASP/vasp_mol/propane,propane,propane,True
vasp_mol,/pscratch/sd/j/jcho5/VASP/vasp_mol/propanol,propanol,propanol,True
vasp_mol,/pscratch/sd/j/jcho5/VASP/vasp_mol/propene,propene,propene,True
vasp_mol,/pscratch/sd/j/jcho5/VASP/vasp_mol/propionic_acid,propionic_acid,propionic_acid,False
vasp_mol,/pscratch/sd/j/jcho5/VASP/vasp_mol/propyl_syringol,propyl_syringol,propyl_syringol,False
vasp_mol,/pscratch/sd/j/jcho5/VASP/vasp_mol/pyrrole,pyrrole,pyrrole,False
vasp_mol,/pscratch/sd/j/jcho5/VASP/vasp_mol/pyruvic_acid,pyruvic_acid,pyruvic_acid,False
vasp_mol,/pscratch/sd/j/jcho5/VASP/vasp_mol/sorbitol,sorbitol,sorbitol,False
vasp_mol,/pscratch/sd/j/jcho5/VASP/vasp_mol/styrene,styrene,styrene,False
vasp_mol,/pscratch/sd/j/jcho5/VASP/vasp_mol/succinic_acid,succinic_acid,succinic_acid,False
vasp_mol,/pscratch/sd/j/jcho5/VASP/vasp_mol/syringaldehyde,syringaldehyde,syringaldehyde,False
vasp_mol,/pscratch/sd/j/jcho5/VASP/vasp_mol/syringol,syringol,syringol,False
vasp_mol,/pscratch/sd/j/jcho5/VASP/vasp_mol/tartaric_acid,tartaric_acid,tartaric_acid,False
vasp_mol,/pscratch/sd/j/jcho5/VASP/vasp_mol/thiophene,thiophene,thiophene,False
vasp_mol,/pscratch/sd/j/jcho5/VASP/vasp_mol/toluene,toluene,toluene,False
vasp_mol,/pscratch/sd/j/jcho5/VASP/vasp_mol/valeraldehyde,valeraldehyde,valeraldehyde,False
vasp_mol,/pscratch/sd/j/jcho5/VASP/vasp_mol/valeric_acid,valeric_acid,valeric_acid,False
vasp_mol,/pscratch/sd/j/jcho5/VASP/vasp_mol/vanillin,vanillin,vanillin,False
vasp_mol,/pscratch/sd/j/jcho5/VASP/vasp_mol/xylene,xylene,xylene,False
vasp_mol,/pscratch/sd/j/jcho5/VASP/vasp_mol/xylitol,xylitol,xylitol,False
